timestamp,open,high,low,close,volume,sma50,sma50_slope_5d,sma100,sma100_slope_5d,sma200,sma200_slope_5d,sma300,sma300_slope_5d,ma_state
2022-11-29 00:00:00+00:00,776794278208.0,800099012487.0,769680662062.0,789456132632.0,75110293188.79414,,,,,,,,,INSUFFICIENT_HISTORY
2022-11-30 00:00:00+00:00,790297937043.0,827602693324.0,787172235552.0,820825557013.0,91219732165.37932,,,,,,,,,INSUFFICIENT_HISTORY
2022-12-01 00:00:00+00:00,820604738430.0,826099288981.0,804092069439.0,810707015342.0,72521256927.23206,,,,,,,,,INSUFFICIENT_HISTORY
2022-12-02 00:00:00+00:00,809815553617.0,820354211570.0,799985298849.0,817815237005.0,63679045719.42146,,,,,,,,,INSUFFICIENT_HISTORY
2022-12-03 00:00:00+00:00,817019911694.0,822491450799.0,799779339012.0,802281351209.0,51500077899.4142,,,,,,,,,INSUFFICIENT_HISTORY
2022-12-04 00:00:00+00:00,803112480701.0,819353597677.0,800113127102.0,814573179432.0,52126893797.71118,,,,,,,,,INSUFFICIENT_HISTORY
2022-12-05 00:00:00+00:00,814327107267.0,830553913941.0,801200746364.0,808068601102.0,69834482401.25182,,,,,,,,,INSUFFICIENT_HISTORY
2022-12-06 00:00:00+00:00,808151378509.0,816191470410.0,800329323348.0,811410972589.0,60817288572.87093,,,,,,,,,INSUFFICIENT_HISTORY
2022-12-07 00:00:00+00:00,811520869152.0,815463527444.0,788351185614.0,796168218385.0,62474593727.56953,,,,,,,,,INSUFFICIENT_HISTORY
2022-12-08 00:00:00+00:00,796451701992.0,819192358704.0,791174133230.0,814462914023.0,62661992070.2446,,,,,,,,,INSUFFICIENT_HISTORY
2022-12-09 00:00:00+00:00,815613063831.0,822755480780.0,805071259826.0,809684237465.0,60188811097.548,,,,,,,,,INSUFFICIENT_HISTORY
2022-12-10 00:00:00+00:00,809763295958.0,819429252830.0,807092406559.0,810741720631.0,38646541455.16357,,,,,,,,,INSUFFICIENT_HISTORY
2022-12-11 00:00:00+00:00,810277622401.0,817701735589.0,803201878799.0,805672651667.0,41307274294.80222,,,,,,,,,INSUFFICIENT_HISTORY
2022-12-12 00:00:00+00:00,805081628694.0,812515523456.0,790231586989.0,807269294452.0,61108876702.08035,,,,,,,,,INSUFFICIENT_HISTORY
2022-12-13 00:00:00+00:00,808575760930.0,840981560726.0,795024686685.0,827212413212.0,88692659826.50461,,,,,,,,,INSUFFICIENT_HISTORY
2022-12-14 00:00:00+00:00,828271613828.0,848133526688.0,817892936673.0,824387763171.0,76837986803.18387,,,,,,,,,INSUFFICIENT_HISTORY
2022-12-15 00:00:00+00:00,823680437295.0,829140817769.0,800711802887.0,805517944618.0,61691054115.28042,,,,,,,,,INSUFFICIENT_HISTORY
2022-12-16 00:00:00+00:00,805099525295.0,812739151840.0,753128770219.0,760019084770.0,79001103035.95674,,,,,,,,,INSUFFICIENT_HISTORY
2022-12-17 00:00:00+00:00,760163906774.0,772211507023.0,753251617691.0,769615909682.0,51552138653.87384,,,,,,,,,INSUFFICIENT_HISTORY
2022-12-18 00:00:00+00:00,769371072001.0,775866370584.0,761907422936.0,768611952781.0,35150262088.14166,,,,,,,,,INSUFFICIENT_HISTORY
2022-12-19 00:00:00+00:00,768273875075.0,774271226849.0,744103432804.0,752587713428.0,53896770791.4963,,,,,,,,,INSUFFICIENT_HISTORY
2022-12-20 00:00:00+00:00,753023699402.0,781015025715.0,750290135788.0,773912028302.0,65383346164.84229,,,,,,,,,INSUFFICIENT_HISTORY
2022-12-21 00:00:00+00:00,773529118519.0,776372853025.0,763496155209.0,769180539737.0,45121832781.20868,,,,,,,,,INSUFFICIENT_HISTORY
2022-12-22 00:00:00+00:00,769355142904.0,776402587043.0,756376403189.0,770830468760.0,49937699472.22456,,,,,,,,,INSUFFICIENT_HISTORY
2022-12-23 00:00:00+00:00,771166733888.0,777629231277.0,766382950240.0,770041518133.0,45587409194.8864,,,,,,,,,INSUFFICIENT_HISTORY
2022-12-24 00:00:00+00:00,770482476326.0,774778001950.0,767701373975.0,771299629113.0,28344179589.430206,,,,,,,,,INSUFFICIENT_HISTORY
2022-12-25 00:00:00+00:00,771439260983.0,776296085566.0,762171545383.0,769935161734.0,36114576621.61392,,,,,,,,,INSUFFICIENT_HISTORY
2022-12-26 00:00:00+00:00,769970376907.0,777112435046.0,766189771611.0,774856705995.0,36047114060.47669,,,,,,,,,INSUFFICIENT_HISTORY
2022-12-27 00:00:00+00:00,775068487926.0,779461001389.0,759906519394.0,767508515745.0,46530849369.47507,,,,,,,,,INSUFFICIENT_HISTORY
2022-12-28 00:00:00+00:00,766996974033.0,770230591244.0,751310844119.0,756063293133.0,52564153781.04894,,,,,,,,,INSUFFICIENT_HISTORY
2022-12-29 00:00:00+00:00,755885320188.0,763422330286.0,749434360589.0,758267345718.0,45723022393.93455,,,,,,,,,INSUFFICIENT_HISTORY
2022-12-30 00:00:00+00:00,758341680724.0,761563487166.0,745800514187.0,757386994374.0,45726509768.30724,,,,,,,,,INSUFFICIENT_HISTORY
2022-12-31 00:00:00+00:00,757578341037.0,762827665624.0,752050700542.0,756149285783.0,41849400821.74378,,,,,,,,,INSUFFICIENT_HISTORY
2023-01-01 00:00:00+00:00,756244104676.0,761696417950.0,752469737250.0,759168248517.0,30775449830.57188,,,,,,,,,INSUFFICIENT_HISTORY
2023-01-02 00:00:00+00:00,759851683959.0,772717325931.0,752339446882.0,765636647121.0,38405088879.7896,,,,,,,,,INSUFFICIENT_HISTORY
2023-01-03 00:00:00+00:00,765379049757.0,771561768331.0,760111288249.0,766059468470.0,37628779013.58173,,,,,,,,,INSUFFICIENT_HISTORY
2023-01-04 00:00:00+00:00,765607265290.0,787827455490.0,763880945235.0,780530570159.0,55841684232.29222,,,,,,,,,INSUFFICIENT_HISTORY
2023-01-05 00:00:00+00:00,780427265929.0,783693823706.0,772194855540.0,777135572458.0,52397551115.18039,,,,,,,,,INSUFFICIENT_HISTORY
2023-01-06 00:00:00+00:00,776804847314.0,788921698547.0,767482756225.0,785043891962.0,46848181715.80325,,,,,,,,,INSUFFICIENT_HISTORY
2023-01-07 00:00:00+00:00,784957006658.0,788610467055.0,780508994480.0,783950773526.0,44525497726.26067,,,,,,,,,INSUFFICIENT_HISTORY
2023-01-08 00:00:00+00:00,784611708126.0,801964745588.0,780540260017.0,797791807032.0,27783534015.82002,,,,,,,,,INSUFFICIENT_HISTORY
2023-01-09 00:00:00+00:00,798740601480.0,822823186836.0,795452754088.0,806505162223.0,65817623652.71282,,,,,,,,,INSUFFICIENT_HISTORY
2023-01-10 00:00:00+00:00,807327320360.0,821921665430.0,801715965455.0,816156282125.0,65309655881.11844,,,,,,,,,INSUFFICIENT_HISTORY
2023-01-11 00:00:00+00:00,816227198076.0,842457128224.0,806365124511.0,837987972545.0,56654094517.10752,,,,,,,,,INSUFFICIENT_HISTORY
2023-01-12 00:00:00+00:00,838917500948.0,874336154709.0,828148656982.0,863558305551.0,83519877179.06612,,,,,,,,,INSUFFICIENT_HISTORY
2023-01-13 00:00:00+00:00,864227466521.0,902728990903.0,855575240822.0,896837209080.0,99333570034.99219,,,,,,,,,INSUFFICIENT_HISTORY
2023-01-14 00:00:00+00:00,897534156045.0,965173057547.0,892540693455.0,939630436398.0,153996879192.19873,,,,,,,,,INSUFFICIENT_HISTORY
2023-01-15 00:00:00+00:00,940778510521.0,949688370954.0,919202396784.0,938638692326.0,80997310805.64723,,,,,,,,,INSUFFICIENT_HISTORY
2023-01-16 00:00:00+00:00,938301039014.0,965840140369.0,921394866098.0,946509725696.0,86920282908.6722,,,,,,,,,INSUFFICIENT_HISTORY
2023-01-17 00:00:00+00:00,945844917077.0,966079331825.0,930219512055.0,943595328924.0,78146241344.44101,804545148904.98,,,,,,,,INSUFFICIENT_HISTORY
2023-01-18 00:00:00+00:00,942697478546.0,966616677658.0,905045734241.0,917259248608.0,79085828536.32945,807101211224.5,,,,,,,,INSUFFICIENT_HISTORY
2023-01-19 00:00:00+00:00,916912427493.0,942284147005.0,913697021947.0,936068266302.0,101314269744.18402,809406065410.28,,,,,,,,INSUFFICIENT_HISTORY
2023-01-20 00:00:00+00:00,935704514316.0,1000397146804.0,925986521827.0,995109591840.0,66950901658.12792,813094116940.24,,,,,,,,INSUFFICIENT_HISTORY
2023-01-21 00:00:00+00:00,994793756352.0,1018089686094.0,978072369140.0,989137790112.0,117581356071.34952,816520568002.38,,,,,,,,INSUFFICIENT_HISTORY
2023-01-22 00:00:00+00:00,989652831284.0,1012391611773.0,974009027155.0,991332011552.0,82635985921.27637,820301581209.24,0.019584273580799172,,,,,,,INSUFFICIENT_HISTORY
2023-01-23 00:00:00+00:00,992398840926.0,1014313749192.0,979684876150.0,1000362207880.0,89619637498.26935,824017361778.2,0.020959144055843426,,,,,,,INSUFFICIENT_HISTORY
2023-01-24 00:00:00+00:00,999773681220.0,1016351238634.0,966006710725.0,977057141779.0,93008164455.30437,827397132591.74,0.022227492417344896,,,,,,,INSUFFICIENT_HISTORY
2023-01-25 00:00:00+00:00,977292719382.0,1025607142617.0,960739786136.0,1001216452374.0,93469596548.4677,831193242187.44,0.022259569796555523,,,,,,,INSUFFICIENT_HISTORY
2023-01-26 00:00:00+00:00,1002361202031.0,1016508613041.0,988784425329.0,1001239411264.0,106492458811.06577,835294666045.02,0.022992804809033762,,,,,,,INSUFFICIENT_HISTORY
2023-01-27 00:00:00+00:00,1000314718627.0,1021536891292.0,978093143974.0,1006173754414.0,86703944295.44658,839128882852.84,0.02295168274068904,,,,,,,INSUFFICIENT_HISTORY
2023-01-28 00:00:00+00:00,1005487558548.0,1015699155573.0,989690219637.0,999374633910.0,79444906732.11826,842922690781.74,0.022942877032036124,,,,,,,INSUFFICIENT_HISTORY
2023-01-29 00:00:00+00:00,1000284162225.0,1040846278835.0,996218987481.0,1031327721029.0,71013993661.55873,847334410789.7,0.02409638299749539,,,,,,,INSUFFICIENT_HISTORY
2023-01-30 00:00:00+00:00,1031329328615.0,1036761226640.0,974880877705.0,991194151940.0,93587700387.9042,851044840795.16,0.023883253135548843,,,,,,,INSUFFICIENT_HISTORY
2023-01-31 00:00:00+00:00,991120785599.0,1015518951384.0,985373410447.0,1004665512585.0,81088244852.34511,854992765157.82,0.02358221584972786,,,,,,,INSUFFICIENT_HISTORY
2023-02-01 00:00:00+00:00,1004518742520.0,1036591309070.0,985062640818.0,1030500454551.0,76387610346.17003,859058525984.6,0.023750395843846972,,,,,,,INSUFFICIENT_HISTORY
2023-02-02 00:00:00+00:00,1031274843687.0,1062785292502.0,1018351934202.0,1026586374134.0,108487363257.07835,863102498203.86,0.02394028259389347,,,,,,,INSUFFICIENT_HISTORY
2023-02-03 00:00:00+00:00,1027874218484.0,1047201021021.0,1016171818660.0,1036277029579.0,102495583711.36807,867717679903.08,0.024055755146758617,,,,,,,INSUFFICIENT_HISTORY
2023-02-04 00:00:00+00:00,1035669114182.0,1051557065846.0,1025222607418.0,1035635328687.0,81777274067.47505,873230004781.42,0.026068149318115408,,,,,,,INSUFFICIENT_HISTORY
2023-02-05 00:00:00+00:00,1035592915361.0,1044211589675.0,1003585473279.0,1015778509028.0,64825947759.62248,878153256768.34,0.027088523499078754,,,,,,,INSUFFICIENT_HISTORY
2023-02-06 00:00:00+00:00,1015486300715.0,1031303266473.0,999300225027.0,1007364237510.0,82693229449.65762,882928302462.92,0.02778597238291991,,,,,,,INSUFFICIENT_HISTORY
2023-02-07 00:00:00+00:00,1007524522254.0,1042507678840.0,1004733614498.0,1036672508469.0,82916993705.18576,888609998363.74,0.029553268833031776,,,,,,,INSUFFICIENT_HISTORY
2023-02-08 00:00:00+00:00,1036802065115.0,1050533660496.0,1009143065337.0,1024672530992.0,98932476064.15346,893625208417.54,0.02985709420759286,,,,,,,INSUFFICIENT_HISTORY
2023-02-09 00:00:00+00:00,1025225654524.0,1032603189417.0,958262051410.0,969116838038.0,107344642395.5809,897623934383.56,0.027935285627577633,,,,,,,INSUFFICIENT_HISTORY
2023-02-10 00:00:00+00:00,968953511760.0,980831042511.0,950293250714.0,962329340560.0,113430641004.63712,901453911819.56,0.02653369997962307,,,,,,,INSUFFICIENT_HISTORY
2023-02-11 00:00:00+00:00,962302288845.0,978752993487.0,958126920238.0,974222920310.0,75805341227.67384,905537539863.1,0.025607104605336328,,,,,,,INSUFFICIENT_HISTORY
2023-02-12 00:00:00+00:00,974396783242.0,986833346361.0,958470852708.0,968047492284.0,53516415285.43951,909472497126.52,0.023477677272589315,,,,,,,INSUFFICIENT_HISTORY
2023-02-13 00:00:00+00:00,967098642436.0,975981846212.0,937852892295.0,960675149195.0,89619739378.09543,913287296875.74,0.02200261169111184,,,,,,,INSUFFICIENT_HISTORY
2023-02-14 00:00:00+00:00,961294714584.0,990230811797.0,949743043238.0,982654747543.0,75062020027.65256,917443257706.7,0.022079762541927783,,,,,,,INSUFFICIENT_HISTORY
2023-02-15 00:00:00+00:00,985606388530.0,1064391914541.0,977395210608.0,1061471412075.0,106200311360.74583,923322515633.3,0.02425925887835878,,,,,,,INSUFFICIENT_HISTORY
2023-02-16 00:00:00+00:00,1061866499837.0,1096004647223.0,1024070515868.0,1026256533298.0,121156068423.88187,928726380436.6,0.0256078180668311,,,,,,,INSUFFICIENT_HISTORY
2023-02-17 00:00:00+00:00,1027956974428.0,1084825517879.0,1021066683842.0,1067808301709.0,134596106091.1271,934917199556.42,0.027977429235400253,,,,,,,INSUFFICIENT_HISTORY
2023-02-18 00:00:00+00:00,1067794063670.0,1085297682502.0,1059746491335.0,1070406052671.0,116315813650.27061,941177580722.36,0.030538346413039763,,,,,,,INSUFFICIENT_HISTORY
2023-02-19 00:00:00+00:00,1071846827334.0,1098574874097.0,1054170939343.0,1063964234826.0,70179061799.92587,947333879703.22,0.03258034951527855,,,,,,,INSUFFICIENT_HISTORY
2023-02-20 00:00:00+00:00,1063519393856.0,1098352085549.0,1045327818972.0,1083320925474.0,118667947647.71684,953816933242.36,0.03302683200370571,,,,,,,INSUFFICIENT_HISTORY
2023-02-21 00:00:00+00:00,1085043535800.0,1100069138548.0,1048134876829.0,1064520783768.0,104747217753.48653,959794615975.3,0.033452517547843064,,,,,,,INSUFFICIENT_HISTORY
2023-02-22 00:00:00+00:00,1064181969812.0,1069659847956.0,1027714651222.0,1054997232513.0,107347337126.34097,965573371256.16,0.03279025320561546,,,,,,,INSUFFICIENT_HISTORY
2023-02-23 00:00:00+00:00,1056743074775.0,1074660202223.0,1036440117916.0,1049306767789.0,103622766538.4,970948895208.76,0.03163198433132064,,,,,,,INSUFFICIENT_HISTORY
2023-02-24 00:00:00+00:00,1050739240409.0,1059726177272.0,1002817018320.0,1020229589158.0,85847833835.76921,975810775542.76,0.030060041606937205,,,,,,,INSUFFICIENT_HISTORY
2023-02-25 00:00:00+00:00,1021311372328.0,1024897857227.0,996088777559.0,1016048084452.0,88457224241.86827,980430859392.56,0.027902551551197474,,,,,,,INSUFFICIENT_HISTORY
2023-02-26 00:00:00+00:00,1016299973970.0,1042281584683.0,1010719896564.0,1034755800158.0,56792891039.18661,985446959925.2,0.026726909614754657,,,,,,,INSUFFICIENT_HISTORY
2023-02-27 00:00:00+00:00,1035989506724.0,1050213946787.0,1014975232358.0,1031687433647.0,62095056718.89719,990124872457.5,0.02542686235164071,,,,,,,INSUFFICIENT_HISTORY
2023-02-28 00:00:00+00:00,1031042210952.0,1038707926783.0,1009005911706.0,1015399141593.0,78344496920.943,994302752044.9,0.024052611781507638,,,,,,,INSUFFICIENT_HISTORY
2023-03-01 00:00:00+00:00,1016162396150.0,1056631883358.0,1010529717394.0,1040372304149.0,83339464499.71663,998787072485.38,0.0235458528625494,,,,,,,INSUFFICIENT_HISTORY
2023-03-02 00:00:00+00:00,1040963904153.0,1051130883488.0,1015572496000.0,1031666742418.0,75660286787.7199,1002660647882.84,0.022673489188266283,,,,,,,INSUFFICIENT_HISTORY
2023-03-03 00:00:00+00:00,1031155244611.0,1033494571357.0,969745700282.0,990260853022.0,93300107185.41844,1005194698832.26,0.020039372701052383,,,,,,,INSUFFICIENT_HISTORY
2023-03-04 00:00:00+00:00,991551300567.0,1000893487913.0,974231062641.0,985078989622.0,56301480380.86642,1006959534443.1,0.01700256447837356,,,,,,,INSUFFICIENT_HISTORY
2023-03-05 00:00:00+00:00,986873090744.0,1003633164748.0,978688933659.0,989094116329.0,50747805538.96695,1007948808041.72,0.013724246431738418,,,,,,,INSUFFICIENT_HISTORY
2023-03-06 00:00:00+00:00,988562464031.0,997730946881.0,976235570374.0,988416827954.0,52336309441.91587,1008944370754.28,0.010169633296939429,,,,,,,INSUFFICIENT_HISTORY
2023-03-07 00:00:00+00:00,989063654943.0,998542797026.0,965984737073.0,980911988969.0,57688527594.03856,1009632416019.74,0.006953267939278529,,,,,,,INSUFFICIENT_HISTORY
2023-03-08 00:00:00+00:00,981718644126.0,988209210084.0,950688006653.0,958114584605.0,80322393730.11086,1009922801133.36,0.0047036681615935105,907233975019.17,,,,,,INSUFFICIENT_HISTORY
2023-03-09 00:00:00+00:00,958097600375.0,970932192667.0,890827437135.0,909790243036.0,76091728752.08676,1009773421021.92,0.002794438587223169,908437316123.21,,,,,,INSUFFICIENT_HISTORY
2023-03-10 00:00:00+00:00,909588879167.0,917583126960.0,873246214296.0,908574244186.0,134220599083.59361,1009223540579.6,0.0012646798405928639,909314802994.94,,,,,,INSUFFICIENT_HISTORY
2023-03-11 00:00:00+00:00,907091157315.0,948397194999.0,883203849251.0,923957983363.0,170847259280.0616,1007800508410.06,-0.001133721915079211,910447312675.15,,,,,,INSUFFICIENT_HISTORY
2023-03-12 00:00:00+00:00,924626733436.0,994199714835.0,911265106925.0,983696371563.0,91168562972.72768,1007691680039.08,-0.0019222203545236072,912106124020.73,,,,,,INSUFFICIENT_HISTORY
2023-03-13 00:00:00+00:00,985047563600.0,1062416822272.0,967143387800.0,1041411560718.0,150767605183.2224,1008693271022.4,-0.0012174496006824853,914497426115.82,0.008006149787871841,,,,,INSUFFICIENT_HISTORY
2023-03-14 00:00:00+00:00,1041362229816.0,1119298139370.0,1030067058522.0,1062176703862.0,168175650468.7056,1009929560942.04,0.00015462866903548367,916973461360.12,0.009396515406630668,,,,,INSUFFICIENT_HISTORY
2023-03-15 00:00:00+00:00,1061713458365.0,1081493877780.0,1011134614155.0,1034531951228.0,169957315129.4136,1011079057131.02,0.001838558532190504,919238094861.38,0.010912933379899403,,,,,INSUFFICIENT_HISTORY
2023-03-16 00:00:00+00:00,1034394646459.0,1067125539906.0,1024279982868.0,1056774828086.0,137482647759.92175,1012190224645.26,0.004355739254513047,921691733416.35,0.012350435422957773,,,,,INSUFFICIENT_HISTORY
2023-03-17 00:00:00+00:00,1057628500291.0,1146470266543.0,1050006221035.0,1134125505979.0,132614540160.70668,1014847946539.56,0.007101642935270158,925071306292.29,0.014214554567846927,,,,,INSUFFICIENT_HISTORY
2023-03-18 00:00:00+00:00,1134983066693.0,1156485471327.0,1103332244973.0,1113623129504.0,134552382402.39497,1016996934041.36,0.008232099149966032,928062908447.1,0.014833811385229545,,,,,INSUFFICIENT_HISTORY
2023-03-19 00:00:00+00:00,1114259698238.0,1165838543519.0,1109057236879.0,1141599300992.0,98656770409.72327,1019841427383.0,0.009814413622782237,931382059082.37,0.015713211264454907,,,,,INSUFFICIENT_HISTORY
2023-03-20 00:00:00+00:00,1141146615188.0,1164532565308.0,1106499036768.0,1124377217070.0,141741991357.01617,1021702417303.82,0.010506953039798983,934518414046.76,0.016622808900978114,,,,,INSUFFICIENT_HISTORY
2023-03-21 00:00:00+00:00,1124915792135.0,1172639031334.0,1106897849277.0,1154024560845.0,116794398646.87183,1024959025481.92,0.0126150208980087,938001933138.54,0.017695937948509766,,,,,INSUFFICIENT_HISTORY
2023-03-22 00:00:00+00:00,1154133446075.0,1180056192271.0,1094721166491.0,1119838182806.0,106277099000.82492,1027262478886.34,0.012232898917627244,941127622022.08,0.017356841165189874,,,,,INSUFFICIENT_HISTORY
2023-03-23 00:00:00+00:00,1119876737964.0,1181860821592.0,1109012400184.0,1157242392722.0,117777985841.66399,1029797317649.76,0.012586452505351842,944427921817.18,0.01763351731992313,,,,,INSUFFICIENT_HISTORY
2023-03-24 00:00:00+00:00,1157358768925.0,1169390971658.0,1102482672073.0,1121235439648.0,112393311782.76064,1031690298960.04,0.01161834698894837,947396398581.95,0.017194167896424695,,,,,INSUFFICIENT_HISTORY
2023-03-25 00:00:00+00:00,1120123888604.0,1135325046776.0,1101665572509.0,1116337670385.0,71830937636.50958,1033291511776.16,0.01134292556821248,950504595839.62,0.017106331509975092,,,,,INSUFFICIENT_HISTORY
2023-03-26 00:00:00+00:00,1116331434982.0,1147230070375.0,1112031760147.0,1136380155160.0,55825879782.48019,1035306408305.62,0.01009541119834978,954268206543.52,0.017341407123280916,,,,,INSUFFICIENT_HISTORY
2023-03-27 00:00:00+00:00,1135596498094.0,1145611020321.0,1078852532589.0,1101530060558.0,56171177818.49544,1037021439336.22,0.009499967778887175,957587348052.28,0.017489366633225867,,,,,INSUFFICIENT_HISTORY
2023-03-28 00:00:00+00:00,1100610947999.0,1128079759606.0,1084414745564.0,1117069633077.0,80236328694.4077,1039215547247.56,0.009145711914743337,961071924855.24,0.017623370353171186,,,,,INSUFFICIENT_HISTORY
2023-03-29 00:00:00+00:00,1117085263716.0,1167016662489.0,1115035680398.0,1149669478314.0,82287658996.55862,1041475486644.46,0.009484617325842493,965042742504.1,0.01862614629796222,,,,,INSUFFICIENT_HISTORY
2023-03-30 00:00:00+00:00,1151679221289.0,1177787655894.0,1124148010600.0,1140733788538.0,84153290170.61674,1043796711795.38,0.010166734072132533,968710960106.46,0.019154420027561736,,,,,INSUFFICIENT_HISTORY
2023-03-31 00:00:00+00:00,1137883534981.0,1165213925442.0,1121142531415.0,1153659468555.0,76190215816.97108,1047487564405.72,0.011765749735902498,972555749394.64,0.019163944398147503,,,,,INSUFFICIENT_HISTORY
2023-04-01 00:00:00+00:00,1153390026366.0,1169253072344.0,1139771281088.0,1151272386364.0,65660713942.82237,1051266425321.8,0.013736443090991424,976360168570.68,0.019604290466643803,,,,,INSUFFICIENT_HISTORY
2023-04-02 00:00:00+00:00,1151442356034.0,1160011574314.0,1126917489659.0,1141308604200.0,46560046480.05508,1054608138999.6,0.014811741214619367,980072839431.35,0.019770543790436967,,,,,INSUFFICIENT_HISTORY
2023-04-03 00:00:00+00:00,1140345511076.0,1163803024651.0,1107664552263.0,1135700370852.0,67481695981.42061,1057961196570.96,0.0158291867047351,983716846848.74,0.019350546377028044,,,,,INSUFFICIENT_HISTORY
2023-04-04 00:00:00+00:00,1136214123909.0,1166772738247.0,1127258214966.0,1152248329256.0,88663924159.40956,1061792660172.18,0.017240855593275484,987539978523.96,0.019437189412444322,,,,,INSUFFICIENT_HISTORY
2023-04-05 00:00:00+00:00,1153087175143.0,1186336280019.0,1141217343836.0,1159762353572.0,71085948725.50017,1065334812292.76,0.017038147748480004,991389034999.73,0.01936473628047808,,,,,INSUFFICIENT_HISTORY
2023-04-06 00:00:00+00:00,1159767624634.0,1165904511076.0,1132141000800.0,1144339974507.0,68990614258.6381,1066992183541.4,0.01495887040698185,995157349587.35,0.019252302195190474,,,,,INSUFFICIENT_HISTORY
2023-04-07 00:00:00+00:00,1148311700497.0,1155056539428.0,1131012921148.0,1143211581105.0,57492889335.12436,1069331284497.54,0.013960773630958823,999028832467.07,0.01934141246758614,,,,,INSUFFICIENT_HISTORY
2023-04-08 00:00:00+00:00,1143352190827.0,1153874046145.0,1134178463870.0,1140485248830.0,41518992374.82868,1070784823439.96,0.012121074866038306,1002851011498.19,0.019450886411821466,,,,,INSUFFICIENT_HISTORY
2023-04-09 00:00:00+00:00,1141032045906.0,1158980030304.0,1131767038911.0,1150834712593.0,44321956415.5726,1072393396638.4,0.009983810270925098,1006785488680.38,0.019488335231942377,,,,,INSUFFICIENT_HISTORY
2023-04-10 00:00:00+00:00,1150132910731.0,1192994533326.0,1139729040760.0,1187171019360.0,48789825027.05853,1074857532329.08,0.008938711029094826,1011095706016.15,0.019877838387051927,,,,,INSUFFICIENT_HISTORY
2023-04-11 00:00:00+00:00,1187687670229.0,1218090967999.0,1178392015536.0,1197449792525.0,88445412993.19072,1077140109670.1,0.009510778321747848,1015478521456.23,0.02042005907639255,,,,,INSUFFICIENT_HISTORY
2023-04-12 00:00:00+00:00,1197761153980.0,1213064485563.0,1174058114284.0,1193105752891.0,75664997660.26414,1079711809052.56,0.00970749168710383,1019753212513.93,0.020744526457441514,,,,,INSUFFICIENT_HISTORY
2023-04-13 00:00:00+00:00,1193769892045.0,1229938831018.0,1187472649910.0,1221273967929.0,84878662794.66585,1083037343760.88,0.011442560683254888,1024305357508.52,0.021393353314046903,,,,,INSUFFICIENT_HISTORY
2023-04-14 00:00:00+00:00,1220811622635.0,1260338183316.0,1206249759814.0,1238390764887.0,95636738135.3897,1086819023702.84,0.013451805195425104,1028883959455.8,0.021949532471296385,,,,,INSUFFICIENT_HISTORY
2023-04-15 00:00:00+00:00,1238309863528.0,1248318835160.0,1224334122133.0,1235754099351.0,79274902392.85712,1091129513906.7,0.015138733356001799,1033470144724.73,0.022128902907458947,,,,,INSUFFICIENT_HISTORY
2023-04-16 00:00:00+00:00,1235120253178.0,1254975323896.0,1224779524461.0,1243600208126.0,55362204044.18493,1095680556380.18,0.017212660213496767,1038055707886.37,0.022233051662937653,,,,,INSUFFICIENT_HISTORY
2023-04-17 00:00:00+00:00,1242601837957.0,1248133133360.0,1202993551476.0,1213930041612.0,78883349055.95215,1099264041209.26,0.018108750865526657,1042355500567.23,0.022164468594886744,,,,,INSUFFICIENT_HISTORY
2023-04-18 00:00:00+00:00,1213807867214.0,1251170026057.0,1201118881843.0,1241921565088.0,77536064122.00087,1103468723838.08,0.01886488974263023,1046796798147.79,0.021957749683138683,,,,,INSUFFICIENT_HISTORY
2023-04-19 00:00:00+00:00,1242145826342.0,1245778537007.0,1159203206674.0,1172490159806.0,97377748684.2602,1106610544202.34,0.018210502455201283,1050456648123.62,0.02096707648084073,,,,,INSUFFICIENT_HISTORY
2023-04-20 00:00:00+00:00,1173683132837.0,1192305061370.0,1142724099902.0,1156455489478.0,89511183393.86458,1108932207908.92,0.016315839481308547,1053859640197.15,0.019729157708615608,,,,,INSUFFICIENT_HISTORY
2023-04-21 00:00:00+00:00,1156848324684.0,1166016151514.0,1107386701482.0,1116543611082.0,87953974182.80167,1110629745282.2,0.013643747545733387,1056645196582.52,0.017907987553000382,,,,,INSUFFICIENT_HISTORY
2023-04-22 00:00:00+00:00,1116312542304.0,1142615654398.0,1110538657862.0,1137340960357.0,71673722687.58875,1113571347428.9,0.01301534998261289,1059383023130.58,0.01633561923363369,,,,,INSUFFICIENT_HISTORY
2023-04-23 00:00:00+00:00,1137206444695.0,1140092228310.0,1114630455715.0,1128920339491.0,52267056391.45492,1116448174426.28,0.01176240912660842,1061703854434.69,0.014240639934394617,,,,,INSUFFICIENT_HISTORY
2023-04-24 00:00:00+00:00,1127842710942.0,1147037404656.0,1103076198617.0,1123697910260.0,61427473148.76232,1119140250304.9,0.011322597790346833,1063544529173.31,0.012459230062533688,,,,,INSUFFICIENT_HISTORY
2023-04-25 00:00:00+00:00,1123266032659.0,1153425280234.0,1106167310238.0,1147069429623.0,62513071049.02025,1122313302338.28,0.012066647838277156,1065628836546.28,0.011167707634128776,,,,,INSUFFICIENT_HISTORY
2023-04-26 00:00:00+00:00,1147244185829.0,1202683995746.0,1101948524092.0,1144444467908.0,86952176255.22496,1125583951917.06,0.013464619238214626,1067608183968.4,0.010375277738769118,,,,,INSUFFICIENT_HISTORY
2023-04-27 00:00:00+00:00,1144603137706.0,1190078210204.0,1140360660956.0,1172953719830.0,117242477823.96466,1129880734621.56,0.014646019072165117,1069901767877.46,0.009929123383340732,,,,,INSUFFICIENT_HISTORY
2023-04-28 00:00:00+00:00,1172997483555.0,1181793929036.0,1151504797699.0,1167761755454.0,80782312024.60776,1135040164869.92,0.01665280204626951,1072406792945.92,0.010080907652849191,,,,,INSUFFICIENT_HISTORY
2023-04-29 00:00:00+00:00,1168218836783.0,1178141875746.0,1157303081078.0,1167595074769.0,52242634613.6154,1140220581481.58,0.018836183553345487,1074722061030.59,0.010509698043360771,,,,,INSUFFICIENT_HISTORY
2023-04-30 00:00:00+00:00,1167800395657.0,1192730025561.0,1155112741452.0,1162883940336.0,39964586539.09432,1144999100621.04,0.020213427244865967,1076399804515.55,0.010107616836063649,,,,,INSUFFICIENT_HISTORY
2023-05-01 00:00:00+00:00,1163108343230.0,1170537384725.0,1114763887662.0,1130188703827.0,70655264190.17075,1147928947266.32,0.019851913587789483,1077810313652.7,0.009556061706437635,,,,,INSUFFICIENT_HISTORY
2023-05-02 00:00:00+00:00,1129546634177.0,1157312597241.0,1121122352673.0,1148584206449.0,59605394796.57196,1150072400180.94,0.01787061673030732,1079382835601.67,0.008861624505041465,,,,,INSUFFICIENT_HISTORY
2023-05-03 00:00:00+00:00,1148881026846.0,1175006689864.0,1126890659116.0,1162419035988.0,62884097621.10342,1152077246823.46,0.015010113721828144,1081003403882.75,0.008016184710295304,,,,,INSUFFICIENT_HISTORY
2023-05-04 00:00:00+00:00,1162980549300.0,1174912786944.0,1144763466351.0,1152221850938.0,73248323995.61443,1154431044817.66,0.012462907236435727,1082755050974.34,0.007474481296165791,,,,,INSUFFICIENT_HISTORY
2023-05-05 00:00:00+00:00,1153268265271.0,1193514454865.0,1148669960201.0,1184204472626.0,59766496006.64844,1156979637708.46,0.010463359386851723,1084584931176.86,0.00760416959105048,,,,,INSUFFICIENT_HISTORY
2023-05-06 00:00:00+00:00,1184702837227.0,1196351654571.0,1135756216238.0,1154642820546.0,72326808342.2968,1157389983999.8,0.00824183130498679,1086118965269.68,0.007708825487874549,,,,,INSUFFICIENT_HISTORY
2023-05-07 00:00:00+00:00,1154693271965.0,1168748787085.0,1140035905512.0,1143885750360.0,55159699309.65029,1157995236416.92,0.0068889891060193165,1087496085229.14,0.007516563502649731,,,,,INSUFFICIENT_HISTORY
2023-05-08 00:00:00+00:00,1143131463958.0,1152166109444.0,1093730593505.0,1114432029015.0,64777833533.71958,1157451890977.38,0.004665176895680467,1088646659180.19,0.007070519176893386,,,,,INSUFFICIENT_HISTORY
2023-05-09 00:00:00+00:00,1115925426201.0,1125893539525.0,1100512496208.0,1112774279316.0,66670134956.68143,1157219832222.3,0.0024157245399447635,1089461124763.06,0.006193528058525688,,,,,INSUFFICIENT_HISTORY
2023-05-10 00:00:00+00:00,1112788132735.0,1138512100874.0,1080659989921.0,1115048936866.0,57076962802.30506,1156440319742.72,-0.000466143005600439,1090699672612.32,0.00563786316745607,,,,,INSUFFICIENT_HISTORY
2023-05-11 00:00:00+00:00,1115261904085.0,1118080932865.0,1073612613753.0,1088634990822.0,77884199888.54556,1155816255903.04,-0.0013597215446097266,1091539367394.69,0.004990615483511096,,,,,INSUFFICIENT_HISTORY
2023-05-12 00:00:00+00:00,1090879609275.0,1103196917682.0,1053657168175.0,1091062664688.0,72859762358.29814,1154492661342.36,-0.00302468867263872,1092144989496.06,0.0042748698869481405,,,,,INSUFFICIENT_HISTORY
2023-05-13 00:00:00+00:00,1094836013588.0,1102613153474.0,1080455065288.0,1087078341535.0,56149828911.73261,1153809519380.1,-0.003146888113167323,1092749909170.07,0.00376912927190709,,,,,INSUFFICIENT_HISTORY
2023-05-14 00:00:00+00:00,1087376886334.0,1105191046162.0,1079405452426.0,1091068576282.0,34689544732.66017,1153304137498.04,-0.0033837086223629242,1093297824637.1,0.003521649177591568,,,,,INSUFFICIENT_HISTORY
2023-05-15 00:00:00+00:00,1091358543211.0,1117296469046.0,1083289546589.0,1099580846590.0,51385067711.01855,1152568151326.64,-0.0033483512724128417,1093937279816.13,0.002968376433134523,,,,,INSUFFICIENT_HISTORY
2023-05-16 00:00:00+00:00,1094615102481.0,1103043979323.0,1082734901686.0,1094136839693.0,51172468491.55032,1152420286909.34,-0.0029381564555402973,1094720863122.78,0.002914687113561243,,,,,INSUFFICIENT_HISTORY
2023-05-17 00:00:00+00:00,1093496090218.0,1110543043792.0,1074809126146.0,1102870529573.0,51669676040.45498,1152136304839.26,-0.002041032032512269,1095675926043.41,0.0032330291136337674,,,,,INSUFFICIENT_HISTORY
2023-05-18 00:00:00+00:00,1103226851134.0,1109776134056.0,1069810962193.0,1086899476672.0,55361525142.08183,1150880904806.42,-0.002538213218464036,1096178195725.44,0.0031373020730549595,,,,,INSUFFICIENT_HISTORY
2023-05-19 00:00:00+00:00,1087000583617.0,1101975229587.0,1081016963087.0,1091011892094.0,52796845415.91113,1149886466877.54,-0.002963373241610223,1096841589336.46,0.0032413534715816095,,,,,INSUFFICIENT_HISTORY
2023-05-20 00:00:00+00:00,1091126656609.0,1101007099888.0,1087243484077.0,1097427148376.0,36920876810.92544,1148761820473.96,-0.0033024779040603525,1098124692439.84,0.00382783611178672,,,,,INSUFFICIENT_HISTORY
2023-05-21 00:00:00+00:00,1096972631574.0,1103509898723.0,1078909294784.0,1083016935518.0,31149961934.389484,1147396711457.04,-0.004359152220213658,1099331568389.42,0.004211763401939406,,,,,INSUFFICIENT_HISTORY
2023-05-22 00:00:00+00:00,1083048398345.0,1097456362388.0,1073026678083.0,1087627933490.0,38989284885.91059,1146323098042.84,-0.005045589460207944,1100465618521.22,0.00437144995519434,,,,,INSUFFICIENT_HISTORY
2023-05-23 00:00:00+00:00,1087956175699.0,1112407435726.0,1084482991534.0,1101567373623.0,54856717332.31828,1145640438098.26,-0.00455343961853405,1101800817334.61,0.005129295246973253,,,,,INSUFFICIENT_HISTORY
2023-05-24 00:00:00+00:00,1101290743407.0,1102275762444.0,1058497897283.0,1070260001230.0,49309233625.88583,1144000671537.74,-0.00511858823400424,1102896665854.96,0.00552046583332344,,,,,INSUFFICIENT_HISTORY
2023-05-25 00:00:00+00:00,1070670887463.0,1081245933570.0,1050622261564.0,1073724533191.0,62511003128.79342,1142279915130.12,-0.005642514599906834,1103807363711.44,0.005174887069494982,,,,,INSUFFICIENT_HISTORY
2023-05-26 00:00:00+00:00,1074212191294.0,1092032949634.0,1066387786108.0,1083306202779.0,47376821237.41409,1141059239695.56,-0.005523348374802506,1104025711618.48,0.00426999766406877,,,,,INSUFFICIENT_HISTORY
2023-05-27 00:00:00+00:00,1083269097932.0,1092057224285.0,1075898560364.0,1087872145649.0,40269136713.39975,1139952450986.44,-0.005557461999393554,1104641867741.99,0.0037949838236490674,,,,,INSUFFICIENT_HISTORY
2023-05-28 00:00:00+00:00,1089665079122.0,1134829204308.0,1084781322032.0,1126488029470.0,39041594265.36635,1139672506599.24,-0.005209253532396874,1105228665019.6,0.0031111319133727555,,,,,INSUFFICIENT_HISTORY
2023-05-29 00:00:00+00:00,1127437316703.0,1140299335005.0,1107196930488.0,1116798503419.0,60390082820.24068,1138991782415.76,-0.004378397011994051,1105692589527.08,0.002535073102204688,,,,,INSUFFICIENT_HISTORY
2023-05-30 00:00:00+00:00,1116746435972.0,1132377715349.0,1109018729207.0,1119301765104.0,50757113990.80749,1137634397330.64,-0.004066882152043316,1106245964829.86,0.002209263317668686,,,,,INSUFFICIENT_HISTORY
2023-05-31 00:00:00+00:00,1118732207399.0,1124520152388.0,1088222860179.0,1101959508473.0,59688279745.13391,1135724591649.6,-0.004675171858196658,1106432350659.85,0.002179875899667172,,,,,INSUFFICIENT_HISTORY
2023-06-01 00:00:00+00:00,1103247220353.0,1109999882555.0,1082434869446.0,1092365992080.0,55881577570.67139,1133709796433.38,-0.005476241178005381,1106710802742.97,0.0018729463923081724,,,,,INSUFFICIENT_HISTORY
2023-06-02 00:00:00+00:00,1092179687050.0,1115595682972.0,1082562111795.0,1111664595800.0,55226677094.25089,1131517608990.8,-0.007155474543098395,1107277476375.84,0.0018537443165245193,,,,,INSUFFICIENT_HISTORY
2023-06-03 00:00:00+00:00,1111715524402.0,1116076679229.0,1099191197549.0,1105952136068.0,40345390437.52801,1128868836414.42,-0.008887637433054763,1107843930058.63,0.001945694989662572,,,,,INSUFFICIENT_HISTORY
2023-06-04 00:00:00+00:00,1106640444627.0,1121704664655.0,1100155369746.0,1106884389069.0,34268707036.928204,1126291442208.78,-0.009970650631235367,1108710478057.74,0.002227816693784579,,,,,INSUFFICIENT_HISTORY
2023-06-05 00:00:00+00:00,1107309886786.0,1109676886333.0,1037110818048.0,1054789049367.0,49959172984.67613,1122515219033.6,-0.011630788584769403,1109097887706.89,0.002409127901448427,,,,,INSUFFICIENT_HISTORY
2023-06-06 00:00:00+00:00,1055162874937.0,1105951872681.0,1040534471432.0,1097698849845.0,84398899699.72028,1120190595198.26,-0.011924745889689725,1109727318203.76,0.0027256582779473515,,,,,INSUFFICIENT_HISTORY
2023-06-07 00:00:00+00:00,1098500337518.0,1104825977040.0,1054481974887.0,1063372615246.0,88709761117.57687,1116619616201.42,-0.013166381743424771,1110044170019.75,0.002498645283534051,,,,,INSUFFICIENT_HISTORY
2023-06-08 00:00:00+00:00,1063773447489.0,1081718898677.0,1057292244295.0,1069490433774.0,58726675789.75997,1114559621680.78,-0.012675710651283145,1110585082941.56,0.0024743132209832375,,,,,INSUFFICIENT_HISTORY
2023-06-09 00:00:00+00:00,1070245082139.0,1080658399596.0,1055251057126.0,1065286731901.0,44990976442.12632,1112736246529.24,-0.012035246980974024,1110834227219.08,0.0019155128443095748,,,,,INSUFFICIENT_HISTORY
2023-06-10 00:00:00+00:00,1064999523229.0,1067960774440.0,992224597315.0,1022372999895.0,85931870686.0202,1110852834305.5,-0.010389511456370792,1110741289793.85,0.0014817466566074966,,,,,INSUFFICIENT_HISTORY
2023-06-11 00:00:00+00:00,1022856228992.0,1037526282793.0,1012077712865.0,1023794316120.0,53253512613.65256,1108581901420.76,-0.010363141618275562,1111076624424.83,0.001215889884781829,,,,,INSUFFICIENT_HISTORY
2023-06-12 00:00:00+00:00,1024748221882.0,1032428585838.0,1006769774679.0,1022005428241.0,52118353789.4342,1106443603195.76,-0.009113231451438497,1111445888811.02,0.0012627594731162706,,,,,INSUFFICIENT_HISTORY
2023-06-13 00:00:00+00:00,1022852313533.0,1045146290884.0,1012449118602.0,1024669945186.0,57243664614.18909,1104463043894.28,-0.009058804562894651,1111801647099.59,0.001095426344830619,,,,,INSUFFICIENT_HISTORY
2023-06-14 00:00:00+00:00,1025625746915.0,1034208583435.0,978867485342.0,992309710309.0,44549399601.20172,1101367849508.0,-0.010216614275574631,1111840575923.14,0.0009059395897255129,,,,,INSUFFICIENT_HISTORY
2023-06-15 00:00:00+00:00,992599710909.0,1012209726186.0,975257714005.0,1003034815746.0,74696684798.89616,1098539656464.76,-0.011084436624260952,1112061804190.91,0.0011888586561006331,,,,,INSUFFICIENT_HISTORY
2023-06-16 00:00:00+00:00,1004511299007.0,1035469189098.0,989341503174.0,1027138881017.0,52317235958.84229,1095623359688.5,-0.01168929577115807,1112752047155.03,0.0015079272602529503,1009993011087.1,,,,INSUFFICIENT_HISTORY
2023-06-17 00:00:00+00:00,1028264296072.0,1050336961772.0,1022215910572.0,1035186429918.0,61076082558.5309,1092971853177.78,-0.012175722268237932,1114006009023.85,0.00230341417301827,1011221662573.53,,,,INSUFFICIENT_HISTORY
2023-06-18 00:00:00+00:00,1034969239685.0,1044494066322.0,1024568364032.0,1029443032786.0,33045936325.37983,1090208812338.12,-0.012906028531204039,1115214696909.85,0.0030698369796120506,1012264749952.395,,,,INSUFFICIENT_HISTORY
2023-06-19 00:00:00+00:00,1029677769480.0,1050138215434.0,1021648575518.0,1042416191585.0,36106096258.24997,1087799457363.1,-0.01231958255451282,1116399278992.07,0.004100140944348185,1013423295833.61,,,,INSUFFICIENT_HISTORY
2023-06-20 00:00:00+00:00,1042499190324.0,1086248890266.0,1030328240369.0,1082798214015.0,52250572729.60294,1086851647566.86,-0.010639587591688371,1117390297416.59,0.004791544144038706,1014748210718.66,,,,INSUFFICIENT_HISTORY
2023-06-21 00:00:00+00:00,1083268050830.0,1154029956937.0,1079618941375.0,1134128999150.0,95626353806.57767,1086562543420.88,-0.008270010115698945,1118317471800.91,0.005001495760092345,1016407448958.365,0.006350972532335408,,,INSUFFICIENT_HISTORY
2023-06-22 00:00:00+00:00,1134668207089.0,1158526555431.0,1117985454440.0,1128328351944.0,105382857179.27399,1085880729740.0,-0.0064879286846800666,1118978988281.73,0.004464050658252283,1017976224820.925,0.006679605963152424,,,INSUFFICIENT_HISTORY
2023-06-23 00:00:00+00:00,1128283954928.0,1177375344938.0,1123336960202.0,1152492216294.0,61014206170.8212,1085886137047.12,-0.003964997569345763,1120158590932.39,0.004433132056310685,1019698342896.885,0.007343526429068659,,,INSUFFICIENT_HISTORY
2023-06-24 00:00:00+00:00,1152973965966.0,1160746046019.0,1132737795153.0,1144652521714.0,81674921795.16591,1085095098028.88,-0.0024860826284796023,1121037367868.67,0.004154507230412552,1021364550642.51,0.007836068937381091,,,INSUFFICIENT_HISTORY
2023-06-25 00:00:00+00:00,1145180020746.0,1169853414611.0,1136339137208.0,1148312785690.0,60264396441.30869,1084968497331.76,-0.001732665391192767,1121179240665.78,0.003390886119156278,1023125273479.035,0.008255311684109534,,,INSUFFICIENT_HISTORY
2023-06-26 00:00:00+00:00,1148194278054.0,1157024755594.0,1122718799797.0,1136470763307.0,57001368644.21362,1084820197590.7,-0.001603539382734942,1121407717003.81,0.0027632986882728527,1024735312725.455,0.00819343047478105,,,INSUFFICIENT_HISTORY
2023-06-27 00:00:00+00:00,1136837464285.0,1163393185257.0,1133091009683.0,1150852923292.0,65205907864.83585,1085548615476.24,-0.0003058478290147715,1121500253226.81,0.00225318345695813,1026441156154.59,0.008315450918467082,,,INSUFFICIENT_HISTORY
2023-06-28 00:00:00+00:00,1150646802529.0,1152391040818.0,1110479953220.0,1122524530890.0,62721501617.54207,1085743620507.72,-0.0001312444597437734,1121481726365.01,0.001181203664669228,1028000070205.885,0.0081413560851884,,,INSUFFICIENT_HISTORY
2023-06-29 00:00:00+00:00,1122221382195.0,1151785548164.0,1120007972262.0,1136583221060.0,55108390595.78111,1086174306191.6,0.0009945747286854711,1121307312967.16,0.0002407993758524185,1029654623052.85,0.008116663541068547,,,INSUFFICIENT_HISTORY
2023-06-30 00:00:00+00:00,1137275136660.0,1178665252213.0,1108265061378.0,1156185825540.0,74575395958.56212,1087525322885.96,0.0023565896710253664,1121670789394.5,0.00043842118270776,1031399205708.29,0.008086919992817965,,,INSUFFICIENT_HISTORY
2023-07-01 00:00:00+00:00,1156221848290.0,1168079970394.0,1146435858153.0,1160420899886.0,98262951899.71486,1088912487589.92,0.00377232098767033,1121702574466.14,0.0002629351108065503,1033065248141.66,0.008128865388712159,,,INSUFFICIENT_HISTORY
2023-07-02 00:00:00+00:00,1160670334484.0,1174184733223.0,1142151774858.0,1163719579714.0,42787445405.44825,1090445312353.5,0.004510803852954881,1122127415866.8,0.0005592175643165387,1034761907224.375,0.00810640826304887,,,INSUFFICIENT_HISTORY
2023-07-03 00:00:00+00:00,1164157088192.0,1190792880282.0,1158474284962.0,1178134999296.0,59854093737.02156,1092186640813.78,0.005934200472711204,1122745389155.91,0.001126779653374932,1036624992497.765,0.008390001656471302,,,INSUFFICIENT_HISTORY
2023-07-04 00:00:00+00:00,1178706761079.0,1187483559065.0,1159805214768.0,1165752714283.0,63205396756.05652,1093510078167.64,0.006753770489895894,1123039114747.14,0.0015444488410563117,1038653660645.33,0.00873986032889218,,,INSUFFICIENT_HISTORY
2023-07-05 00:00:00+00:00,1165822048436.0,1172434654287.0,1140799693893.0,1153433787330.0,54513293796.57927,1094696017120.38,0.006593588290331631,1123558152014.86,0.0016826350817060742,1040572750033.57,0.008894271271985499,,,INSUFFICIENT_HISTORY
2023-07-06 00:00:00+00:00,1152307091869.0,1185971616059.0,1125022148085.0,1128033044898.0,66884929199.9511,1095199267426.88,0.005773448195891762,1123667786133.07,0.0017519899763673852,1042369855494.155,0.009006795426748315,,,INSUFFICIENT_HISTORY
2023-07-07 00:00:00+00:00,1127644944890.0,1148153932196.0,1119653337616.0,1143306143045.0,69508602555.58772,1096327400754.34,0.005394207608765633,1123604152780.38,0.001316015358593825,1044323447642.24,0.009240328959840394,,,INSUFFICIENT_HISTORY
2023-07-08 00:00:00+00:00,1142744449414.0,1147547100391.0,1130927340813.0,1141929194243.0,40297732504.55081,1097345746797.32,0.00472364867940156,1123616106837.43,0.0007755255019792351,1046163533471.945,0.00920153483006092,,,INSUFFICIENT_HISTORY
2023-07-09 00:00:00+00:00,1142334295286.0,1149617186324.0,1133390172062.0,1138038676849.0,32808815460.118202,1098157977366.78,0.0042504402034668765,1123459898920.37,0.0003746834528777221,1048007824157.505,0.009006046834094006,,,INSUFFICIENT_HISTORY
2023-07-10 00:00:00+00:00,1138007554134.0,1166828780349.0,1127138417728.0,1148190940562.0,44295092731.66324,1099461457467.66,0.004353208811169074,1123429084462.35,-0.00011487394068443457,1049894626516.515,0.00895840918632973,,,INSUFFICIENT_HISTORY
2023-07-11 00:00:00+00:00,1148284413642.0,1160549937457.0,1141479946542.0,1153214548033.0,56225502104.80618,1100773189758.52,0.0050894138604893335,1123548143900.68,-0.00010647473734370916,1051810491666.015,0.009056896764713551,,,INSUFFICIENT_HISTORY
2023-07-12 00:00:00+00:00,1153233798294.0,1167501537947.0,1139330627362.0,1147073068966.0,48683569381.19669,1101683303665.38,0.004885313372040789,1123661870881.82,5.1368714949484584e-05,1053689358865.28,0.008968400780606123,,,INSUFFICIENT_HISTORY
2023-07-13 00:00:00+00:00,1147313972322.0,1238787180381.0,1140476956696.0,1219843333151.0,51684515381.50036,1104674970303.8,0.00667904671601538,1124337820920.77,0.0006423137572950655,1055938899722.365,0.009344013567341714,,,INSUFFICIENT_HISTORY
2023-07-14 00:00:00+00:00,1219004360887.0,1235913959865.0,1156034339279.0,1177811116160.0,132494382205.14558,1106756701963.18,0.007830134437504466,1124518308546.65,0.0009420982691923374,1057953671773.19,0.0094902417581475,,,INSUFFICIENT_HISTORY
2023-07-15 00:00:00+00:00,1177870521644.0,1187563060524.0,1170606725095.0,1177237983740.0,82790712099.36542,1108635337582.4,0.008343976091594651,1124847288638.98,0.0012623886956857344,1060002319113.165,0.009627340060008427,,,INSUFFICIENT_HISTORY
2023-07-16 00:00:00+00:00,1177080419201.0,1188945169310.0,1163552074089.0,1172938165525.0,41787188969.05817,1110336657979.92,0.008687955257611124,1125144554483.18,0.0014208653106377866,1062086693475.125,0.009770012650123894,,,INSUFFICIENT_HISTORY
2023-07-17 00:00:00+00:00,1172970444844.0,1182913823647.0,1149054460179.0,1170049922765.0,52426110835.66199,1111207895845.82,0.00864549017739602,1125440201222.53,0.0015826205256161963,1064145606360.36,0.009923463122319287,,,INSUFFICIENT_HISTORY
2023-07-18 00:00:00+00:00,1169829812970.0,1177543557137.0,1145194092314.0,1160818915585.0,62626044119.96909,1112088304089.14,0.00671087331986997,1125540043252.45,0.001069271449656739,1066162765966.415,0.009682251735150693,,,INSUFFICIENT_HISTORY
2023-07-19 00:00:00+00:00,1160630636971.0,1180537200597.0,1154674939261.0,1165044529519.0,53601893988.37724,1113003159377.44,0.005643930055431401,1125318778354.04,0.0007118335035600776,1068207242185.095,0.009691889810939935,,,INSUFFICIENT_HISTORY
2023-07-20 00:00:00+00:00,1164805740457.0,1189497737046.0,1151410498004.0,1163540970038.0,55989112785.83025,1114234788608.74,0.00505076000784066,1124979690129.17,0.00011770619134465754,1070229105792.7,0.009647890853758723,,,INSUFFICIENT_HISTORY
2023-07-21 00:00:00+00:00,1163944450998.0,1176119937837.0,1157363239393.0,1166134411070.0,58900320623.28073,1115710156988.54,0.004839522292631848,1124709976710.96,-0.00038624172377532684,1072231594612.445,0.009551857865882862,,,INSUFFICIENT_HISTORY
2023-07-22 00:00:00+00:00,1165828078909.0,1172778565219.0,1147242453724.0,1155455891625.0,49402637765.07599,1116585982905.04,0.004839856771469586,1124051795947.92,-0.0012336553049214771,1074178576728.22,0.009428193198274037,,,INSUFFICIENT_HISTORY
2023-07-23 00:00:00+00:00,1155823801897.0,1177362138419.0,1150783345875.0,1166417000182.0,38107924185.13287,1117795280187.32,0.005131765235903973,1123332058300.87,-0.0019617115933072693,1076108008878.335,0.009328071875503108,,,INSUFFICIENT_HISTORY
2023-07-24 00:00:00+00:00,1165816222924.0,1169248370520.0,1122548210223.0,1136644115415.0,56716272872.44547,1118390474714.24,0.004840341459420028,1122340958461.51,-0.002646201191884079,1077905551593.12,0.009079052289690859,,,INSUFFICIENT_HISTORY
2023-07-25 00:00:00+00:00,1136140195335.0,1146769491770.0,1128322770604.0,1139279091635.0,48709219971.64053,1120080275559.6,0.005246189591835426,1121297747296.6,-0.0032728971597230094,1079676727591.485,0.008827662925301683,,,INSUFFICIENT_HISTORY
2023-07-26 00:00:00+00:00,1139069432025.0,1158030164887.0,1130995279951.0,1145712512487.0,47163707200.50828,1121040548812.44,0.004777577572913083,1120615572005.35,-0.0036404093414227345,1081485536286.29,0.008630543737325524,,,INSUFFICIENT_HISTORY
2023-07-27 00:00:00+00:00,1145582015774.0,1156369050045.0,1135009683358.0,1142013299873.0,55149724827.5333,1122613362504.98,0.005398043403928909,1119616489353.2,-0.003945820477943007,1083206643750.495,0.008404623977675163,,,INSUFFICIENT_HISTORY
2023-07-28 00:00:00+00:00,1142894677399.0,1155444670015.0,1137386396409.0,1147181548312.0,45463517135.61855,1124167184795.74,0.0057004218226366365,1119363403238.26,-0.003532931365470837,1084910025680.94,0.008179491956183504,,,INSUFFICIENT_HISTORY
2023-07-29 00:00:00+00:00,1146677729550.0,1153588937051.0,1142515569662.0,1150380411059.0,36692883492.34585,1125869058378.9,0.006686916451582592,1119302652454.07,-0.0027071149676340944,1086581146325.61,0.008048566703889426,,,INSUFFICIENT_HISTORY
2023-07-30 00:00:00+00:00,1151721266204.0,1157295421695.0,1133498152754.0,1144986280559.0,29973115243.730118,1128321323992.18,0.00735755160804219,1119587079148.84,-0.0015256145407268606,1088116137865.68,0.007816608488933063,,,INSUFFICIENT_HISTORY
2023-07-31 00:00:00+00:00,1145463130985.0,1156025383314.0,1134974152936.0,1141344088407.0,49262379470.0794,1130672319437.92,0.008591812879278349,1119627110429.34,-0.0008820701770555495,1089505066779.96,0.007415291489896614,,,INSUFFICIENT_HISTORY
2023-08-01 00:00:00+00:00,1139511231077.0,1155803880971.0,1114066839399.0,1153370068750.0,59475155399.16302,1133299612248.1,0.0095190829719638,1119871607721.93,0.00022786228244764395,1090787731078.31,0.006998745227010605,,,INSUFFICIENT_HISTORY
2023-08-02 00:00:00+00:00,1155314353982.0,1164659683785.0,1123092453401.0,1133900764743.0,71381659363.43208,1135484228639.24,0.010067046962909165,1119973636266.76,0.0005451607822219984,1091759082720.035,0.006313018478003585,,,INSUFFICIENT_HISTORY
2023-08-03 00:00:00+00:00,1130424379767.0,1140101437742.0,1119014438116.0,1127917881720.0,58308954083.02821,1138196392067.46,0.01094917175031851,1119782120787.73,0.0004283634391544222,1092705478667.005,0.005636332235383623,,,INSUFFICIENT_HISTORY
2023-08-04 00:00:00+00:00,1127029287033.0,1135343260149.0,1111871808862.0,1122905624172.0,50451015922.54958,1140593808235.98,0.0108767635449607,1119566732350.37,-1.817348453636569e-05,1093587458159.385,0.005028250297286041,,,INSUFFICIENT_HISTORY
2023-08-05 00:00:00+00:00,1122537849052.0,1127561465110.0,1116253615720.0,1124172171012.0,46235429217.71169,1142534474035.88,0.010491239941079478,1119078916862.19,-0.0004896215552872007,1094490342369.825,0.004575725016680243,,,INSUFFICIENT_HISTORY
2023-08-06 00:00:00+00:00,1124059023599.0,1130037454084.0,1118118771195.0,1122740356687.0,33647218821.182438,1144285552571.26,0.009693765183036884,1118628702874.52,-0.0011098637011953683,1095517747910.22,0.00433633116429899,,,INSUFFICIENT_HISTORY
2023-08-07 00:00:00+00:00,1122987306614.0,1132214947718.0,1105620994122.0,1125184543645.0,40821276085.3245,1146200382788.44,0.00943751914726465,1118204597563.28,-0.0015795360231664057,1096463329296.935,0.004308868734281379,,,INSUFFICIENT_HISTORY
2023-08-08 00:00:00+00:00,1125203702745.0,1158576366445.0,1121031937361.0,1143638503954.0,59159056317.14011,1148224829035.82,0.008810814230524988,1118012143199.46,-0.0015806446231030336,1097205973857.505,0.004118671754066883,,,INSUFFICIENT_HISTORY
2023-08-09 00:00:00+00:00,1144003624374.0,1157584331498.0,1131257650635.0,1139985511104.0,73287241034.46799,1149368574977.6,0.0076931565630633525,1118110111272.23,-0.0013010578432266495,1097960212462.465,0.003998541013299217,,,INSUFFICIENT_HISTORY
2023-08-10 00:00:00+00:00,1140036837822.0,1146427436243.0,1129607000434.0,1135248609528.0,53962962350.85973,1149390967185.16,0.006001125834794507,1117976755303.02,-0.00098488278401343,1098679795452.345,0.0038277661486247894,,,INSUFFICIENT_HISTORY
2023-08-11 00:00:00+00:00,1135253751123.0,1140100256916.0,1126148051754.0,1133937102710.0,42703829191.04392,1149503142200.48,0.0045596919558197335,1117691935970.24,-0.0008374243409567939,1099347669926.495,0.003495992669749981,,,INSUFFICIENT_HISTORY
2023-08-12 00:00:00+00:00,1133510105006.0,1138235948434.0,1130542994193.0,1134570689039.0,34867522941.90851,1149144711655.38,0.0025687732364712,1117515424351.25,-0.0006163212112808569,1100135237662.795,0.00334886563713388,,,INSUFFICIENT_HISTORY
2023-08-13 00:00:00+00:00,1139806982794.0,1144642071266.0,1131742352624.0,1134379837981.0,28316622583.928043,1148939257980.72,0.0006222030101019627,1117017178004.8,-0.0008899413129920264,1100801054590.83,0.0032765777975904964,,,INSUFFICIENT_HISTORY
2023-08-14 00:00:00+00:00,1134128424068.0,1147654927189.0,1127902589704.0,1138891111585.0,44830631493.28792,1148750824498.62,-0.0005374694353306175,1116859660915.19,-0.0011183606555683623,1101489313092.435,0.003214233621503526,,,INSUFFICIENT_HISTORY
2023-08-15 00:00:00+00:00,1138715121622.0,1141607621091.0,1115634889082.0,1125063903072.0,47755742921.72824,1148522687293.92,-0.0007554260613047425,1116671442442.31,-0.0011675670844839559,1102083763835.725,0.0030982351704926803,,,INSUFFICIENT_HISTORY
2023-08-16 00:00:00+00:00,1128821487766.0,1132159891574.0,1103670465835.0,1108993691777.0,60317210764.50223,1147685502663.62,-0.0015812392938573394,1116617059069.93,-0.0009616933483348467,1102631859125.06,0.0029873981529289217,,,INSUFFICIENT_HISTORY
2023-08-17 00:00:00+00:00,1111725430422.0,1116612335730.0,992996964960.0,1040060498004.0,65976737556.00407,1146036222005.9,-0.002705046299175118,1115889921256.81,-0.0014545688220666264,1102675523009.935,0.00230906643126616,,,INSUFFICIENT_HISTORY
2023-08-18 00:00:00+00:00,1042305922204.0,1053914229509.0,1012435508160.0,1029893510280.0,132641125765.9648,1143902427790.3,-0.004383895976600383,1115038366990.95,-0.001771513502938804,1102869019801.635,0.0018786003176327615,,,INSUFFICIENT_HISTORY
2023-08-19 00:00:00+00:00,1029744438583.0,1043768429332.0,1022042218351.0,1034576303346.0,64248478396.47658,1141470237346.42,-0.006337829751180246,1114497780116.19,-0.002114751639489376,1103018573755.44,0.0013883572403543543,,,INSUFFICIENT_HISTORY
2023-08-20 00:00:00+00:00,1034659810179.0,1046748361716.0,1029671108128.0,1040192174609.0,43377241416.35253,1139065662840.88,-0.008234077182508348,1113989075215.4,-0.0024021096313195933,1103067032355.73,0.0008921903690719546,,,INSUFFICIENT_HISTORY
2023-08-21 00:00:00+00:00,1042416492156.0,1045140001747.0,1021399161805.0,1034430189016.0,46213769740.52547,1136479875026.92,-0.009763674465429362,1113462593690.21,-0.002825019870596801,1103106251430.14,0.0004302363487449501,,,INSUFFICIENT_HISTORY
2023-08-22 00:00:00+00:00,1034434633696.0,1036753744755.0,1000664893263.0,1027057244406.0,47833361171.71037,1133458319929.12,-0.010975134847627022,1112822480371.45,-0.00274887408419755,1103060152504.275,0.00034881475675629936,,,INSUFFICIENT_HISTORY
2023-08-23 00:00:00+00:00,1027060433762.0,1057655879525.0,1019964606820.0,1045291306565.0,67114522263.652,1131049091774.76,-0.01123639193630277,1112279584971.2,-0.0024741588284490357,1103108432393.665,0.00021708161869771203,,,INSUFFICIENT_HISTORY
2023-08-24 00:00:00+00:00,1045413956348.0,1050579732697.0,1023486186436.0,1035376942930.0,60881119998.07005,1128687954886.76,-0.011198086504099258,1111691986003.57,-0.0025175412303892752,1103206424563.175,0.00017030611469714962,,,INSUFFICIENT_HISTORY
2023-08-25 00:00:00+00:00,1035483071337.0,1041507423847.0,1019420722531.0,1031521424921.0,49906851264.22385,1126757722487.22,-0.010805294861547687,1110978494957.05,-0.0027025222466995347,1103327210500.23,0.00023586793627972114,,,INSUFFICIENT_HISTORY
2023-08-26 00:00:00+00:00,1031757775033.0,1034618329004.0,1026863599027.0,1029492424179.0,43975841279.79201,1124481448109.9,-0.010557535756394953,1110404424432.12,-0.0027465397359731636,1103291310078.78,0.00016776139959340242,,,INSUFFICIENT_HISTORY
2023-08-27 00:00:00+00:00,1029627267708.0,1037743241465.0,1027023648628.0,1033783774970.0,26017275999.779118,1122318539724.44,-0.009828133958535656,1109832143260.88,-0.0026871645417981815,1103336866298.67,0.000250860112902096,,,INSUFFICIENT_HISTORY
2023-08-28 00:00:00+00:00,1033737739654.0,1038885914601.0,1020175438050.0,1033429889125.0,40440599203.05442,1120226363969.96,-0.009568751598410086,1109192170668.37,-0.002775753816348092,1103658431554.105,0.0004985902965555233,,,INSUFFICIENT_HISTORY
2023-08-29 00:00:00+00:00,1033483018610.0,1097794736458.0,1024731114491.0,1082814926427.0,40959324814.06126,1118918843687.26,-0.008655280812738142,1109190150577.46,-0.0022504753633278973,1104260859483.44,0.0009557911346305126,,,INSUFFICIENT_HISTORY
2023-08-30 00:00:00+00:00,1082940377180.0,1084869621691.0,1058642827245.0,1067402033885.0,107208124507.41438,1117202593404.3,-0.008480198442152975,1108987891581.41,-0.0017917568923934146,1104726755051.315,0.001268476420925424,,,INSUFFICIENT_HISTORY
2023-08-31 00:00:00+00:00,1067388345874.0,1076207560603.0,1016421511762.0,1026745088437.0,54639986267.8568,1114796033793.72,-0.00861322730798253,1108239668729.55,-0.001949520062185628,1105020243032.08,0.001567068404786598,,,INSUFFICIENT_HISTORY
2023-09-01 00:00:00+00:00,1027499266177.0,1035076974663.0,1004181890764.0,1020717091722.0,67957112344.10777,1110813508965.14,-0.010251127778861169,1107744239634.47,-0.0018812787493028837,1105320452744.715,0.0017978067321355873,,,INSUFFICIENT_HISTORY
2023-09-02 00:00:00+00:00,1020732357581.0,1028491464656.0,1017152334880.0,1023234814216.0,60396343882.40511,1107721982926.26,-0.011162369897621205,1107239342444.72,-0.0017605860150216035,1105523353078.08,0.0016897633096037978,,,INSUFFICIENT_HISTORY
2023-09-03 00:00:00+00:00,1023269420020.0,1031621871535.0,1018511759550.0,1025264778342.0,33632193338.57588,1104682518818.3,-0.012723286366369435,1106658928200.35,-0.002282045486783346,1105342319909.415,0.0009793523121710557,,,INSUFFICIENT_HISTORY
2023-09-04 00:00:00+00:00,1025286708999.0,1032040289049.0,1013735490577.0,1021995828642.0,40239361029.67729,1101663672080.64,-0.013908776631381126,1106000165030.28,-0.002694102049093927,1105321016386.135,0.0005379260818141329,,,INSUFFICIENT_HISTORY
2023-09-05 00:00:00+00:00,1021912359529.0,1027438798503.0,1011375710840.0,1022072913236.0,44456807456.63673,1098704131890.06,-0.014434839572310065,1104956013867.94,-0.0029629465126206345,1105092339443.77,6.524442619459947e-05,,,INSUFFICIENT_HISTORY
2023-09-06 00:00:00+00:00,1021833512103.0,1033239754855.0,1006470606410.0,1021284494250.0,41272367126.71577,1095913443463.36,-0.013413651689977324,1104000873776.25,-0.0033792690806094816,1104846731651.665,-0.00042858258152533857,,,INSUFFICIENT_HISTORY
2023-09-07 00:00:00+00:00,1021374753111.0,1040556978913.0,1014767874187.0,1034313054943.0,47249610055.10513,1093298813971.84,-0.013020567594333121,1103150986674.64,-0.003692386653325719,1104698475752.25,-0.0007461419277425829,,,INSUFFICIENT_HISTORY
2023-09-08 00:00:00+00:00,1034280774666.0,1040954890634.0,1014445524099.0,1024475598592.0,52054986686.31113,1090517506542.92,-0.01282269976584094,1102376147575.83,-0.0038700095534264234,1104404249117.84,-0.0008486699320910951,,,INSUFFICIENT_HISTORY
2023-09-09 00:00:00+00:00,1024629305337.0,1026545234011.0,1020227806653.0,1023973059371.0,28521096557.82306,1087674279508.94,-0.012698424143621878,1101692218248.74,-0.0038950688415332335,1104201510495.855,-0.0010128332617254099,,,INSUFFICIENT_HISTORY
2023-09-10 00:00:00+00:00,1024016899259.0,1026770446863.0,1006513391290.0,1016323448036.0,26578951074.638073,1084891630637.16,-0.012571629478755897,1100738806771.1,-0.0038166289371803774,1104008141573.47,-0.0009810925581529295,,,INSUFFICIENT_HISTORY
2023-09-11 00:00:00+00:00,1016352445238.0,1018622218465.0,978422344580.0,989014179594.0,45081560615.18931,1081343574225.4,-0.01329472626224526,1099569427206.36,-0.004013988281306391,1103706678632.495,-0.001031865313540492,,,INSUFFICIENT_HISTORY
2023-09-12 00:00:00+00:00,988940834900.0,1032906885348.0,986467475437.0,1010365311587.0,71479701234.51059,1078817998148.84,-0.0132450667996179,1098604236431.54,-0.004121602843148109,1103657357244.64,-0.0009424458623437104,,,INSUFFICIENT_HISTORY
2023-09-13 00:00:00+00:00,1010550306945.0,1031821508137.0,1005660228647.0,1022140278262.0,55475417175.85756,1076475221881.38,-0.012876716400505916,1098277748720.49,-0.0037177862241963844,1103687818213.69,-0.0006487035021119913,,,INSUFFICIENT_HISTORY
2023-09-14 00:00:00+00:00,1022099481413.0,1043190904190.0,1018907617206.0,1032643929457.0,48010066874.58095,1074213850220.78,-0.01237542299357941,1097627199516.61,-0.0036897952665870815,1103677258860.185,-0.0004747789517463019,,,INSUFFICIENT_HISTORY
2023-09-15 00:00:00+00:00,1032686029235.0,1048872523235.0,1022883565755.0,1039616298073.0,47724387180.75505,1072165910184.78,-0.01172994619278811,1097389636344.88,-0.0030426568097881024,1103716903182.315,-0.0002638009451089163,,,INSUFFICIENT_HISTORY
2023-09-16 00:00:00+00:00,1039745160579.0,1048857651998.0,1033778006486.0,1039646989462.0,43084149011.54084,1070015219007.78,-0.010476184894088636,1097091201901.76,-0.0022538143052016624,1103838142421.66,0.00011911116577434377,,,INSUFFICIENT_HISTORY
2023-09-17 00:00:00+00:00,1039715228113.0,1042165709448.0,1028747552599.0,1034554130171.0,28072733763.622482,1067698693390.02,-0.010306932937622193,1096783875884.46,-0.0016569757212960834,1103809051551.77,0.00013744692239336942,,,INSUFFICIENT_HISTORY
2023-09-18 00:00:00+00:00,1034544883425.0,1065263371465.0,1027819589097.0,1044010912783.0,45340670813.10813,1065679186034.5,-0.010029061168738806,1097000255013.34,-0.0011631790852890678,1103870772403.595,0.00016576624919273364,,,INSUFFICIENT_HISTORY
2023-09-19 00:00:00+00:00,1043980535338.0,1066714480003.0,1039785039454.0,1056854367132.0,50100824865.60134,1063989391609.0,-0.009518084885685174,1097330855523.46,-0.0002699860146327948,1104203739974.145,0.00047702451938147483,,,INSUFFICIENT_HISTORY
2023-09-20 00:00:00+00:00,1057410799887.0,1063639461984.0,1040587438923.0,1051702871494.0,48505607690.85324,1061956047663.88,-0.009522651694027884,1097627829955.99,0.00021705472989830277,1104536859383.505,0.0007429044520617101,,,INSUFFICIENT_HISTORY
2023-09-21 00:00:00+00:00,1051771918701.0,1054620380681.0,1024028224514.0,1031805427654.0,53936167440.60406,1059914140922.1,-0.009440125622742768,1097699184780.67,0.0005541771530535033,1104750415940.13,0.0008264558755584073,,,INSUFFICIENT_HISTORY
2023-09-22 00:00:00+00:00,1032152275823.0,1040183537015.0,1027487964643.0,1034120546898.0,43314960716.30696,1058038194225.66,-0.009047963834897255,1098117293146.56,0.0012157520651230325,1104978934534.85,0.0010598599290660982,,,INSUFFICIENT_HISTORY
2023-09-23 00:00:00+00:00,1034130342144.0,1037847658074.0,1030596368108.0,1034240511055.0,33268226760.827305,1056264891963.32,-0.008834078955986313,1098429350099.65,0.0013027299490397937,1105245577145.28,0.0012454399337809008,,,INSUFFICIENT_HISTORY
2023-09-24 00:00:00+00:00,1034188547147.0,1039516491106.0,1018855300614.0,1023257062088.0,25106277836.311806,1054246589784.84,-0.009156859928299288,1098390531910.36,0.0009656854006847571,1105571289532.695,0.0012384938657987732,1039458851361.52,,BEAR_BUILDING
2023-09-25 00:00:00+00:00,1023119747055.0,1032204315010.0,1013620538609.0,1026641066138.0,43406589852.14072,1052324603973.86,-0.009069531372044581,1098305078272.56,0.000617010883003255,1106155543648.205,0.0014654868698575907,1040249467806.54,,BEAR_BUILDING
2023-09-26 00:00:00+00:00,1026574575080.0,1031798191844.0,1017972038995.0,1024497205575.0,40008671207.61441,1050310857212.46,-0.009060435500261699,1098255620000.45,0.000506910479204814,1106735158455.15,0.0017965528560865973,1040928373301.7467,,BEAR_BUILDING
2023-09-27 00:00:00+00:00,1024523419843.0,1047804703906.0,1018790836149.0,1028539680310.0,42966081859.64571,1048008880739.58,-0.009479160148297083,1098116854887.7,-3.9910022620048835e-07,1107258066939.885,0.00206260258345492,1041654482184.9734,,BEAR_BUILDING
2023-09-28 00:00:00+00:00,1028411026011.0,1061520363255.0,1026263119939.0,1052569732682.0,46161779954.83235,1046260565171.14,-0.009471418456012959,1097814570074.37,-0.0005596900931537085,1107602433745.48,0.002132427986083707,1042436997170.5634,,MIXED
2023-09-29 00:00:00+00:00,1052706775187.0,1066637203360.0,1043176973345.0,1053432655176.0,59922497792.44667,1044624246084.1,-0.009127222979875893,1097007606634.63,-0.0012590469742348454,1107662539217.77,0.0018915557095906532,1043274168183.7866,0.003670483749567577,MIXED
2023-09-30 00:00:00+00:00,1052981629002.0,1063236193289.0,1050559341234.0,1055514809503.0,56389782333.8369,1043055800219.96,-0.008807932190218248,1096279471210.22,-0.001844302737383341,1107629229745.975,0.0013322593791011972,1044077306950.69,0.003679731893755589,MIXED
2023-10-01 00:00:00+00:00,1055675676500.0,1094374530588.0,1053379549972.0,1088675374277.0,43780430257.87374,1042137893924.72,-0.007781470820392267,1095641302790.05,-0.0023804268904162873,1107899946861.22,0.0010524545074503955,1045012662861.2733,0.003923698944406251,MIXED
2023-10-02 00:00:00+00:00,1088973510195.0,1105232094748.0,1056218348686.0,1065857854035.0,63443021399.56521,1040767454245.8,-0.006909699552039683,1094853356113.26,-0.002971904820433413,1107945361990.965,0.0006207180345767505,1045860819132.76,0.0040381307043035886,MIXED
2023-10-03 00:00:00+00:00,1065892528280.0,1075331932482.0,1053345971723.0,1064108656876.0,69133131715.67152,1039271805151.62,-0.006679750964690978,1094011314825.12,-0.0034643876597414414,1107595277745.45,-6.460802009833344e-06,1046753953927.73,0.004141215986082525,MIXED
2023-10-04 00:00:00+00:00,1064316093026.0,1074443631199.0,1050608519444.0,1069548398068.0,54095916232.01733,1038161495051.54,-0.0061866753110377815,1093342091172.73,-0.0033413765225794867,1107374904088.27,-0.00025967758167855237,1047604238874.5466,0.004150462862794857,MIXED
2023-10-05 00:00:00+00:00,1069441588343.0,1079105976458.0,1052413992573.0,1055823134210.0,41777343427.0116,1037098083900.2,-0.005711790604590483,1092391793281.91,-0.0035462471298657317,1106946023254.36,-0.0006168187632351607,1048424701863.6967,0.004163863043536109,MIXED
2023-10-06 00:00:00+00:00,1055878510047.0,1083053458289.0,1049746160819.0,1073163446454.0,46139668782.51794,1037760142869.2,-0.004200740689922822,1091898182437.55,-0.003416373901721448,1106689954401.28,-0.0010921495784596003,1049299440949.7733,0.004102130281141925,MIXED
2023-10-07 00:00:00+00:00,1073873775360.0,1078051682808.0,1067862678586.0,1071913536087.0,41251606746.11997,1038600543385.34,-0.0020820317272799427,1091251485587.82,-0.0032898200524559273,1106279399277.49,-0.00150365060464841,1050186910564.5067,0.004136393057858179,MIXED
2023-10-08 00:00:00+00:00,1071983419135.0,1077058918434.0,1061900902971.0,1069914446776.0,27143358928.51108,1039307306253.94,3.4159593423011e-05,1090388771800.18,-0.0033112482255441833,1106029780597.34,-0.0014134198470912018,1051062394405.5867,0.0041160011497354265,MIXED
2023-10-09 00:00:00+00:00,1070015369344.0,1072685148144.0,1036169522512.0,1050031981691.0,40136625275.9925,1039504102395.58,0.0012932548071176164,1089284882618.23,-0.0037108317581995287,1105493728542.185,-0.0016987702530912863,1051805126300.5167,0.0040099946812768295,MIXED
2023-10-10 00:00:00+00:00,1050023957290.0,1058002391798.0,1038082705776.0,1044600959124.0,43707774903.32241,1039707517797.74,0.0025160917159607887,1088093696412.33,-0.003934574477777009,1105110556139.565,-0.001658136057437587,1052539170287.0266,0.003924429113522532,MIXED
2023-10-11 00:00:00+00:00,1044368132718.0,1050775480594.0,1020186732298.0,1032022115803.0,45949854520.13148,1039806815225.68,0.001972201737119539,1086632567577.4,-0.004822441272312683,1104688978366.655,-0.0018080728271429036,1053294184190.9767,0.0038070574378534783,BEAR_BUILDING
2023-10-12 00:00:00+00:00,1031980518863.0,1034776877817.0,1015462579144.0,1024475672147.0,44548357678.7019,1039390502537.32,0.000760599594339828,1085219797156.04,-0.005527312916812077,1104129455951.59,-0.0019433999469790075,1054175706148.9,0.0037981768238277702,BEAR_BUILDING
2023-10-13 00:00:00+00:00,1024388860064.0,1039759143734.0,1021093528117.0,1029679996063.0,38122996055.47729,1039276563599.98,-2.957994596497482e-05,1083982259243.37,-0.0058754388549262515,1103770205629.115,-0.0020429603324105816,1055042586436.8367,0.003786827549377758,BEAR_BUILDING
2023-10-14 00:00:00+00:00,1029779084334.0,1035765770694.0,1026978945002.0,1031079525533.0,43184755817.23469,1039267725612.22,-0.00022739379557545902,1083012724049.72,-0.005758051606696402,1103340255091.395,-0.001947974371261041,1055917478346.01,0.00390980414780584,BEAR_BUILDING
2023-10-15 00:00:00+00:00,1031161596827.0,1044405518190.0,1028582421167.0,1039017210209.0,22567375909.216667,1039458221332.82,-0.00023977557212251366,1081969834721.36,-0.005628064670498145,1102786993750.87,-0.0021025610295604125,1056872243335.28,0.004116780800729636,BEAR_BUILDING
2023-10-16 00:00:00+00:00,1038742718146.0,1115504737902.0,1036243038725.0,1074188295947.0,58643288808.77673,1040266311752.36,0.0004419056693527601,1081292425738.4,-0.004914395167545549,1102454266287.915,-0.00202293326221481,1057873164227.43,0.004347294521492628,MIXED
2023-10-17 00:00:00+00:00,1074366605959.0,1078489734922.0,1054385482082.0,1065280455120.0,82052098608.79837,1040903323072.26,0.001455488126211435,1080564843521.11,-0.004289410907476032,1102012371220.74,-0.0019174243739612518,1058860163945.3733,0.0044437163265567126,MIXED
2023-10-18 00:00:00+00:00,1065448605771.0,1082131518225.0,1056154669261.0,1062160471575.0,64125277855.70869,1040490233975.22,0.001167803083171659,1079704538831.24,-0.003946301127765617,1101566811646.795,-0.001996243394760011,1059831263954.7567,0.004538847606230467,MIXED
2023-10-19 00:00:00+00:00,1062171302468.0,1081029016113.0,1052261786709.0,1073667666529.0,57437791079.52679,1040615546628.1,0.0012968949026932464,1078909070016.2,-0.0037891097144040486,1101228606958.44,-0.001913868476393188,1060843351116.0767,0.004665016794477728,MIXED
2023-10-20 00:00:00+00:00,1074009740833.0,1119449894454.0,1068935338117.0,1101079416318.0,84876563347.03304,1042102233185.72,0.002543644177935178,1078449133489.72,-0.0032539735569862005,1101055502185.77,-0.0015701051743554073,1061942617073.4266,0.0047975275820901775,MIXED
2023-10-21 00:00:00+00:00,1101383665316.0,1128027067623.0,1094744024857.0,1114976914906.0,55204651710.66405,1043987429649.4,0.003577081998139109,1077400469307.27,-0.003599356046975255,1100869145114.02,-0.0014378112746865623,1063092756250.6666,0.004934043323661097,MIXED
2023-10-22 00:00:00+00:00,1115050171096.0,1130682411802.0,1105774720817.0,1123779348878.0,63415523793.41006,1045998320342.64,0.004894784325735424,1076860151634.45,-0.0034284771606930553,1100689230090.55,-0.0012006590531503658,1064255831726.9434,0.005095732151699339,MIXED
2023-10-23 00:00:00+00:00,1123780784574.0,1244572062928.0,1118880750326.0,1207617606182.0,70989619981.71799,1049645376899.44,0.008798874439448046,1077163947858.87,-0.002353042782537673,1101005618248.925,-0.0005094501685566355,1065722862028.4,0.005558996298768104,MIXED
2023-10-24 00:00:00+00:00,1208007432759.0,1268673141556.0,1194927445906.0,1225985362649.0,166142064039.14484,1053725167579.58,0.012597948391179559,1077694419830.11,-0.0011258133051673669,1101419487156.645,0.00017333385366025134,1067289268926.7866,0.006076220210956107,MIXED
2023-10-25 00:00:00+00:00,1225699201982.0,1262067238303.0,1214097595276.0,1239974205881.0,106274117087.97964,1058083193432.48,0.015335309471419034,1078393662661.27,-5.1435739273575365e-05,1101916931941.9,0.0007823672416329419,1068894958460.6633,0.0065468145599019145,MIXED
2023-10-26 00:00:00+00:00,1240395602378.0,1264745043379.0,1216360775913.0,1236286895276.0,95220487491.28816,1062383241453.0,0.01762072155387706,1079148342458.18,0.0016223059119639949,1102344192855.315,0.0013398937992237236,1070491291463.67,0.006959444666989167,MIXED
2023-10-27 00:00:00+00:00,1236282418540.0,1242249042551.0,1207127769461.0,1225976080762.0,69252040048.87773,1066216501969.38,0.01932907657071281,1079757657970.61,0.002690698817076953,1102538218162.325,0.0016798457014273183,1072057380780.2667,0.007330520369960292,MIXED
2023-10-28 00:00:00+00:00,1225919970892.0,1245982673101.0,1222709901894.0,1231463504533.0,60050637014.9852,1070356260088.2,0.019731314636890263,1080436883315.56,0.00303847474954555,1102708286722.365,0.0015464666530475846,1073631698300.32,0.0074211003195210345,MIXED
2023-10-29 00:00:00+00:00,1231502024045.0,1255873133592.0,1224365742668.0,1246844438034.0,35561015170.46559,1074813687661.46,0.020013302074126882,1081243983585.2,0.0032936644096659418,1102976980148.08,0.0014140779327009856,1075235724270.03,0.0074454560488872445,MIXED
2023-10-30 00:00:00+00:00,1247331724120.0,1265131927978.0,1232760834222.0,1252393138378.0,64149556354.11565,1079535081468.3,0.02027429238926759,1082213356052.73,0.0035420213635470876,1103132576000.325,0.0011032084390270036,1076856836503.0566,0.007448700154652599,MIXED
2023-10-31 00:00:00+00:00,1252352944019.0,1265872130189.0,1232464248260.0,1257383898218.0,71416322979.14426,1084902475840.78,0.021196902877516077,1083123025033.09,0.0036831660843363867,1103227541666.98,0.0008013366581784975,1078446347596.5867,0.007431219848635928,BULL_BUILDING
2023-11-01 00:00:00+00:00,1257317584386.0,1292792055204.0,1235975034781.0,1283098392854.0,66948925947.64495,1090357137466.12,0.022641401115205406,1084587567807.48,0.00447314246971664,1103464263134.495,0.0008399209722758094,1080132890331.24,0.007532721378305185,BULL_BUILDING
2023-11-02 00:00:00+00:00,1283339329000.0,1304862236998.0,1245501567778.0,1266425211379.0,111597882770.39201,1095242836128.46,0.02325074086847434,1085859029004.92,0.005018475186371774,1103578388150.76,0.0007890585741232581,1081737494729.2966,0.00754988553505731,BULL_BUILDING
2023-11-03 00:00:00+00:00,1266765401120.0,1275103826045.0,1240288791560.0,1267487319255.0,86240745811.24692,1099939703924.42,0.023377089956519104,1087076777072.6,0.005394521103423422,1103846174538.975,0.000788043999593091,1083349283215.06,0.007545842052949059,BULL_BUILDING
2023-11-04 00:00:00+00:00,1267744456929.0,1290253807083.0,1261834009343.0,1282521620043.0,60674108794.43849,1104797810363.82,0.02340148952006227,1088481860274.3,0.005792299814552093,1104049174813.75,0.0008309053991937265,1084965049258.43,0.0075295178342402735,BULL_BUILDING
2023-11-05 00:00:00+00:00,1282616726527.0,1307150499688.0,1267350827874.0,1293401594488.0,54973191973.47213,1109872902464.34,0.023016286882568293,1089944060736.06,0.006297563199491263,1104653731987.16,0.0012927435785594632,1086588037365.98,0.007549462045597144,BULL_BUILDING
2023-11-06 00:00:00+00:00,1293465845998.0,1316563018226.0,1281537057686.0,1306108478285.0,69137608864.23618,1115303989426.62,0.022879523693011272,1091501341408.32,0.0063745646788264665,1105401996931.195,0.001756045810849871,1088221211353.18,0.007488264725889149,BULL_BUILDING
2023-11-07 00:00:00+00:00,1306105901089.0,1328098854782.0,1275021877291.0,1306765248657.0,77768086520.67035,1120559076144.1,0.0231147277850543,1093119131089.3,0.006686044772343136,1106353105119.07,0.002514290781789885,1089783802273.5533,0.0074383180609545185,BULL_BUILDING
2023-11-08 00:00:00+00:00,1307578491507.0,1336601518539.0,1296526619684.0,1317397643880.0,79322293251.78099,1125769941679.06,0.023483321551610148,1094879666644.03,0.00717786428336975,1107253388536.685,0.0030866746438951154,1091296600067.9833,0.0073358767814364345,BULL_BUILDING
2023-11-09 00:00:00+00:00,1317294556562.0,1407796572014.0,1298975685239.0,1367816903861.0,107196391612.13872,1132092222326.4,0.024705345816707913,1097024134995.14,0.00784787972367984,1108447871358.535,0.003984149116842417,1092866532383.92,0.007282707522136889,BULL_BUILDING
2023-11-10 00:00:00+00:00,1369832749329.0,1404795568690.0,1349584259902.0,1387507877219.0,175853161334.9276,1139206271317.7,0.026429484662819247,1099560206119.9,0.008822604508111898,1109766921193.33,0.004628771042100244,1094359457186.6566,0.007152130847598359,BULL_BUILDING
2023-11-11 00:00:00+00:00,1387869200995.0,1405359625643.0,1361022291192.0,1383540692863.0,104581101570.90797,1146194674237.0,0.027697098820798516,1102116434231.33,0.009725221967491038,1110949277509.53,0.005018337757426883,1095842463855.1133,0.007003403740363012,BULL_BUILDING
2023-11-12 00:00:00+00:00,1383766278350.0,1398474145927.0,1361741723381.0,1384214143842.0,90946741667.62437,1153194146892.74,0.02912391809001158,1104729519428.03,0.01062133852433833,1112148125889.2,0.005237948665138159,1097301478582.2667,0.006898318999630559,BULL_BUILDING
2023-11-13 00:00:00+00:00,1385425994502.0,1414868789503.0,1354529580200.0,1363557927412.0,87744452044.18857,1160000164199.22,0.030406054783365777,1107123376992.03,0.01118269954316431,1113101146927.11,0.005281319028658249,1098701353910.56,0.0067852807771191515,BULL_BUILDING
2023-11-14 00:00:00+00:00,1363986395980.0,1382097969635.0,1304812907706.0,1335456013765.0,110433974050.53989,1166176463151.76,0.030107300583090746,1109250533562.81,0.011145058871220082,1113939618218.665,0.0049544475676599475,1100095343127.75,0.006614541235937965,BULL_BUILDING
2023-11-15 00:00:00+00:00,1336165925410.0,1415082324335.0,1328373048003.0,1408978476014.0,122343109725.57237,1173866088560.54,0.03042453163705794,1112088472886.5,0.011393888844713151,1115146535224.89,0.00484751701355024,1101671710493.4568,0.006681765537621676,BULL_BUILDING
2023-11-16 00:00:00+00:00,1409383215640.0,1425576804801.0,1329881143809.0,1351565310945.0,129878249658.24442,1180326601173.24,0.02977847280520729,1114167740956.41,0.010934694693564673,1116089942077.935,0.0046272720748594676,1102859896223.8066,0.006403687208840658,BULL_BUILDING
2023-11-17 00:00:00+00:00,1351523224479.0,1376340282719.0,1326897655472.0,1362107285812.0,124212666586.0084,1186517352235.84,0.02889643988645707,1116388958703.49,0.010554112178967179,1117249534987.86,0.004586987092732198,1104103127876.14,0.006198523766377306,BULL_BUILDING
2023-11-18 00:00:00+00:00,1362544159347.0,1371888157139.0,1334779919736.0,1360584371608.0,92616258271.2297,1192660386564.48,0.028155360122561923,1118642316324.29,0.010404386332764526,1118309535813.655,0.004679169454567145,1105333969076.3267,0.006036777093392454,FULL_BULL_ALIGNMENT
2023-11-19 00:00:00+00:00,1360762774495.0,1394682483071.0,1348304814526.0,1388889282649.0,66933966126.15738,1199327876027.4,0.028427441234788242,1121191838123.68,0.010765200646345896,1119441887046.96,0.004939467757770988,1106629059325.5566,0.005939227212097942,FULL_BULL_ALIGNMENT
2023-11-20 00:00:00+00:00,1389249931174.0,1411665207955.0,1364294990391.0,1386380892431.0,77802646627.64455,1205281986390.48,0.02676276121790333,1123709940157.6,0.010450128343598264,1120612682254.425,0.004901729823724832,1107993471827.73,0.005738334999490613,FULL_BULL_ALIGNMENT
2023-11-21 00:00:00+00:00,1386761067146.0,1400249601200.0,1319369857116.0,1321367971649.0,94952930720.3951,1210392188742.76,0.025472261270427232,1125579821494.28,0.010242695169107918,1121298499749.54,0.004666790260565934,1109060643558.6467,0.005622425256436969,FULL_BULL_ALIGNMENT
2023-11-22 00:00:00+00:00,1321903099376.0,1405010725460.0,1318301581107.0,1388265790140.0,132591755581.83273,1216875331408.04,0.025585786094905583,1128073568279.83,0.010466432407133297,1122466614597.51,0.0046695742054674305,1110350731488.2334,0.005658532662715432,FULL_BULL_ALIGNMENT
2023-11-23 00:00:00+00:00,1388421559632.0,1402718578047.0,1370241984309.0,1386187068269.0,98009555065.85866,1223208104812.06,0.025613090358081125,1130684799931.8,0.01076526735291039,1123678121187.055,0.004800625588418983,1111617442534.4167,0.005684683212387798,FULL_BULL_ALIGNMENT
2023-11-24 00:00:00+00:00,1386472767493.0,1425630183511.0,1382316652289.0,1399711280963.0,78122550386.22707,1230085867747.12,0.02564602418948314,1133591975823.66,0.01105978234798033,1125104517446.795,0.005058440697419897,1112951898024.5933,0.005713602625698311,FULL_BULL_ALIGNMENT
2023-11-25 00:00:00+00:00,1400523503420.0,1413728760298.0,1393964804960.0,1407526075342.0,81753915532.86826,1236773120324.88,0.02612760689198379,1137266631597.04,0.012064226678940582,1126578276426.925,0.0053235112068323875,1114205892538.97,0.005606910933321663,FULL_BULL_ALIGNMENT
2023-11-26 00:00:00+00:00,1407328667396.0,1412884913913.0,1378800616096.0,1394477392386.0,51021162162.40457,1243224397450.86,0.027125264863286258,1140912470418.1,0.013622000528993983,1127975418704.525,0.005954631132099264,1115550170007.1233,0.005851372047297243,FULL_BULL_ALIGNMENT
2023-11-27 00:00:00+00:00,1394518612294.0,1401668861847.0,1357330069946.0,1379216957837.0,90385147711.25893,1249410447672.08,0.026736605981151573,1144358876963.01,0.014436388850075588,1129428328539.6,0.006202156796072167,1116798674824.63,0.0058071230589942235,FULL_BULL_ALIGNMENT
2023-11-28 00:00:00+00:00,1375867927529.0,1411313268449.0,1357602551966.0,1394074893843.0,82435547794.03229,1256291305915.12,0.02704625727454868,1147897704155.35,0.015223432936029901,1130943389685.375,0.0064656135607989995,1118010589622.27,0.005751211561845659,FULL_BULL_ALIGNMENT
2023-11-29 00:00:00+00:00,1391967533129.0,1413941319065.0,1379361939822.0,1390124597362.0,101100877710.13048,1263201778679.88,0.026921625393039328,1151454648238.81,0.015757585441773525,1132458620964.51,0.006536373646782501,1119222383699.6968,0.005634103042757799,FULL_BULL_ALIGNMENT
2023-11-30 00:00:00+00:00,1390360974221.0,1404416840868.0,1378331203799.0,1391098384933.0,82312042139.46135,1270383304062.48,0.027175706833579394,1155095059644.08,0.015676559525890532,1133958770007.765,0.006551247911727787,1120405121550.8767,0.005563809214633064,FULL_BULL_ALIGNMENT
2023-12-01 00:00:00+00:00,1391670776305.0,1431501286962.0,1385897493924.0,1419352253418.0,87280784668.6277,1278280835687.9,0.028197997327691127,1158835669112.61,0.01570953001148445,1135557627041.905,0.00672196238645717,1121684177966.6467,0.005498639258406657,FULL_BULL_ALIGNMENT
2023-12-02 00:00:00+00:00,1419659136348.0,1461583645595.0,1417039503277.0,1451978995130.0,67103626327.09842,1286726815669.24,0.029867181010602595,1163001689634.61,0.016291054359691692,1137346837819.09,0.0070110772674960575,1123138179586.9866,0.005676497389605295,FULL_BULL_ALIGNMENT
2023-12-03 00:00:00+00:00,1451914491818.0,1479512867958.0,1440808799922.0,1465379900795.0,81257566814.21205,1295412823174.48,0.031140482366756927,1167340274393.35,0.016937546061481346,1139159384675.2,0.00726472700999703,1124664898464.6033,0.005951919332518596,FULL_BULL_ALIGNMENT
2023-12-04 00:00:00+00:00,1465472807933.0,1537830073534.0,1456315509160.0,1516840033018.0,140409128517.98602,1304969279630.66,0.033064789533806316,1172213750481.74,0.0180285886853484,1141309087456.93,0.007815267002764248,1126265456879.7666,0.0062928273081783725,FULL_BULL_ALIGNMENT
2023-12-05 00:00:00+00:00,1517183274406.0,1581841956042.0,1488776055941.0,1566394151741.0,130074112177.33946,1314813396746.54,0.03497376936707197,1177539854249.45,0.01943112336770425,1143685998755.165,0.008578115011477427,1128071195615.5967,0.006842234043082929,FULL_BULL_ALIGNMENT
2023-12-06 00:00:00+00:00,1566531238369.0,1588188878118.0,1536613662623.0,1553572453278.0,171569384617.3521,1324579236709.7,0.03621927179787909,1182741279890.98,0.020628991163756494,1145966725279.675,0.009166508145328933,1130019380999.73,0.00743097138821458,FULL_BULL_ALIGNMENT
2023-12-07 00:00:00+00:00,1553653375910.0,1591347647255.0,1527811133480.0,1566272062201.0,118641168103.57497,1334661468522.22,0.0372531700352019,1187575851248.72,0.02112994489443132,1148383000913.09,0.009703427949175447,1132032523405.2,0.007919189267952875,FULL_BULL_ALIGNMENT
2023-12-08 00:00:00+00:00,1566386838011.0,1621399521769.0,1558083607793.0,1602584378156.0,125107684713.1551,1345239802754.76,0.038464170408763154,1192927674691.43,0.02191940161695971,1150957783136.42,0.010357109479095294,1134127061598.02,0.008413317732539394,FULL_BULL_ALIGNMENT
2023-12-09 00:00:00+00:00,1603027340842.0,1630254480882.0,1580698133016.0,1590833230049.0,121495701907.11095,1355034879029.38,0.03836534712364248,1198568556107.55,0.02248293505768828,1153404112418.55,0.010597501671147036,1136203014057.2366,0.008823459084860152,FULL_BULL_ALIGNMENT
2023-12-10 00:00:00+00:00,1591182756687.0,1616671554791.0,1580600394112.0,1602827523759.0,89384894041.1832,1364791891206.44,0.03801185368476623,1204389660427.92,0.022801611411771505,1156066950031.195,0.010825481198078801,1138343521972.45,0.009106097555524828,FULL_BULL_ALIGNMENT
2023-12-11 00:00:00+00:00,1602119444997.0,1608851957958.0,1471667390297.0,1520701185258.0,134834359316.54402,1372730327934.04,0.036351990043229865,1209364324138.34,0.02250960941332325,1158301833291.53,0.010763932093093453,1140137010098.1667,0.008953500504996326,FULL_BULL_ALIGNMENT
2023-12-12 00:00:00+00:00,1521438474976.0,1556974695949.0,1495313361883.0,1527772087536.0,143018197569.64627,1379133417561.12,0.03332077091289731,1214389397230.28,0.022578386006557816,1160524162715.315,0.01057239770405105,1141691345683.0366,0.00853228337361056,FULL_BULL_ALIGNMENT
2023-12-13 00:00:00+00:00,1528440468586.0,1591763630496.0,1487540142992.0,1571176859996.0,118014430721.8677,1386037247508.06,0.030327265569867645,1219881207543.82,0.022594440068935517,1162940686287.05,0.010411244726957758,1143507746772.03,0.008271282373592648,FULL_BULL_ALIGNMENT
2023-12-14 00:00:00+00:00,1571453274261.0,1604537673894.0,1531574388410.0,1588127341226.0,122380170162.3265,1393000310214.96,0.028018047190619066,1225541751823.72,0.022504508047305638,1165248882845.83,0.010269401937923472,1145242143570.42,0.007955558470933655,FULL_BULL_ALIGNMENT
2023-12-15 00:00:00+00:00,1588774096560.0,1598578131690.0,1531748114294.0,1542268883549.0,120832802840.346,1399119949980.42,0.02515259578779805,1230751595716.71,0.02188821122843554,1167376234746.48,0.009782551706871034,1146815019673.3467,0.0074419518689909925,FULL_BULL_ALIGNMENT
2023-12-16 00:00:00+00:00,1542922984209.0,1582920738336.0,1530543644991.0,1558728297518.0,93829843854.0866,1405774994315.54,0.02407221994667541,1235995748142.46,0.022021010106358485,1169573367408.55,0.009731085450318089,1148464233215.6533,0.007303703891490709,FULL_BULL_ALIGNMENT
2023-12-17 00:00:00+00:00,1558534822625.0,1570469621284.0,1520841827288.0,1525613889797.0,79892181335.7347,1411658002020.82,0.02358334882292734,1241007131054.51,0.021918615136906183,1171691639315.17,0.009622786804995176,1149938543096.73,0.007223666400623552,FULL_BULL_ALIGNMENT
2023-12-18 00:00:00+00:00,1526551599666.0,1566110490656.0,1480911995178.0,1558830469225.0,105931178525.8976,1417897722644.64,0.022986738050410516,1246355705153.05,0.021702521069682845,1174023961700.895,0.009530387529247841,1151586242048.2534,0.007064661607258715,FULL_BULL_ALIGNMENT
2023-12-19 00:00:00+00:00,1559162886900.0,1590429234085.0,1522866265039.0,1543841150466.0,105675389646.53032,1423726682886.4,0.0220576926265712,1251630882177.35,0.021287834800248095,1176184844474.225,0.009385086559093425,1153215721774.7634,0.006962351367445274,FULL_BULL_ALIGNMENT
2023-12-20 00:00:00+00:00,1540476578814.0,1612327568168.0,1533058526071.0,1584359778710.0,101672069493.4151,1430266200496.24,0.022261315419207506,1257584338168.51,0.021801915630403457,1178576882687.435,0.0095947198577222,1154999231811.1667,0.007136471006589318,FULL_BULL_ALIGNMENT
2023-12-21 00:00:00+00:00,1589623605268.0,1633678605707.0,1575051885666.0,1615411796183.0,134985622349.31862,1436912468562.82,0.0221496856703165,1263634803014.47,0.022361771805079256,1181119519723.005,0.009872106048411489,1156983172501.25,0.007417679226930707,FULL_BULL_ALIGNMENT
2023-12-22 00:00:00+00:00,1615378123513.0,1653163697185.0,1595068947285.0,1632230022145.0,137452710871.5935,1444228564778.14,0.023072559154337924,1269735700453.3,0.023149399129059667,1184006724586.895,0.010510517322563695,1159037112293.56,0.00791222213695697,FULL_BULL_ALIGNMENT
2023-12-23 00:00:00+00:00,1632598233993.0,1647086260568.0,1600006182090.0,1632811121696.0,127451005090.99524,1451535040826.96,0.023723374151120247,1275737372375.69,0.023574062445545607,1186682285946.15,0.010781998202929133,1161030630032.02,0.008201199040871243,FULL_BULL_ALIGNMENT
2023-12-24 00:00:00+00:00,1633134901823.0,1655079397295.0,1593332408218.0,1612131707224.0,100088329227.97142,1458127242570.58,0.02416233403341006,1281462526467.2,0.023834218789771544,1189426081406.04,0.011257785707767809,1162965444277.2766,0.008454378758822934,FULL_BULL_ALIGNMENT
2023-12-25 00:00:00+00:00,1612241432140.0,1656142806911.0,1599584196070.0,1639718098350.0,106291229003.84868,1465053572647.82,0.024322305973188962,1287463237556.08,0.023758962703912534,1192277219728.92,0.011624474603850077,1165046507466.4666,0.008698945746954845,FULL_BULL_ALIGNMENT
2023-12-26 00:00:00+00:00,1639996619271.0,1654532597596.0,1559528203013.0,1609350996534.0,132625997191.16628,1471118423012.8,0.02380517616650124,1293211206219.71,0.023405815615938907,1194997541052.085,0.011749887371546253,1166943103107.75,0.008608535407622186,FULL_BULL_ALIGNMENT
2023-12-27 00:00:00+00:00,1609131512496.0,1669610744652.0,1583159188084.0,1652296566402.0,136277286215.05061,1478029049367.7,0.02340383330858198,1299294062755.9,0.023279145645859645,1198147158884.62,0.01194286654297394,1169011869187.6968,0.008606072047510294,FULL_BULL_ALIGNMENT
2023-12-28 00:00:00+00:00,1652999050192.0,1684492944611.0,1609833184054.0,1624705292596.0,142546410925.56775,1484175202342.02,0.02248665075041134,1304972572010.54,0.022916315119316577,1201151713767.0,0.01219317756084437,1171126683986.2766,0.008695768822204242,FULL_BULL_ALIGNMENT
2023-12-29 00:00:00+00:00,1624609852151.0,1652294018821.0,1575090255925.0,1607040757399.0,125316971068.30038,1488959679412.78,0.02114523063696727,1310525950869.59,0.022679886303436092,1204076890412.79,0.012317544768676303,1173199889878.8667,0.008800300689888685,FULL_BULL_ALIGNMENT
2023-12-30 00:00:00+00:00,1607375872848.0,1630636331340.0,1582620902967.0,1606356762904.0,118466935412.97704,1493336657126.48,0.019305153754577864,1316271464222.09,0.02237596059107294,1206985324501.38,0.012336145091998096,1175257432034.1167,0.00876439223860248,FULL_BULL_ALIGNMENT
2023-12-31 00:00:00+00:00,1606221599861.0,1637858616584.0,1587956825124.0,1605069948147.0,78266805997.08559,1497767242232.16,0.01811466623114133,1321980958234.58,0.02224675434028245,1210049125690.57,0.012595494234434623,1177312942434.76,0.008886328133216992,FULL_BULL_ALIGNMENT
2024-01-01 00:00:00+00:00,1605027291842.0,1669598002565.0,1595363227445.0,1666127147547.0,79212428670.88957,1503405502306.26,0.017169116499716974,1328299824599.5,0.02232424720088133,1213364587349.575,0.012700800859154038,1179596992963.3533,0.009054761593662697,FULL_BULL_ALIGNMENT
2024-01-02 00:00:00+00:00,1666568531441.0,1725724499917.0,1654626287134.0,1677045628697.0,130566400551.88931,1509675256331.96,0.01718129635214294,1334837710265.59,0.022885644415527873,1216614121087.975,0.012872984439644686,1181993429776.9934,0.009278881558507868,FULL_BULL_ALIGNMENT
2024-01-03 00:00:00+00:00,1677477945839.0,1707033532615.0,1500518868869.0,1594468153191.0,174632992858.50217,1514855499120.48,0.017391887816541107,1340515981136.12,0.02288396521002145,1219410529704.34,0.012734767533237212,1184275689477.51,0.009440675620747685,FULL_BULL_ALIGNMENT
2024-01-04 00:00:00+00:00,1595445824620.0,1662303629892.0,1582758136712.0,1639719551687.0,159894005710.4781,1519470320633.94,0.017500182147639265,1346668204597.24,0.023093063400196234,1222461912298.845,0.012822515305940918,1186712840502.5134,0.009747148289519725,FULL_BULL_ALIGNMENT
2024-01-05 00:00:00+00:00,1640035468655.0,1649871750050.0,1576233102308.0,1628644790985.0,131211562259.22627,1525011910234.74,0.018190188191041345,1352669255703.99,0.023213872543513814,1225393055295.845,0.012680418736320531,1189061796527.92,0.009979380731908405,FULL_BULL_ALIGNMENT
2024-01-06 00:00:00+00:00,1630077025329.0,1633434949026.0,1585719098163.0,1610644131962.0,103349254731.31943,1529982647157.74,0.0176779616748175,1358249999696.79,0.02254775205313342,1228032284885.58,0.012088450321469102,1191151622395.9167,0.009795404279165032,FULL_BULL_ALIGNMENT
2024-01-07 00:00:00+00:00,1610827875869.0,1631113921276.0,1583257882350.0,1595821205830.0,72264676809.02841,1534687383842.18,0.016567885977671448,1363673885203.33,0.02160275718611704,1230340745918.98,0.011282644671861686,1192999654546.29,0.009311578636586049,FULL_BULL_ALIGNMENT
2024-01-08 00:00:00+00:00,1595938541589.0,1701462114515.0,1557216574743.0,1688435958436.0,118229734387.70236,1540678317357.92,0.01704639039989786,1370003096692.66,0.02199684000152602,1233141283951.44,0.011260157192860332,1195087185394.87,0.009129205313781252,FULL_BULL_ALIGNMENT
2024-01-09 00:00:00+00:00,1689167835349.0,1722792555694.0,1619349367218.0,1667056543051.0,140280850148.6611,1546291830370.32,0.017651881298471173,1375786908380.4,0.021622775145172968,1235714105585.225,0.010840577651584526,1197195600700.9468,0.008833442970073824,FULL_BULL_ALIGNMENT
2024-01-10 00:00:00+00:00,1667483765309.0,1763522290706.0,1617941487356.0,1727810859764.0,161395754294.39795,1554420688132.62,0.019284293913057526,1382406438437.69,0.021984075270656822,1238629897275.475,0.010802119305657776,1199432387473.2068,0.008721658517302666,FULL_BULL_ALIGNMENT
2024-01-11 00:00:00+00:00,1727904413064.0,1807588079721.0,1696407215130.0,1730357362200.0,223574246387.4286,1561262519573.82,0.020444592933252403,1389068925490.93,0.022690171765889833,1241540120158.025,0.010999576671311573,1201419826993.9434,0.008620400967404018,FULL_BULL_ALIGNMENT
2024-01-12 00:00:00+00:00,1730841045906.0,1753884651443.0,1585163129605.0,1630260653004.0,178133544439.48523,1566143991268.52,0.020497078269834157,1394676048040.29,0.022734293861129018,1244009069606.51,0.011109380659681145,1203141952072.2766,0.008501509189324796,FULL_BULL_ALIGNMENT
2024-01-13 00:00:00+00:00,1630587979238.0,1659154436670.0,1610852965956.0,1644900713178.0,174355936414.66702,1571047779912.82,0.019711747879323838,1400566823829.97,0.022309239454344487,1246479308555.94,0.010816298811892944,1204819623446.23,0.0081437054721194,FULL_BULL_ALIGNMENT
2024-01-14 00:00:00+00:00,1644985477366.0,1661009629445.0,1599261806024.0,1602390855015.0,78721431866.7393,1574945075506.28,0.018530295881533432,1405859097915.58,0.02185817393086098,1248878640176.565,0.010653382147082668,1206413002239.38,0.0076991608831809,FULL_BULL_ALIGNMENT
2024-01-15 00:00:00+00:00,1602503383027.0,1659797709955.0,1598456803306.0,1628813926666.0,97535070240.91663,1579631806191.88,0.016218980004407246,1411428101821.37,0.02099358233348414,1251339793704.595,0.010261254356185745,1207995633458.7834,0.007139415339297628,FULL_BULL_ALIGNMENT
2024-01-16 00:00:00+00:00,1629090241014.0,1668368904309.0,1613891552506.0,1654096981784.0,95798138450.51424,1585129406670.82,0.015286914787088435,1417269927171.45,0.020302089524141698,1253829349485.815,0.009898374710779256,1209776496122.0432,0.006955661077284736,FULL_BULL_ALIGNMENT
2024-01-17 00:00:00+00:00,1654220293493.0,1663182129366.0,1616693919595.0,1637907634694.0,107483488797.22742,1590006061487.84,0.01523619178846558,1423148683701.48,0.020415232412715367,1256216783159.855,0.009813203015639038,1211378713595.2834,0.006846042986714762,FULL_BULL_ALIGNMENT
2024-01-18 00:00:00+00:00,1637698367550.0,1646454473227.0,1561388413225.0,1586080224131.0,95875804527.78748,1593925174023.22,0.014561870366329277,1428563476351.55,0.019989515705520544,1258328586381.94,0.009506196969869984,1212928196210.2266,0.006730113459476161,MIXED
2024-01-19 00:00:00+00:00,1586533819174.0,1613238224603.0,1541363160256.0,1595406869400.0,113340102423.67567,1598011343712.56,0.01464576039190768,1434197323887.52,0.020157230560271744,1260414945732.46,0.009237331142331051,1214525093540.2766,0.006724141140586948,MIXED
2024-01-20 00:00:00+00:00,1595788230030.0,1607103344559.0,1580321899152.0,1597070974863.0,99860478228.93454,1601565718141.46,0.013885458537618023,1439923276914.68,0.020188895953352715,1262571537035.36,0.00897577411608852,1216060729605.9534,0.0066764282285338705,MIXED
2024-01-21 00:00:00+00:00,1597470093874.0,1608178219393.0,1585711644600.0,1589666895450.0,51958951572.24078,1604319476147.86,0.012106310939839382,1445523145908.55,0.019934959597630808,1264752702575.96,0.008711993457981126,1217687852388.9268,0.006539518904726149,MIXED
2024-01-22 00:00:00+00:00,1589360817470.0,1596181769446.0,1506992821789.0,1514588905858.0,81137740575.20198,1605303656249.12,0.009621092102608308,1450358239711.8,0.019119264432406746,1266685481880.76,0.008333512862781722,1219012916631.53,0.0063020779138414085,MIXED
2024-01-23 00:00:00+00:00,1514735808553.0,1538163821934.0,1455286365500.0,1509353047028.0,135557830817.59818,1605153916529.32,0.0070447111878895186,1455061598079.99,0.018548788462738885,1268515716400.675,0.008095763005770973,1220211861860.5767,0.006005026244016554,MIXED
2024-01-24 00:00:00+00:00,1510121795363.0,1535361332246.0,1490621987083.0,1517733686255.0,114992325849.6802,1604180707219.6,0.003860650633872975,1459497051983.07,0.01764033977345103,1270394738860.735,0.007917863210100018,1221468528186.3,0.005716995624836185,MIXED
2024-01-25 00:00:00+00:00,1517861140566.0,1527436015057.0,1489110541893.0,1509840043145.0,85603168397.43521,1603306059016.94,0.0010866496802264258,1463942647863.32,0.016681007477083343,1272253745692.215,0.007668641635617535,1222655796768.2666,0.005423304117755823,MIXED
2024-01-26 00:00:00+00:00,1510539687000.0,1581013349946.0,1501792905742.0,1566772630247.0,92606278725.31503,1603316070377.86,-0.000625440122692611,1468988769450.04,0.016233308756008258,1274346654140.64,0.007585634365627092,1224040797581.21,0.005217219815258689,MIXED
2024-01-27 00:00:00+00:00,1566751903363.0,1583838692721.0,1552791280967.0,1576590180931.0,84394581693.22598,1602796186433.36,-0.0015619909703681323,1474017994594.06,0.01631304200192729,1276463532305.13,0.007719398828075041,1225491736170.3132,0.005314807948619604,MIXED
2024-01-28 00:00:00+00:00,1576750591498.0,1605435294701.0,1558314405464.0,1573148962053.0,65670749791.79276,1602442501073.44,-0.0016891934337005532,1478738690051.41,0.01627222655223859,1278593911770.565,0.007944872294121774,1226949898140.9834,0.005522021618551198,MIXED
2024-01-29 00:00:00+00:00,1573816729564.0,1620881410076.0,1562764120568.0,1617167322170.0,67763290658.37987,1602729297041.66,-0.0009047672568359699,1483760594124.05,0.016624591401546374,1280580531715.66,0.008017817252659043,1228499628117.3633,0.00575626777834648,FULL_BULL_ALIGNMENT
2024-01-30 00:00:00+00:00,1617244998788.0,1645233124408.0,1594185720568.0,1607890694004.0,101898612497.19823,1604473087216.58,0.0007278885981105709,1488601707575.31,0.016844279895787517,1282730929604.88,0.008235137014247274,1229993389252.1367,0.006001355821699805,FULL_BULL_ALIGNMENT
2024-01-31 00:00:00+00:00,1608317179216.0,1629769657456.0,1571334585714.0,1583962751222.0,103226251267.24492,1605596900490.3,0.0014225704803809691,1492365159025.71,0.01591325275034028,1284764553442.29,0.008175090559385811,1231458798507.8533,0.006060256276834819,MIXED
2024-02-01 00:00:00+00:00,1584671486243.0,1608360813444.0,1556834656406.0,1600203065687.0,109752490630.5666,1606177424604.12,0.002109587107443911,1496107336056.09,0.014985801762965156,1286900877943.1,0.008176767587807054,1232982103456.46,0.006112132024287842,MIXED
2024-02-02 00:00:00+00:00,1600320166195.0,1622360758459.0,1584730842501.0,1609039731034.0,86469991138.81686,1606595672400.28,0.0025917755701423406,1499797991307.62,0.014241394641184346,1289095826984.445,0.008213644001587195,1234543951730.4734,0.006189375459418667,FULL_BULL_ALIGNMENT
2024-02-03 00:00:00+00:00,1609604803934.0,1621769591824.0,1595014562853.0,1601532128557.0,68895902428.3033,1607780937300.44,0.003151898619501381,1503450443640.43,0.013270233482648885,1291299393049.305,0.008370314141262547,1236046276450.3533,0.0061429797455900825,MIXED
2024-02-04 00:00:00+00:00,1601785925157.0,1610789755281.0,1576102877276.0,1588269611357.0,51926376130.48223,1608371763577.22,0.0024298795608987955,1507073378946.38,0.012408739877879826,1293415518458.495,0.008329563595154355,1237383271757.01,0.006008066847714044,MIXED
2024-02-05 00:00:00+00:00,1588933075698.0,1623551706602.0,1574249220540.0,1593544408746.0,67447194057.28624,1609730373956.2,0.0025744154492561844,1510694187988.51,0.012281866037911371,1295565535652.035,0.008406974009989243,1238703587144.4133,0.0058830946234973425,MIXED
2024-02-06 00:00:00+00:00,1593031184454.0,1623143385322.0,1582658193977.0,1608485933560.0,79167221169.52113,1610723483242.9,0.0028303589436269316,1514310602943.77,0.012167086176895436,1297777293264.485,0.008451634082936588,1240088187746.6433,0.005763331252142789,MIXED
2024-02-07 00:00:00+00:00,1608783264252.0,1656118519051.0,1595927446800.0,1650177371747.0,75207956124.61562,1612850207668.52,0.0038930362976115074,1518288445277.46,0.012328629640128153,1300250900665.095,0.008653409193593253,1241517865759.37,0.005648979948523758,FULL_BULL_ALIGNMENT
2024-02-08 00:00:00+00:00,1650840891139.0,1691667890563.0,1645590575109.0,1673255172426.0,102949375928.79988,1614628115542.84,0.004258775610250121,1522447158019.54,0.01263541107022581,1302785091526.315,0.00889468278141714,1242967413784.5,0.005599416029974824,FULL_BULL_ALIGNMENT
2024-02-09 00:00:00+00:00,1673447184231.0,1758657207372.0,1671737411324.0,1729299677301.0,125841902116.61734,1616905873165.2,0.00530605534195594,1526909170864.01,0.013161795699355938,1305748369335.745,0.009535103531113087,1244612565711.0,0.00584240479000897,FULL_BULL_ALIGNMENT
2024-02-10 00:00:00+00:00,1729648991774.0,1763587430571.0,1717169871085.0,1746732598395.0,110916076339.28394,1619195924690.2,0.005880208814558641,1531712244734.17,0.013912846764602582,1308785636869.545,0.010204116159092225,1246289673678.5632,0.006124214552117424,FULL_BULL_ALIGNMENT
2024-02-11 00:00:00+00:00,1746934238144.0,1777390771211.0,1737272020789.0,1757727930213.0,78283252817.28238,1621694260860.54,0.0068110869008704,1536614650843.75,0.01472884615390102,1311845713958.175,0.010840396704970612,1248102333307.2334,0.006462561001530531,FULL_BULL_ALIGNMENT
2024-02-12 00:00:00+00:00,1757975007620.0,1832377519164.0,1733796916722.0,1819522448749.0,80892738003.94727,1625842075691.04,0.008055222959173935,1541984659130.81,0.015607188427900986,1315233259702.555,0.011522667686518329,1250027669586.1033,0.006854354706791188,FULL_BULL_ALIGNMENT
2024-02-13 00:00:00+00:00,1820116437559.0,1839068267342.0,1767552133881.0,1810289120553.0,156206361804.19415,1629253496135.1,0.009058049003031865,1547153534391.46,0.016228068239858562,1318548797563.76,0.012100004935561959,1252153666121.9268,0.007390581792854123,FULL_BULL_ALIGNMENT
2024-02-14 00:00:00+00:00,1810484112771.0,1892526332989.0,1794506914182.0,1882294029987.0,164572924594.4406,1634712356804.16,0.011012690308374262,1552915389908.48,0.017031935848387247,1322208365658.4,0.012605795043824752,1254573127923.6233,0.008002942029540883,FULL_BULL_ALIGNMENT
2024-02-15 00:00:00+00:00,1883327832373.0,1933836596145.0,1864324935082.0,1897485120065.0,154928032133.84885,1639616127877.42,0.01261132323509706,1558822588622.56,0.017699371394066965,1325970859855.93,0.013130662884939692,1257176266286.9,0.00873520244792192,FULL_BULL_ALIGNMENT
2024-02-16 00:00:00+00:00,1898906584556.0,1927029755196.0,1871967936805.0,1899806475348.0,158571776665.64633,1645118151532.46,0.014444085569798037,1564646676937.24,0.018242716921967217,1329763171790.635,0.013658205108890709,1259717818003.5366,0.00930651628983381,FULL_BULL_ALIGNMENT
2024-02-17 00:00:00+00:00,1900662992256.0,1908304389665.0,1844941487334.0,1886558827089.0,112982325202.13382,1650708512926.26,0.015294497298977028,1569834096169.52,0.01806077438825371,1333429115582.33,0.013834698708798054,1262243279628.8633,0.009772271718436976,FULL_BULL_ALIGNMENT
2024-02-18 00:00:00+00:00,1886545322103.0,1928281021987.0,1869567638856.0,1914962276804.0,115537744063.62573,1656880623204.26,0.016956923606238572,1575108640165.37,0.01806873406711107,1337334423142.635,0.014247197838703096,1264880827517.3433,0.010164216852739827,FULL_BULL_ALIGNMENT
2024-02-19 00:00:00+00:00,1915495401438.0,1949717977958.0,1898837682963.0,1921386458676.0,103391264824.51698,1663206953414.84,0.017430954437994695,1580487097823.5,0.017754803702888733,1341301766027.415,0.014440538166998751,1267461884280.8533,0.010273419755579605,FULL_BULL_ALIGNMENT
2024-02-20 00:00:00+00:00,1921757399279.0,1964209405452.0,1871029733645.0,1934451817717.0,126595790966.05003,1668573446818.24,0.01766103568297228,1585989474562.25,0.017427824139818027,1345359496995.14,0.014622219632576705,1270095242113.55,0.010276184949630451,FULL_BULL_ALIGNMENT
2024-02-21 00:00:00+00:00,1934903303708.0,1944864957873.0,1861087579847.0,1915261646673.0,168861312046.2286,1673337767177.76,0.017153549499780762,1591506511754.86,0.017166709400615376,1349314944373.445,0.014703199033916592,1272569601869.6934,0.010202113268926283,FULL_BULL_ALIGNMENT
2024-02-22 00:00:00+00:00,1916028399718.0,1939904814157.0,1879862965727.0,1903524444139.0,141715021370.85892,1679518892996.72,0.017453341910369735,1597187196058.6,0.01742419785366045,1353218864810.705,0.014841245775357503,1275022144165.31,0.010123931529430807,FULL_BULL_ALIGNMENT
2024-02-23 00:00:00+00:00,1903861887111.0,1921484255965.0,1866358441634.0,1883456511689.0,119292679432.09267,1684393632196.76,0.016605305540535742,1601931976415.35,0.017029515022636055,1357010224650.925,0.014712701002680628,1277408348955.0432,0.009904112043731761,FULL_BULL_ALIGNMENT
2024-02-24 00:00:00+00:00,1883811296094.0,1930021177601.0,1872705427512.0,1920037860952.0,106561488346.75871,1690221493596.1,0.016242440620991117,1607616701915.42,0.01716534360152666,1360892221435.915,0.01460555402571484,1279932195357.0967,0.009838805593210376,FULL_BULL_ALIGNMENT
2024-02-25 00:00:00+00:00,1920150511579.0,1951440038038.0,1906198921492.0,1940343014674.0,85573034674.81879,1696815471250.34,0.016925850333980863,1613399059204.04,0.017282324429899187,1364894008953.765,0.014519919770332956,1282632709726.5867,0.009871281457737968,FULL_BULL_ALIGNMENT
2024-02-26 00:00:00+00:00,1943733866577.0,2036888840703.0,1906947403760.0,2020882304599.0,99932574424.6787,1705316693225.72,0.01911086134265383,1620002038533.95,0.017904750353593846,1369322177429.12,0.014827696928062517,1285540370053.7534,0.010192580559053921,FULL_BULL_ALIGNMENT
2024-02-27 00:00:00+00:00,2021451028084.0,2115281958298.0,2009474231469.0,2084934809677.0,209733954775.45773,1713246670250.54,0.020081808781347243,1626962493804.23,0.018642334360748025,1374077165963.955,0.015413841541565887,1288615422632.7166,0.010661209712796937,FULL_BULL_ALIGNMENT
2024-02-28 00:00:00+00:00,2085365032011.0,2287527037336.0,2051857642494.0,2224988400057.0,200424495433.2652,1724405307390.66,0.023754349594469426,1635348568880.49,0.020860181928521238,1379529254519.045,0.01659459115270301,1292191311129.78,0.011572620600788897,FULL_BULL_ALIGNMENT
2024-02-29 00:00:00+00:00,2226318209403.0,2304856877207.0,2162109577691.0,2199526682153.0,364430927320.5451,1733839623838.44,0.025806162332924876,1644130155985.53,0.02271278596857429,1384854988739.905,0.01760813011239515,1295575718494.87,0.012222149887720413,FULL_BULL_ALIGNMENT
2024-03-01 00:00:00+00:00,2200184471619.0,2286765706832.0,2189182125153.0,2259516670390.0,224595930673.6977,1744422810002.24,0.02805687451495209,1652842664788.03,0.024447519886028113,1390458116533.93,0.01872973828917357,1299258631327.6833,0.01296234025143539,FULL_BULL_ALIGNMENT
2024-03-02 00:00:00+00:00,2260274008873.0,2298731370908.0,2232326762462.0,2275153886343.0,197185913265.3358,1757320674669.02,0.030495204585683666,1661732332968.77,0.02575940859468595,1396208566450.285,0.019634816016522505,1303029525114.2932,0.013604516410331335,FULL_BULL_ALIGNMENT
2024-03-03 00:00:00+00:00,2275714483973.0,2325180410176.0,2219612176718.0,2305499410595.0,161733634570.1858,1770532648617.36,0.03343708723417094,1670790214265.09,0.026938371737371902,1402191095044.375,0.020460225798670573,1306999749719.56,0.01426672905193338,FULL_BULL_ALIGNMENT
2024-03-04 00:00:00+00:00,2305433127314.0,2467622881296.0,2269931745958.0,2441517722891.0,213809118518.68347,1787315185974.88,0.03648207200163056,1681130130740.58,0.027994986959526846,1409198381168.81,0.021506703502354396,1311428894531.4766,0.014887565978815465,FULL_BULL_ALIGNMENT
2024-03-05 00:00:00+00:00,2442336285576.0,2520561461194.0,2120692842231.0,2315662932328.0,359291764170.5971,1801052166088.12,0.038765143745465025,1690341986140.0,0.028107160486189997,1415627228279.05,0.022220550013792417,1315430941183.0166,0.015325405072590614,FULL_BULL_ALIGNMENT
2024-03-06 00:00:00+00:00,2315915889916.0,2487066350422.0,2271192786172.0,2426165733609.0,485008105928.8555,1816493541124.62,0.041314944237794915,1700811473897.72,0.02902200562195789,1422585175430.365,0.023105376936142452,1319889376992.3066,0.015878859810645407,FULL_BULL_ALIGNMENT
2024-03-07 00:00:00+00:00,2426833178002.0,2512707401350.0,2390770908591.0,2465617145896.0,262608316038.6046,1833047731348.66,0.04309233810949298,1711526896418.25,0.029965453798759256,1429712300286.8,0.02399622423295611,1324471225263.0,0.016455268077541163,FULL_BULL_ALIGNMENT
2024-03-08 00:00:00+00:00,2466319054427.0,2574881822621.0,2429208297016.0,2503388313525.0,219955908532.127,1851393893136.54,0.045670575226232524,1722659533579.88,0.031044782805126125,1437057090909.345,0.024865366773611175,1329192258502.9666,0.016979734531830104,FULL_BULL_ALIGNMENT
2024-03-09 00:00:00+00:00,2504598513043.0,2547615128911.0,2491005131829.0,2521913195366.0,264787548704.49335,1869924019655.86,0.04621951087822351,1733967681684.21,0.03142978046580702,1444531370664.145,0.0250731124641439,1333961740566.58,0.017181904508176693,FULL_BULL_ALIGNMENT
2024-03-10 00:00:00+00:00,2522435004619.0,2584077328279.0,2480702990969.0,2531823478301.0,169593346766.02463,1888619069724.62,0.04861985970494964,1745092393933.04,0.03239013657707579,1451964031522.825,0.025668341578841236,1338735882672.2834,0.01771658302967083,FULL_BULL_ALIGNMENT
2024-03-11 00:00:00+00:00,2532516313003.0,2671812347271.0,2450504898176.0,2641037935532.0,258682682264.14124,1909646490526.26,0.05128173995266039,1756982983337.06,0.033026299681888194,1459992336485.835,0.02629519954343218,1343892219658.4133,0.018185495757836234,FULL_BULL_ALIGNMENT
2024-03-12 00:00:00+00:00,2641515789527.0,2684084186532.0,2505237490741.0,2617264122433.0,259525653140.8865,1931699994857.76,0.053818709585111035,1768501825553.44,0.03328894757916023,1467921049973.395,0.026724782097020672,1348940198301.28,0.0184745221878424,FULL_BULL_ALIGNMENT
2024-03-13 00:00:00+00:00,2617763180313.0,2714081192337.0,2595444519532.0,2677420625715.0,285635591775.8872,1955061346431.5,0.05599427203431673,1780107631480.41,0.03334849213131896,1476160690981.075,0.02721088836281793,1354241935464.7566,0.018845789088482112,FULL_BULL_ALIGNMENT
2024-03-14 00:00:00+00:00,2678317463212.0,2721321698194.0,2514258370065.0,2627870915642.0,238222471786.35135,1977264091019.24,0.05740344005160947,1790722399119.42,0.03273112759522934,1484131126684.435,0.027413565966437625,1359364798876.5833,0.01904331851317842,FULL_BULL_ALIGNMENT
2024-03-15 00:00:00+00:00,2628065394540.0,2672116405226.0,2404668227212.0,2558322622371.0,395962771541.5741,1998233742603.76,0.058039588097097194,1800769900810.35,0.031905191421885526,1491755590350.665,0.02740533371622611,1364234450456.5667,0.019046750082910124,FULL_BULL_ALIGNMENT
2024-03-16 00:00:00+00:00,2558867184130.0,2595072626069.0,2376473607160.0,2406808247395.0,252096627499.48636,2015034454946.72,0.05518715895496307,1809175262662.29,0.029705625962353155,1498375556955.505,0.026290015029844183,1368647088162.8232,0.018420278160924175,FULL_BULL_ALIGNMENT
2024-03-17 00:00:00+00:00,2406901870747.0,2538900578166.0,2355274738563.0,2512429612836.0,271917324005.59308,2033751243584.82,0.05282976083176649,1818273715009.09,0.028143532981694586,1505600694850.26,0.02566871350305111,1373396427093.9766,0.01812995774274806,FULL_BULL_ALIGNMENT
2024-03-18 00:00:00+00:00,2513688703628.0,2544586944697.0,2417488771408.0,2463505576216.0,214523376456.05756,2051558375868.08,0.04935754553825755,1827000438470.76,0.026342680723947076,1512784497289.155,0.024810175837794102,1377936221102.62,0.01749634612351003,FULL_BULL_ALIGNMENT
2024-03-19 00:00:00+00:00,2466115915175.0,2492143765040.0,2236199991121.0,2262098626895.0,330606025732.6571,2064457001962.58,0.044097756763687546,1833593149502.12,0.02394047810189992,1518991404965.02,0.023488678091714954,1381909016521.5034,0.016584376514348076,FULL_BULL_ALIGNMENT
2024-03-20 00:00:00+00:00,2262036677589.0,2486945752515.0,2207573198911.0,2473993001561.0,287069604540.3632,2081779048113.72,0.04180957599139412,1843126067665.15,0.02352114328195931,1526245195901.745,0.023120144998399317,1386576578082.7366,0.016377044003464958,FULL_BULL_ALIGNMENT
2024-03-21 00:00:00+00:00,2474032504472.0,2509753972079.0,2371606501144.0,2417043946821.0,262777524084.4492,2098440672025.7,0.04139195579223243,1852018786258.0,0.023681245526574246,1533204091744.14,0.023244195773856502,1391022370562.8767,0.016348467470959527,FULL_BULL_ALIGNMENT
2024-03-22 00:00:00+00:00,2417350720275.0,2466009435423.0,2295418663658.0,2355452249825.0,197119470166.92712,2113545655708.46,0.03923508952992161,1859861540156.29,0.02287214779816149,1539871373850.055,0.022762130169714956,1395247637576.7966,0.015910344640298835,FULL_BULL_ALIGNMENT
2024-03-23 00:00:00+00:00,2355736388465.0,2438186929486.0,2323133799778.0,2365208433132.0,172315686449.7052,2128669029750.42,0.03758638057262775,1867632351075.35,0.02223968410133481,1546587051449.535,0.022344593179631778,1399376705589.0034,0.015559852595518953,FULL_BULL_ALIGNMENT
2024-03-24 00:00:00+00:00,2365179890618.0,2485107504318.0,2351828978165.0,2467923335341.0,121504726902.27245,2145996853886.1,0.039496996956586594,1876888895593.27,0.023612515187955374,1553820245654.99,0.022928925454171356,1403880455028.7434,0.015899337977073102,FULL_BULL_ALIGNMENT
2024-03-25 00:00:00+00:00,2468456644195.0,2605197376560.0,2439242083369.0,2555595743429.0,145132635619.1813,2165343376527.54,0.04014082497829774,1886857570052.38,0.023726810202749027,1561426659097.42,0.023050990293134843,1408668101623.16,0.01593242226186309,FULL_BULL_ALIGNMENT
2024-03-26 00:00:00+00:00,2555923586427.0,2625252772749.0,2525606815838.0,2560488622826.0,205793346733.77707,2184682260809.14,0.041097939976634024,1897206317382.67,0.02439906736365849,1569106724218.59,0.023416734058939292,1413529865337.67,0.016180541198403287,FULL_BULL_ALIGNMENT
2024-03-27 00:00:00+00:00,2560682726757.0,2622190377485.0,2487827821655.0,2530928910256.0,179379088432.83426,2203131120343.06,0.04238633993670282,1906927301792.98,0.025306056725456383,1576641503473.015,0.023878701979520356,1418325075064.9233,0.016540029788695065,FULL_BULL_ALIGNMENT
2024-03-28 00:00:00+00:00,2531059192419.0,2611101860517.0,2503001577958.0,2576541169688.0,215967719946.8734,2221658396301.88,0.04368427653704465,1917254301985.2,0.02656944279278428,1584442592081.275,0.02447682501690407,1423207996977.8833,0.017029932893479982,FULL_BULL_ALIGNMENT
2024-03-29 00:00:00+00:00,2576790619780.0,2603999481387.0,2514948213809.0,2557936129924.0,156357373323.04858,2239352015451.84,0.04350200299533835,1926990065497.34,0.026693732389648783,1592287201832.925,0.024756374674291814,1428047943624.07,0.01721477673455607,FULL_BULL_ALIGNMENT
2024-03-30 00:00:00+00:00,2558274760624.0,2590360916257.0,2534874893519.0,2546829911426.0,131852723577.16821,2255702620134.34,0.041729752697101,1936304246649.77,0.026205834177519538,1599969524832.12,0.024684390720586258,1432847762031.9268,0.01716490944950433,FULL_BULL_ALIGNMENT
2024-03-31 00:00:00+00:00,2546979648025.0,2626097227149.0,2542043550723.0,2617086017392.0,101709650119.45763,2273109688514.28,0.04047610459948037,1946152806602.24,0.025799244273598587,1607944253527.77,0.02475136248525156,1438055418592.01,0.01735057309771193,FULL_BULL_ALIGNMENT
2024-04-01 00:00:00+00:00,2615096676560.0,2623622954030.0,2476430758169.0,2536634085712.0,129435202432.35777,2288687811624.26,0.038834134968724454,1955191036242.4,0.02530968768659414,1615464204309.045,0.024623670473288728,1442851869378.2334,0.01729278762993558,FULL_BULL_ALIGNMENT
2024-04-02 00:00:00+00:00,2536625529468.0,2541877256360.0,2352944050016.0,2390828767402.0,129435202432.35777,2300113937997.32,0.03531395367804313,1962978006844.18,0.023848534235461516,1622220266655.69,0.02384287999023771,1447276723218.7534,0.016911601320382497,FULL_BULL_ALIGNMENT
2024-04-03 00:00:00+00:00,2391096339805.0,2451678466339.0,2341631294051.0,2401975587136.0,129436109577.28836,2311947667328.98,0.032418151043793086,1970600581732.04,0.022631417263401676,1629031909644.06,0.02307668350837533,1451718340396.6267,0.016575351603732802,FULL_BULL_ALIGNMENT
2024-04-04 00:00:00+00:00,2401903071836.0,2514569239343.0,2366719085719.0,2466445746216.0,129189966052.76897,2323630701653.56,0.030113934750483518,1979171529228.86,0.022138712267589122,1636191367724.285,0.022639083013762606,1456388870444.3433,0.016429594989933127,FULL_BULL_ALIGNMENT
2024-04-05 00:00:00+00:00,2472410382189.0,2487740157862.0,2377414159709.0,2445593890576.0,186131221774.6211,2334592877063.78,0.02704805177689673,1987104502470.6,0.02104238461103014,1643199282613.25,0.02192552945049675,1461132940079.9468,0.016047727500329456,FULL_BULL_ALIGNMENT
2024-04-06 00:00:00+00:00,2446203753526.0,2513360712611.0,2433778391729.0,2484982642301.0,131562211732.88235,2346296400402.84,0.025171012178238472,1995707275967.65,0.020722394371813557,1650339923989.095,0.021588667571230236,1466003567833.8833,0.016045790248465863,FULL_BULL_ALIGNMENT
2024-04-07 00:00:00+00:00,2485367865005.0,2543207875460.0,2477091379693.0,2513494627705.0,98114771240.435,2358835116415.16,0.02552968244215248,2004771814670.71,0.021291021947678734,1657648882770.15,0.021839584206094553,1470975198498.7634,0.016374529417777506,FULL_BULL_ALIGNMENT
2024-04-08 00:00:00+00:00,2513672853868.0,2642995642027.0,2491471127604.0,2604006917642.0,151097482522.9608,2372616009231.92,0.026241226287371244,2014748316218.09,0.02240318758418658,1665509890220.09,0.022392428509273588,1476239655073.6167,0.01689123433564288,FULL_BULL_ALIGNMENT
2024-04-09 00:00:00+00:00,2603618711886.0,2619894215425.0,2476049758262.0,2508830873000.0,163252614957.38486,2384364897518.4,0.026137628419877545,2023785925466.62,0.022541955347924247,1672883441850.6,0.022425295017506786,1481294725615.92,0.017101102375204125,FULL_BULL_ALIGNMENT
2024-04-10 00:00:00+00:00,2508579368012.0,2569204771826.0,2438297553736.0,2546610283168.0,165997011395.60342,2396608066827.42,0.02656359932085328,2032590756822.83,0.022890720792829944,1680445290711.165,0.022666762633124504,1486439977173.9934,0.017320146853072815,FULL_BULL_ALIGNMENT
2024-04-11 00:00:00+00:00,2549305013335.0,2585500297169.0,2502465402538.0,2526464480007.0,160128065853.8038,2408832123494.1,0.02665295104255505,2041084945335.93,0.022737637886437012,1687961327800.76,0.022796154455700934,1491437729170.6267,0.017349317487899363,FULL_BULL_ALIGNMENT
2024-04-12 00:00:00+00:00,2526665089944.0,2571337966999.0,2280328206228.0,2376617539674.0,134327411698.96725,2418293985404.8,0.025206877994932597,2048906439200.76,0.02201478702318016,1694711210168.44,0.022358370209470513,1495909166203.1467,0.016950637733273988,MIXED
2024-04-13 00:00:00+00:00,2377325352629.0,2411675601225.0,2097547039291.0,2235310398911.0,250244012861.8722,2425331063149.24,0.02221811439870769,2054862347673.0,0.01991019480299583,1700765276135.12,0.0211679234822022,1499928724090.23,0.0160468992518914,MIXED
2024-04-14 00:00:00+00:00,2236078928542.0,2333785410591.0,2170997183570.0,2323019808928.0,325796588501.4732,2433390702108.76,0.020561368203912522,2061806097852.43,0.01878665717918926,1707237676778.21,0.02053594056117025,1504197402814.7068,0.015461256158367798,MIXED
2024-04-15 00:00:00+00:00,2323270761426.0,2383800794883.0,2205844049111.0,2253596551308.0,209376199468.4414,2439655772841.44,0.017961929866574078,2068235622045.89,0.017536666002937462,1713242810871.34,0.019517160327364946,1508100063939.0166,0.014571787019751259,MIXED
2024-04-16 00:00:00+00:00,2253956464044.0,2282633942207.0,2172584095650.0,2252357730928.0,215366454510.43036,2444285281368.02,0.014717986167709363,2074800987296.87,0.016518686318266473,1719237436250.1,0.018528924765172095,1511827493044.9434,0.013671213672229676,MIXED
2024-04-17 00:00:00+00:00,2253431255905.0,2283962048839.0,2124468716464.0,2179129617690.0,158713491219.75043,2446169177528.28,0.011526800418690142,2079707923889.41,0.015033133821700906,1724855510291.035,0.01778727841164085,1515330163930.7634,0.012982738635735735,MIXED
2024-04-18 00:00:00+00:00,2179436794559.0,2271591785683.0,2152717169378.0,2248980072346.0,187757375684.07983,2446649010974.06,0.008789706341013392,2085527159182.36,0.014923049003299882,1730657033781.38,0.017575475032149512,1518985123450.9368,0.012704869941246866,MIXED
2024-04-19 00:00:00+00:00,2249769977987.0,2314792594543.0,2114664103779.0,2257630306703.0,207969913936.4916,2447811083465.06,0.005926044405365705,2090825353651.75,0.014074677453687956,1736615896044.72,0.017208042949210522,1522695049400.9,0.012297353094467223,MIXED
2024-04-20 00:00:00+00:00,2258445287600.0,2339352645198.0,2232529264774.0,2323924120941.0,128054024659.09537,2449099232476.08,0.003870816424089707,2096761021239.16,0.013792141905501376,1742914973365.045,0.017319297828317648,1526613753851.7366,0.01227616811073129,MIXED
2024-04-21 00:00:00+00:00,2324428527689.0,2354623012060.0,2290231817798.0,2318855632543.0,109302480203.98492,2449973267400.08,0.0023270548963403304,2103646971034.55,0.013903012343974952,1749161509537.42,0.01740543374426995,1530555036749.19,0.0123873549002127,MIXED
2024-04-22 00:00:00+00:00,2317830970171.0,2400825577478.0,2301194439161.0,2379436233485.0,118126383297.11275,2451452003857.88,0.002159632448209603,2110992326237.62,0.015042690364761802,1755779575033.795,0.01792849578312916,1534650314449.8333,0.012749796037157646,MIXED
2024-04-23 00:00:00+00:00,2387009212645.0,2416716093621.0,2346490044116.0,2377729633390.0,118092802491.88408,2450176242067.86,0.001441657989347478,2118745714021.37,0.015928133418331214,1762302405968.475,0.018285178154537007,1538834331458.1667,0.013067414355010465,MIXED
2024-04-24 00:00:00+00:00,2377528410513.0,2416208847385.0,2281306371004.0,2307178781487.0,130353793139.46986,2450006559051.04,0.0008969138185583869,2125529362569.58,0.016598234212731988,1768478732195.475,0.01834765892868151,1542736316659.59,0.013161707767143094,MIXED
2024-04-25 00:00:00+00:00,2307068600479.0,2343357069686.0,2252202998603.0,2311347108637.0,160162920100.1863,2447710186551.6,-0.0005671660445851767,2132101863838.11,0.016854969279266774,1774685895504.78,0.01822861276955745,1546586854269.9133,0.013083270321509577,MIXED
2024-04-26 00:00:00+00:00,2311424607831.0,2326559777505.0,2265670160026.0,2282793092322.0,130359103291.5542,2444053705480.12,-0.0024161740859490743,2138550718414.39,0.016592017510749235,1780849701057.935,0.01811621816952469,1550328094911.3667,0.012918880855257386,MIXED
2024-04-27 00:00:00+00:00,2283158925527.0,2314014490278.0,2231467332838.0,2293688103009.0,104932614910.1238,2439859701269.8,-0.004728749561417889,2145626797203.17,0.016406725185627913,1787095136777.36,0.01783570226516762,1554094656655.6833,0.012670210290101735,MIXED
2024-04-28 00:00:00+00:00,2293817390159.0,2337131045483.0,2272081257620.0,2283746577955.0,93061369387.58829,2435096368921.58,-0.006154607528784495,2152510194288.72,0.015936070121064683,1793353759088.12,0.017619764357400758,1557780028584.5466,0.012311719812247324,MIXED
2024-04-29 00:00:00+00:00,2283895160102.0,2315941424012.0,2222668688063.0,2290490864007.0,106737453951.62733,2430269716635.7,-0.008055832480295289,2159444393180.16,0.015956039567281977,1799683835047.42,0.017645167161951303,1561529155750.2932,0.012181497828089194,MIXED
2024-04-30 00:00:00+00:00,2290323819619.0,2319055188947.0,2119775975258.0,2177042559326.0,138212467155.88327,2420989809111.58,-0.010916479241222743,2165318149818.92,0.015579127125293857,1805420647863.735,0.017318418113766,1564941184990.28,0.011867636576434748,MIXED
2024-05-01 00:00:00+00:00,2176754959443.0,2194726078917.0,2040559891811.0,2128979011294.0,183880759247.5016,2411224106888.8,-0.013432437477829962,2171462050873.28,0.015389549649442946,1810910145292.54,0.016879832260267236,1568277671544.9333,0.01157792127516899,MIXED
2024-05-02 00:00:00+00:00,2124235039140.0,2168324473490.0,2070344994323.0,2146222531221.0,166165636455.54013,2400600144998.92,-0.016090907297025225,2177830745715.21,0.015009109950536503,1816446171897.6,0.0164238794657392,1571620726172.1868,0.011277350090256766,MIXED
2024-05-03 00:00:00+00:00,2146204051246.0,2278471133542.0,2135101194588.0,2260955207064.0,124168535253.51817,2393261830827.36,-0.01717982853908462,2185262960923.3,0.015216079682913275,1822380006453.185,0.016185455445123287,1575350812881.59,0.011279374478185389,MIXED
2024-05-04 00:00:00+00:00,2261374213932.0,2319017616166.0,2249643224842.0,2288077104488.0,130417277191.14944,2387856920469.7,-0.017451888519070757,2193045331536.73,0.015559992404845735,1828493989700.025,0.016008453313604232,1579184274307.0532,0.011306300936966496,MIXED
2024-05-05 00:00:00+00:00,2288353431361.0,2320606894288.0,2252684470153.0,2297205709199.0,87947778846.89049,2385664869705.78,-0.014591114457752852,2200349662326.25,0.016178459738241946,1834669215888.145,0.016200417370333176,1583014323535.8433,0.011548765358664559,MIXED
2024-05-06 00:00:00+00:00,2297281039334.0,2359323683739.0,2250339139882.0,2269224983140.0,113320782411.91425,2380800777111.86,-0.012617379566677966,2207276010348.34,0.016493016518827286,1840647002471.2,0.01642094570841124,1586734358319.5334,0.011768762069039873,MIXED
2024-05-07 00:00:00+00:00,2269228176326.0,2315565636654.0,2229382372978.0,2232975759375.0,123282614070.57343,2376190180775.04,-0.010168275743351995,2213874278321.56,0.016550199172853164,1846306484186.485,0.01643886438852782,1590354033954.23,0.011919738312226036,MIXED
2024-05-08 00:00:00+00:00,2233181463155.0,2261553051508.0,2182563796846.0,2201175784987.0,111955529085.57758,2374971723936.88,-0.007642334263174622,2219714362949.73,0.015765334718286672,1851737478536.89,0.016109412954349756,1593625142127.0166,0.011600164925804402,MIXED
2024-05-09 00:00:00+00:00,2201044499562.0,2277860809286.0,2181625835225.0,2263262936891.0,114102709801.97691,2370757122643.48,-0.0071611484254494595,2226268085378.6,0.015149141408121292,1857434896476.955,0.015827728688174725,1597243314862.7866,0.011435676538545714,MIXED
2024-05-10 00:00:00+00:00,2263334098410.0,2284413308499.0,2167041248704.0,2189327577092.0,110729915310.1653,2366202795248.9,-0.00815792473788668,2232321733637.3,0.01453045025455113,1862343446331.505,0.015084043599632224,1600616946840.6267,0.011119686690810315,MIXED
2024-05-11 00:00:00+00:00,2189337402228.0,2215949624075.0,2173618681814.0,2189962386609.0,110686595083.27959,2362892997984.58,-0.0075217461702123956,2238219326846.52,0.014018779868538944,1867163331451.305,0.01440598275742433,1604007027577.5732,0.010885671673696473,MIXED
2024-05-12 00:00:00+00:00,2190102146384.0,2223086855796.0,2177754006120.0,2203262820120.0,62272359775.57156,2359654085724.34,-0.006959078942623487,2244161557737.38,0.013680668189876677,1871979774522.5,0.013905215930239745,1607451070568.7566,0.010750459488581221,MIXED
2024-05-13 00:00:00+00:00,2203384773245.0,2266912817551.0,2164209612330.0,2236694728202.0,106462599958.7791,2355029513581.56,-0.008396820119720205,2250513183733.83,0.013875127943566712,1876981813687.13,0.013632782963482581,1611037323277.48,0.010926146111891244,MIXED
2024-05-14 00:00:00+00:00,2236780339017.0,2249040641916.0,2171868687874.0,2186898719451.0,123032840752.32095,2347655573102.0,-0.009744376309506086,2256499474814.77,0.013579402065150958,1881786426880.575,0.013110300904655148,1614443503910.5867,0.010768671803317309,MIXED
2024-05-15 00:00:00+00:00,2186513302167.0,2336982753155.0,2175176915121.0,2326376874410.0,136716200831.52588,2342973338133.68,-0.009817187758319856,2263827799471.41,0.014113586477866313,1887260993729.96,0.013379673576073392,1618319623591.8267,0.011059908359799753,MIXED
2024-05-16 00:00:00+00:00,2326964765161.0,2351293087439.0,2268568643609.0,2294503122498.0,171905740055.61694,2338244822378.52,-0.010431354964902662,2270687971360.79,0.014506462402867237,1892499287152.28,0.01356922304235808,1622080852629.92,0.011267921362939637,MIXED
2024-05-17 00:00:00+00:00,2294765350271.0,2382814977230.0,2286551548623.0,2362379506611.0,141840636854.86948,2333961589116.98,-0.010888247037053822,2277809992709.43,0.014993766761594252,1898049218993.445,0.013926135755176539,1626103931346.54,0.011603999101001294,FULL_BULL_ALIGNMENT
2024-05-18 00:00:00+00:00,2362771776970.0,2386552886828.0,2346388626619.0,2364760009426.0,115893918612.75766,2330098066707.02,-0.010586468972367147,2284725041079.43,0.015201802678995735,1903586099549.485,0.014173971036029354,1630098408044.02,0.011831560008654707,FULL_BULL_ALIGNMENT
2024-05-19 00:00:00+00:00,2364908490179.0,2387793909895.0,2318690663242.0,2333790197264.0,84658240515.53793,2325837272423.78,-0.009293654882002733,2290769946279.06,0.015187449342129122,1908839558571.535,0.014376302913293726,1634088894983.5166,0.012168521862390369,FULL_BULL_ALIGNMENT
2024-05-20 00:00:00+00:00,2335013383755.0,2556846822777.0,2321061461054.0,2547978109023.0,107399075966.6013,2324455114256.4,-0.007903727957925155,2298782401385.34,0.015440486207516146,1915247323059.755,0.014829072090597917,1638784558374.81,0.01264579288580947,FULL_BULL_ALIGNMENT
2024-05-21 00:00:00+00:00,2548559595395.0,2598328404458.0,2483740748991.0,2538207507487.0,211493238783.92487,2324486582691.9,-0.005884003058595377,2306587197158.08,0.01580984540811925,1921600924000.915,0.015377356835058809,1643426208358.1433,0.013159242767470936,FULL_BULL_ALIGNMENT
2024-05-22 00:00:00+00:00,2538359663536.0,2562184220363.0,2481576640523.0,2505153515757.0,201679137427.1341,2326773077659.0,-0.0030799613376241153,2313443507828.16,0.015643760995334155,1927714083479.485,0.01562913342245764,1647970009077.7566,0.013446912777038689,FULL_BULL_ALIGNMENT
2024-05-23 00:00:00+00:00,2505476651035.0,2561064135485.0,2395103389414.0,2477520965675.0,186134044489.61435,2328283985229.78,-0.0007785429734311622,2320115826279.38,0.015490172586907436,1933634680335.42,0.015785249111162525,1652404473802.3,0.013683876782043747,FULL_BULL_ALIGNMENT
2024-05-24 00:00:00+00:00,2477347543281.0,2519176886752.0,2412671681608.0,2479912142495.0,260182398056.21573,2328553313155.36,0.0011677690282905218,2326092007404.46,0.015419296548208283,1939503698656.47,0.016064283636222587,1656836246240.42,0.013920510277461329,FULL_BULL_ALIGNMENT
2024-05-25 00:00:00+00:00,2479804565774.0,2520947412043.0,2473391274884.0,2504776627438.0,126985359392.14972,2329736967892.6,0.002272297539240631,2332164922478.19,0.014521827325949754,1945493755550.375,0.015792442117762207,1661368880730.0166,0.013781141785716766,MIXED
2024-05-26 00:00:00+00:00,2504867921021.0,2531915266602.0,2468104946489.0,2490752253563.0,91258316977.72554,2329852360117.84,0.0023083710036846394,2338074380260.34,0.013650983210630407,1951360528598.79,0.015486880874262532,1665866907947.2034,0.013654826407739629,MIXED
2024-05-27 00:00:00+00:00,2490722421462.0,2574113689364.0,2481394891030.0,2530033233519.0,124378973163.99582,2330183132234.12,0.001465572473681398,2344509124324.64,0.013428301314192925,1957171610247.08,0.015281066326197523,1670455785163.1,0.013644529913458214,MIXED
2024-05-28 00:00:00+00:00,2530193778394.0,2544428261909.0,2453772502877.0,2497621520867.0,171631362085.0643,2328055424298.62,-9.81671190497524e-05,2350335716765.27,0.013025164581697446,1962722178465.32,0.015042912927510477,1675001521016.8467,0.013675251775704389,MIXED
2024-05-29 00:00:00+00:00,2499017734891.0,2526212308141.0,2450440605964.0,2468000055454.0,160263517262.73477,2327238807947.7,-0.0005645158305945808,2355801852733.05,0.012772429136086227,1968144475278.275,0.01476706470920619,1679468461595.96,0.013659898741891663,MIXED
2024-05-30 00:00:00+00:00,2461048274256.0,2515816617327.0,2426790885715.0,2467132548977.0,148342096098.9905,2325649253263.88,-0.001754582034390717,2361128660045.65,0.012419249294206347,1973559067303.95,0.01442580407853078,1683949218011.9766,0.013591404981678767,MIXED
2024-05-31 00:00:00+00:00,2467331298143.0,2505539828471.0,2422213397724.0,2453236076948.0,134723521390.1661,2324184685202.7,-0.002432632647526689,2366508404348.4,0.012161300054489343,1979007458051.63,0.014168027408390849,1688379431031.7634,0.01351399861367164,MIXED
2024-06-01 00:00:00+00:00,2453604661457.0,2476770917934.0,2445192142405.0,2465703543333.0,113337706563.90292,2325966405275.88,-0.0018096118283189577,2372130195340.34,0.011781174459560395,1984658695699.47,0.014044289886730787,1692855974987.25,0.013409627493949472,MIXED
2024-06-02 00:00:00+00:00,2465831198593.0,2491887060716.0,2437144402006.0,2458790275935.0,86067208128.74184,2330436002816.36,0.001022560929131222,2377883532982.8,0.011720800573733925,1989907754699.075,0.013850954827958173,1697301327428.2166,0.013313305171109402,MIXED
2024-06-03 00:00:00+00:00,2458875784471.0,2536820473257.0,2447126613034.0,2484971636458.0,134638927279.56715,2333675039366.96,0.002765608495904903,2383532870737.86,0.011771371167162537,1995574786326.64,0.013937143026294674,1701772437869.8967,0.013280378157707107,MIXED
2024-06-04 00:00:00+00:00,2485127328186.0,2564399151610.0,2471313492306.0,2546899871950.0,133515442542.0487,2339541105779.8,0.005973322286851213,2389598439310.62,0.012057699246435627,2001498749257.33,0.01415700316056312,1706462152406.05,0.013369129040988303,MIXED
2024-06-05 00:00:00+00:00,2547085939343.0,2599161887402.0,2536489503510.0,2572678735515.0,170564769062.36923,2345947525871.54,0.009363645155824551,2395116403619.78,0.01208869540408708,2007559221076.865,0.014427314515198963,1711253586159.34,0.013547994430137322,MIXED
2024-06-06 00:00:00+00:00,2573273346721.0,2594978632615.0,2526592331643.0,2556180325018.0,133812530711.83855,2353488540018.1,0.011832559008501997,2399828858773.19,0.011676704544826277,2013395676288.71,0.014479557946920352,1715994396900.3667,0.013668275538496921,MIXED
2024-06-07 00:00:00+00:00,2556753630737.0,2593655736888.0,2424309280448.0,2482776310090.0,145198396995.5772,2358164464772.98,0.011898400952916166,2402406737873.52,0.010313038696204924,2018877653377.005,0.014558412875933069,1720488415637.2034,0.013661150105927389,MIXED
2024-06-08 00:00:00+00:00,2482776253144.0,2498751252960.0,2460496701600.0,2470792063235.0,167119352744.7131,2362427699903.62,0.012320764481613455,2405119391684.34,0.009056523285872586,2024624773834.935,0.014557203121296602,1724943123054.7166,0.013615619027078862,MIXED
2024-06-09 00:00:00+00:00,2470897866235.0,2498082552329.0,2459792697853.0,2486552205733.0,85070169676.76031,2365680261599.46,0.011172770486948869,2407389747037.77,0.007445312749820188,2030116205912.9,0.014298013759033612,1729435326701.8767,0.013462457554909824,MIXED
2024-06-10 00:00:00+00:00,2486778416348.0,2503558480103.0,2449080398184.0,2465951782385.0,96167900525.46819,2368622184596.3,0.0096654586152074,2409297725998.19,0.005920932426072278,2035515029483.48,0.013925272098134878,1733904952966.2534,0.013236709620431553,MIXED
2024-06-11 00:00:00+00:00,2465698694332.0,2469640199634.0,2336041408099.0,2378273496822.0,150554185918.53326,2368598929863.04,0.006420422104466139,2410025466860.46,0.0042488896864432135,2040407840562.775,0.013416222450550075,1738135885649.7366,0.012903007602684813,MIXED
2024-06-12 00:00:00+00:00,2379546986580.0,2486611903736.0,2357273620402.0,2426068054021.0,146716549848.1186,2369565698275.66,0.004834791496944213,2409870970171.76,0.003106981087160454,2045500550456.17,0.0131869789309087,1742755910836.46,0.012942542941220214,MIXED
2024-06-13 00:00:00+00:00,2426406297519.0,2431082183827.0,2344426495559.0,2363989730575.0,158392799121.4209,2370701917257.42,0.0035024214091874395,2410354238154.23,0.0021765432884495173,2050348112147.115,0.012705237357861776,1747202898237.4434,0.012904642990956505,BEAR_BUILDING
2024-06-14 00:00:00+00:00,2363944857581.0,2394070919597.0,2296295431227.0,2343147718230.0,118759138194.4251,2371337929449.28,0.002391560660862435,2409524058000.44,0.0008865664420545372,2055167765949.08,0.01233996357608258,1751564802953.7234,0.012795781322478605,BEAR_BUILDING
2024-06-15 00:00:00+00:00,2343174922820.0,2376590690464.0,2334583661236.0,2362422690814.0,122587640390.0431,2372930521419.12,0.001818921080296576,2408492113449.62,-0.00033437650310985667,2060009504933.935,0.01203355175258558,1755972238007.74,0.012726928891768408,BEAR_BUILDING
2024-06-16 00:00:00+00:00,2362562450679.0,2398158259992.0,2348085715539.0,2384821830096.0,72781887870.82486,2374753195960.86,0.0025982727680180506,2407306448615.33,-0.001128211416235314,2064982991097.605,0.012044234513454821,1760473543478.0066,0.01285150258543788,MIXED
2024-06-17 00:00:00+00:00,2384849413710.0,2402857895778.0,2302125784147.0,2345696049068.0,105626953459.34962,2375992185383.12,0.00271209492614477,2405544277152.35,-0.0017954044315913187,2069755979418.28,0.011857943013851013,1764869006160.2134,0.01268857858191974,BEAR_BUILDING
2024-06-18 00:00:00+00:00,2353304816258.0,2358651344474.0,2242988432988.0,2303341777732.0,173664643591.58194,2376249203657.62,0.0023399341603509427,2403259460146.66,-0.002943458639922847,2074175927039.85,0.011621350906984684,1769062507730.77,0.012511202628714857,BEAR_BUILDING
2024-06-19 00:00:00+00:00,2303989354970.0,2344933208968.0,2286481172328.0,2314529976613.0,153119456917.80902,2378998952003.36,0.0032306751639819,2399994380557.47,-0.003955004064527978,2078488681947.265,0.0113474512322429,1773326351176.38,0.012424061151468324,BEAR_BUILDING
2024-06-20 00:00:00+00:00,2315084503604.0,2370435182335.0,2289633357913.0,2305389291965.0,109255787740.95499,2382527157616.78,0.004044212888256071,2396875632252.79,-0.004823134413420194,2082688728903.115,0.011009281226548095,1777572577399.86,0.012301071124351637,BEAR_BUILDING
2024-06-21 00:00:00+00:00,2306030659081.0,2320876054279.0,2256586448223.0,2290371841651.0,125877842094.89296,2385410143825.38,0.004487602283322012,2393005144412.15,-0.0059407908832738165,2086556387946.28,0.010447251595621099,1781775508791.4333,0.012100133735234886,BEAR_BUILDING
2024-06-22 00:00:00+00:00,2290762024821.0,2305714117515.0,2273889177175.0,2290048722244.0,93319118981.51701,2385992014128.98,0.004208695974413423,2389626922478.17,-0.00661694520668854,2090174660798.795,0.00986526024495582,1785963058615.68,0.01195219156880123,BEAR_BUILDING
2024-06-23 00:00:00+00:00,2290120458840.0,2305822658980.0,2245190962560.0,2250541940130.0,51808655300.41518,2385241310841.82,0.003784159999026482,2386549115655.76,-0.006953200338127741,2093659508233.055,0.009393408215382593,1790020098785.6968,0.011846721618564926,BEAR_BUILDING
2024-06-24 00:00:00+00:00,2250500596541.0,2264246593563.0,2113793279525.0,2186149924411.0,126987811888.68776,2383020195146.06,0.001690308917250194,2384342532425.92,-0.006521618658088091,2096758897544.105,0.00879014437534642,1793697882112.31,0.011487750645794215,BEAR_BUILDING
2024-06-25 00:00:00+00:00,2179173895295.0,2248846385699.0,2173610794216.0,2225579888049.0,155047369328.88635,2382147293244.24,-0.00015943758346059766,2381474035178.05,-0.0064256972149466796,2099873875093.57,0.00825142324532857,1797558474959.5234,0.011243365145122697,MIXED
2024-06-26 00:00:00+00:00,2225598799627.0,2252854628553.0,2185722845271.0,2200231479563.0,111411570066.37473,2381492407648.0,-0.0016423742422329024,2378841294211.52,-0.00591885488992927,2102920866341.14,0.007842816273451847,1801470096263.2766,0.011053349523926226,MIXED
2024-06-27 00:00:00+00:00,2200464922356.0,2262578484261.0,2187386093992.0,2240201574424.0,102725334268.21098,2382272923436.74,-0.0015587188348563652,2378622323686.81,-0.004605153502349912,2106107736594.465,0.0076228442026855525,1805535044538.95,0.010958785417678474,MIXED
2024-06-28 00:00:00+00:00,2239877313450.0,2259183781659.0,2178307175805.0,2190195205158.0,108384878857.61438,2380811568802.08,-0.0018571462852018383,2375784345722.78,-0.004510600625129868,2109455206693.965,0.007544540264926347,1809424912508.7566,0.010840556335777185,MIXED
2024-06-29 00:00:00+00:00,2189957633536.0,2217368186159.0,2183103577874.0,2199031325391.0,94566730091.3249,2381005643768.06,-0.0008453773837516776,2373604219508.48,-0.004503678800928945,2112811502883.24,0.007655913780996615,1813337467665.5867,0.010949216001832296,MIXED
2024-06-30 00:00:00+00:00,2199091905939.0,2265918798721.0,2185617019988.0,2254689046005.0,64941450478.82246,2382300176955.98,6.417894987986728e-05,2372596587470.28,-0.003727711315192339,2116229063813.285,0.0077886528870625416,1817446445056.7966,0.011063879353199413,MIXED
2024-07-01 00:00:00+00:00,2254818954337.0,2297056946316.0,2242871920503.0,2256259023763.0,79118781002.2156,2383360101028.84,0.0007842533425015397,2371507093376.59,-0.003083097999339701,2119569722225.97,0.007917014924958776,1821560398758.5532,0.0111521709613438,MIXED
2024-07-02 00:00:00+00:00,2258385114195.0,2282581555115.0,2228354825791.0,2248881746004.0,94829685860.30116,2383603841384.88,0.0005586756811304383,2369316677483.22,-0.0039121999785011186,2123102786538.245,0.008069411478095034,1825652389597.7334,0.01114204075940295,MIXED
2024-07-03 00:00:00+00:00,2248834080445.0,2254489839575.0,2144113553060.0,2169634919393.0,118754962643.29678,2383258565383.72,0.0010277993494762772,2365457069242.86,-0.004346891374426565,2126157319647.62,0.00791773767020687,1829436795812.5667,0.01105980312610133,MIXED
2024-07-04 00:00:00+00:00,2170036267718.0,2182149561970.0,2033988599055.0,2042923351305.0,162965357640.01782,2377589494921.62,-0.0014347504195889593,2360281416527.65,-0.005612899939817617,2128743866955.16,0.007540835540784441,1832831621654.9434,0.010750428057085593,MIXED
2024-07-05 00:00:00+00:00,2043227549191.0,2068610796882.0,1903927284974.0,2024426964353.0,240534844216.99493,2372187971758.72,-0.0042447233539565365,2355216397068.62,-0.007325387928754812,2131071849430.8,0.007013789703260942,1836166468004.8833,0.010300178582429487,MIXED
2024-07-06 00:00:00+00:00,2024976297973.0,2103620069258.0,2006350641980.0,2093439181454.0,126796514135.09615,2366809165255.58,-0.006944370582571691,2350385377186.28,-0.008906452883611915,2133819839585.74,0.006723118003782558,1839756853782.9434,0.00998948760457874,MIXED
2024-07-07 00:00:00+00:00,2093647680798.0,2099982715983.0,1994686670715.0,2000434695187.0,97237945138.23666,2359522658970.8,-0.010102845949471528,2344810362838.91,-0.010343199318691987,2135900214168.125,0.006027700453799634,1843128255501.5867,0.009572395053641047,MIXED
2024-07-08 00:00:00+00:00,2000545097180.0,2094058218738.0,1941128603369.0,2043131676373.0,151648164537.40106,2353709488552.98,-0.012398603013510034,2339773380488.38,-0.010857812254737254,2138038813569.075,0.005588247780001554,1846570810050.8733,0.009365731725482496,MIXED
2024-07-09 00:00:00+00:00,2043234748665.0,2098651936213.0,2027408329301.0,2082989330500.0,175911801833.96313,2344409712982.52,-0.01395521893496332,2334432413619.46,-0.010951661410874447,2140292610110.85,0.005425144534747961,1850106973558.3333,0.009425498610609484,MIXED
2024-07-10 00:00:00+00:00,2083245846167.0,2133228268797.0,2053930809432.0,2084519736357.0,118444783967.5272,2335335957559.92,-0.015535031219081064,2329911270125.91,-0.010744289558363151,2142551153184.155,0.00538663384644722,1853613226248.0,0.009501730124760188,MIXED
2024-07-11 00:00:00+00:00,2084632187046.0,2146375452714.0,2055913016553.0,2072266046655.0,114220294762.64778,2326678208177.88,-0.016955721511821453,2326725642918.44,-0.010066321249906585,2144851824881.31,0.005170064075190162,1857055392076.6067,0.009402622013932938,BEAR_BUILDING
2024-07-12 00:00:00+00:00,2072693134713.0,2116681556391.0,2043497878424.0,2097624621862.0,116847324045.48412,2319080281301.62,-0.017140067511290713,2323682133265.7,-0.00901063467991059,2147141357498.87,0.005262953417102034,1860581984184.6067,0.009469622437246139,BEAR_BUILDING
2024-07-13 00:00:00+00:00,2097322238369.0,2161712539700.0,2088300442629.0,2138022163426.0,90922692510.5122,2312242481720.24,-0.017617725141700902,2320397897437.8,-0.008280922935594681,2149784713333.33,0.005493772933264696,1864260210962.1233,0.009579595223192516,BEAR_BUILDING
2024-07-14 00:00:00+00:00,2138132217189.0,2208213436000.0,2132601669721.0,2188039579638.0,93848264346.54892,2305907740764.24,-0.016422885473076354,2317822354328.42,-0.007115245313650598,2152463428399.51,0.0056865207267289275,1868073639851.64,0.009711149976777467,BEAR_BUILDING
2024-07-15 00:00:00+00:00,2188738773193.0,2331341965023.0,2182635677481.0,2324540055169.0,116758009401.62396,2302583496796.36,-0.014024731926699507,2316217928457.1,-0.00587719448563806,2155962602212.375,0.006259570049605756,1872299258811.7634,0.010080869244543988,MIXED
2024-07-16 00:00:00+00:00,2324921946255.0,2351246880947.0,2241186531752.0,2327302229999.0,173502460779.87692,2298528876725.96,-0.012098506511549312,2314356004480.04,-0.005316328754121802,2159563909575.375,0.006859254575722895,1876551256673.4468,0.010498267676894324,MIXED
2024-07-17 00:00:00+00:00,2327699815997.0,2372811789006.0,2284945109627.0,2297117774006.0,162977528895.3668,2294518801788.74,-0.010591043229902453,2311287113043.68,-0.0053342150566007,2163017714630.885,0.007394183469368265,1880768964494.62,0.010849820368899366,MIXED
2024-07-18 00:00:00+00:00,2297595674070.0,2341751616426.0,2262807758146.0,2295712839756.0,129197559208.7535,2291073057474.78,-0.00915536515431159,2309155932711.24,-0.00484484352402359,2166470929088.93,0.007761807799687714,1884974272137.48,0.01111114266857971,MIXED
2024-07-19 00:00:00+00:00,2294599283598.0,2398386721146.0,2264504949802.0,2374021422196.0,126583949073.45811,2289210834939.16,-0.00724092535443166,2307430044101.52,-0.004483652600680399,2170010400462.175,0.008152041902850016,1889440208507.95,0.011437755022337903,MIXED
2024-07-20 00:00:00+00:00,2375823989241.0,2411645392930.0,2358795891199.0,2393841704129.0,134519276866.84499,2288022947482.78,-0.00632357060399269,2306103816342.74,-0.004366649610167417,2173594380839.335,0.008178146786436358,1894008823981.42,0.01159513633703746,MIXED
2024-07-21 00:00:00+00:00,2394053013986.0,2437910484021.0,2338580933268.0,2428466328707.0,86313429385.43823,2287278203190.26,-0.004894727949524724,2306622304233.07,-0.0033416208362065936,2177764371716.915,0.008427841408554793,1898681574856.65,0.01179307951461639,MIXED
2024-07-22 00:00:00+00:00,2427634180897.0,2442108730508.0,2361247816806.0,2387346690840.0,142995555585.98785,2285849331488.36,-0.0037783391853759563,2308142667152.36,-0.001360473942668028,2181502507412.68,0.008545835134294855,1903224406474.2,0.011939500493413302,MIXED
2024-07-23 00:00:00+00:00,2388126142700.0,2413016880640.0,2321944825317.0,2351489924185.0,160465869865.6952,2283179697242.9,-0.003445267799788043,2308427368304.93,-0.0003155111337390659,2185116733078.68,0.00860653320540572,1907634240620.45,0.012021367515682169,MIXED
2024-07-24 00:00:00+00:00,2351665944829.0,2389338022867.0,2302041403007.0,2319379822946.0,140343416659.86017,2278629296262.82,-0.004622352172565014,2309085201021.31,0.0007173161864737487,2188660411533.6,0.008594433956377712,1911856940921.33,0.011864218995890852,MIXED
2024-07-25 00:00:00+00:00,2318952232889.0,2337940061584.0,2224340581183.0,2297222314880.0,159425542868.4451,2273120167850.12,-0.006513387310671526,2309533846860.83,0.001487370383667086,2192167417078.85,0.00854484921530907,1916002906453.6768,0.011612449843830586,MIXED
2024-07-26 00:00:00+00:00,2297338184409.0,2379971162723.0,2293394535707.0,2369056226239.0,145316671953.9596,2269377685874.54,-0.007826121584489587,2311433112946.32,0.0020856508256341666,2195570518417.865,0.008176342184766261,1920381377842.7966,0.011428879530673841,MIXED
2024-07-27 00:00:00+00:00,2369476073891.0,2418161543370.0,2324241396148.0,2365789428158.0,101527381844.41908,2267037948235.9,-0.008229493953659461,2312601206504.44,0.0019316567452829503,2199064182843.4,0.008050265984589133,1924638424689.0667,0.011251441575687249,MIXED
2024-07-28 00:00:00+00:00,2365932819398.0,2383492269380.0,2332481819699.0,2372683821978.0,135029811884.37126,2265075783410.76,-0.007929254913225603,2313751741657.19,0.0023064937737977687,2202288547654.47,0.00785853419903848,1928994511248.8767,0.011197256881633422,MIXED
2024-07-29 00:00:00+00:00,2372607094332.0,2441968078237.0,2328043248982.0,2345956221225.0,104482903868.37672,2262263863720.6,-0.007182139090838757,2313972062660.03,0.0021163626342406427,2205366541949.595,0.007633039062596714,1933267336463.3733,0.011198743527183197,MIXED
2024-07-30 00:00:00+00:00,2345801971385.0,2366436950122.0,2293308947690.0,2326554897409.0,144277292793.52722,2259475926021.08,-0.006002428741787358,2314049055308.69,0.001955030212697162,2208848013171.62,0.007609179829429991,1937457358127.8433,0.011197504764685506,MIXED
2024-07-31 00:00:00+00:00,2326640398533.0,2358617789746.0,2271752651843.0,2278432150495.0,114728499058.5718,2257479099094.54,-0.005243105567689921,2313039014478.79,0.0006947644400676634,2212015670358.205,0.007490149736657292,1941532721515.46,0.011014137044186079,MIXED
2024-08-01 00:00:00+00:00,2278663777066.0,2305040754607.0,2185207709400.0,2283490935574.0,146939580572.26456,2254627556725.6,-0.005474276034927894,2312096627500.63,-0.00021818677703311362,2215421170761.0,0.007438158488148661,1945567146479.1934,0.010874105765350528,MIXED
2024-08-02 00:00:00+00:00,2283277050670.0,2291916611611.0,2135287820059.0,2148150375901.0,161240844180.35242,2250310769632.12,-0.006518551779493453,2310506343444.77,-0.001402656194261942,2218017853007.175,0.007142254528570646,1949154602611.9067,0.010451087986755203,BEAR_BUILDING
2024-08-03 00:00:00+00:00,2148275393866.0,2171363203791.0,2075378934718.0,2106497301259.0,170054613138.03848,2245577761292.7,-0.007375842710256375,2308457845370.99,-0.002383009448567286,2220279854604.55,0.006762282990731672,1952609878793.5166,0.010005104811591892,BEAR_BUILDING
2024-08-04 00:00:00+00:00,2106792660475.0,2126295087997.0,1975074930598.0,2011870839799.0,117796564651.79384,2238566724272.4,-0.009254005102635077,2305748622845.76,-0.003586973423872819,2222149670630.075,0.006021988556539792,1955816008320.5432,0.009475640904138327,BEAR_BUILDING
2024-08-05 00:00:00+00:00,2010097409233.0,2018598684212.0,1691080967871.0,1868056302634.0,395414161137.6568,2228231413723.16,-0.012955905276425761,2301492304842.01,-0.0049920081609095,2223559551022.59,0.005218715590073364,1958560859465.5767,0.00877046148201166,BEAR_BUILDING
2024-08-06 00:00:00+00:00,1870878586372.0,1981505218242.0,1869955109109.0,1939608842627.0,272141216270.37643,2220109669594.34,-0.01530979563710766,2298050927488.73,-0.006074875870167751,2225280560888.725,0.004450345721097593,1961586148554.99,0.00823358993534895,BEAR_BUILDING
2024-08-07 00:00:00+00:00,1940029028473.0,2007313255834.0,1879079186159.0,1905800880280.0,182114645334.7839,2212158851645.3,-0.016954066301276827,2294204027651.46,-0.007055732973667017,2226824210415.81,0.003970372644519271,1964523899248.7666,0.007885109070498997,BEAR_BUILDING
2024-08-08 00:00:00+00:00,1906487480548.0,2146062710642.0,1888832487617.0,2116472207233.0,177100075778.43353,2208197696257.7,-0.016646079097916266,2293598324130.53,-0.00643699050873181,2229458236974.725,0.004133885352848976,1968146539952.6667,0.007956869074507544,BEAR_BUILDING
2024-08-09 00:00:00+00:00,2116901596577.0,2125755989115.0,2038315796709.0,2081058604195.0,169188369076.4977,2203711082502.3,-0.015570517238627013,2293119120059.54,-0.005477397952701524,2232290585466.41,0.004563560668467304,1971646470214.8733,0.008094044545592816,BEAR_BUILDING
2024-08-10 00:00:00+00:00,2081524773769.0,2109909332951.0,2061966733878.0,2087900451918.0,107837422286.4745,2199661654707.64,-0.012821719880424243,2292535899266.51,-0.0038915644239422287,2235183322490.86,0.005227551231054006,1975142747687.2366,0.008466363524789688,BEAR_BUILDING
2024-08-11 00:00:00+00:00,2087955962050.0,2127433214932.0,2002746675557.0,2014103757407.0,76541851738.87411,2194142755410.9,-0.011696230388557605,2290067384769.94,-0.003474049518786937,2237665172846.62,0.0055654159639757506,1978275799225.4368,0.008508242517281772,BEAR_BUILDING
2024-08-12 00:00:00+00:00,2014476502141.0,2099449536093.0,1985327400813.0,2061849837144.0,129231683839.0045,2190368913351.18,-0.009850078477824264,2287805112096.5,-0.002789165862249199,2240425221816.615,0.0061078065063184805,1981597697165.5166,0.008691061444087822,BEAR_BUILDING
2024-08-13 00:00:00+00:00,2062484369423.0,2117154028806.0,2021939218665.0,2088316034013.0,139467679309.7588,2188412235543.22,-0.008960004236944541,2285716215344.64,-0.00343656895061506,2243032938835.445,0.00608878948059588,1985018215706.9766,0.008572367662580405,BEAR_BUILDING
2024-08-14 00:00:00+00:00,2088616289748.0,2129959619286.0,2027077235151.0,2041555701546.0,122885291561.92256,2184731751813.16,-0.008612440550777145,2283439522528.7,-0.004221149021943704,2245357766438.52,0.005853709663600881,1988244509157.0334,0.008418364647467147,BEAR_BUILDING
2024-08-15 00:00:00+00:00,2042127400415.0,2074357040617.0,1957837470382.0,1999936152526.0,126408813700.60728,2180725845272.42,-0.008608510038211725,2281109126460.21,-0.004984337566951824,2247491702390.885,0.005506653425773056,1991240698277.7266,0.00815027197874163,BEAR_BUILDING
2024-08-16 00:00:00+00:00,2000329727036.0,2061468681768.0,1978773182055.0,2028241714749.0,134481676518.7978,2176486648078.92,-0.008046927342552745,2279379785757.83,-0.0046669364767113475,2249547074353.78,0.005309955060007532,1994284914277.2034,0.008092458623835341,BEAR_BUILDING
2024-08-17 00:00:00+00:00,2028611823360.0,2060024839425.0,2023278517972.0,2051145402150.0,94540870678.59282,2173705652018.76,-0.007607513616017192,2277258610410.42,-0.004609877664105477,2251763347894.51,0.005060702748517221,1997376134454.7766,0.007962482653179004,BEAR_BUILDING
2024-08-18 00:00:00+00:00,2051250109319.0,2084249624627.0,2021074006072.0,2026919772703.0,72041878190.82922,2170263420965.0,-0.008293142527470376,2275634532366.53,-0.004410732579324228,2253978133001.915,0.004879640408737229,2000107141676.5134,0.007601404284425017,BEAR_BUILDING
2024-08-19 00:00:00+00:00,2027181675215.0,2069849215020.0,2004380876006.0,2061511663251.0,91941504893.81499,2166399873309.92,-0.00839090588033331,2274350025132.95,-0.003980616655738789,2256284675989.735,0.00486644476641529,2002892229345.1868,0.0073671623991375945,BEAR_BUILDING
2024-08-20 00:00:00+00:00,2062295071234.0,2123600642102.0,2030599099276.0,2050145139322.0,113450912575.8068,2162277595621.1,-0.00845968313317036,2272818848324.97,-0.003634318954352067,2258490203031.175,0.004893677973800692,2005592799123.3232,0.007207617269981537,BEAR_BUILDING
2024-08-21 00:00:00+00:00,2050435622165.0,2130945040258.0,2031746035470.0,2107271635881.0,110482665160.81943,2159445393418.64,-0.007829707880506187,2271524617401.76,-0.0034461867237532973,2261018900567.795,0.005099615982613104,2008496081592.0066,0.007125946354537671,BEAR_BUILDING
2024-08-22 00:00:00+00:00,2107773290770.0,2125579317228.0,2067896247308.0,2097191263102.0,133847078060.11845,2157996520292.82,-0.0072268900397579605,2270627542838.27,-0.002911864090374361,2263563508826.52,0.005240409007919888,2011400132199.8066,0.007021210228316921,BEAR_BUILDING
2024-08-23 00:00:00+00:00,2097220678543.0,2235023821938.0,2092803606277.0,2208034229621.0,101631686679.0233,2161298737859.14,-0.004130688938153826,2269444116390.38,-0.002720303233275434,2266635957930.895,0.005615770953430577,2014655367950.1,0.0072737234773294634,MIXED
2024-08-24 00:00:00+00:00,2208770399172.0,2240727022711.0,2186808779016.0,2215956581852.0,160299605940.46524,2165129330209.12,-0.0005864767241047231,2268658650983.92,-0.0025024178715400414,2269673311172.355,0.0059339299358345254,2017885741762.8267,0.007485930694604459,MIXED
2024-08-25 00:00:00+00:00,2216178422813.0,2238803783389.0,2186346936070.0,2206925302717.0,102375477997.42528,2167399052634.38,0.002368547416692124,2267104108944.98,-0.0025143840144593588,2272457050827.205,0.00618415248261206,2021067515643.9568,0.007715781851329817,MIXED
2024-08-26 00:00:00+00:00,2207197726686.0,2219088066122.0,2150022597236.0,2155579606990.0,97645470026.0893,2170501950870.44,0.005120091244491309,2265012304920.62,-0.0028669345827246895,2274868673000.025,0.006125456283780695,2024061501339.8633,0.00774978845640506,BEAR_BUILDING
2024-08-27 00:00:00+00:00,2155554805977.0,2175309908538.0,1998927321049.0,2041293122213.0,121883889958.63226,2170465179787.24,0.005777886746883176,2262087334170.11,-0.0037611666849971526,2276428640224.585,0.005683574305690442,2026588817104.3933,0.007551299545742518,BEAR_BUILDING
2024-08-28 00:00:00+00:00,2041091038360.0,2080207513463.0,1992473816404.0,2039237593867.0,173813824946.5996,2169590145054.58,0.003836307795031191,2256999929018.55,-0.005483363649254724,2277891165201.945,0.004965599893387518,2029164858379.3533,0.007201971443888455,BEAR_BUILDING
2024-08-29 00:00:00+00:00,2039543999242.0,2102266861583.0,2022945193946.0,2043302059916.0,139090985000.50235,2168765791525.76,0.0016795584752844483,2252050874542.84,-0.007320526794049598,2279319035850.46,0.004249829537416039,2031750907514.89,0.006871135201119261,BEAR_BUILDING
2024-08-30 00:00:00+00:00,2043380723149.0,2062423475063.0,1984996171569.0,2037444603658.0,123133901368.79607,2168069362665.82,0.00030926932012143027,2247373785421.85,-0.00870287493427535,2280408646625.005,0.0034991181879127087,2034267317460.2734,0.00653110384197686,BEAR_BUILDING
2024-08-31 00:00:00+00:00,2037687274016.0,2049210713232.0,2018139469555.0,2028362904809.0,103043495579.6603,2166684128324.76,-0.0017589583571435696,2242882204813.19,-0.009770410544505115,2281499015546.285,0.002914604532979981,2036717188494.6768,0.006252619866755849,BEAR_BUILDING
2024-09-01 00:00:00+00:00,2028543436339.0,2032638883393.0,1960056223726.0,1968317205506.0,67744773963.20863,2163290029166.36,-0.0033058123611930945,2237766255443.3,-0.010751609082207514,2281929131423.88,0.002416280968399853,2038924550918.7466,0.006086944579107412,BEAR_BUILDING
2024-09-02 00:00:00+00:00,1968411726180.0,2043700188720.0,1960403805930.0,2032245370401.0,114485638272.78725,2160174144981.62,-0.004339990248583558,2233040942872.93,-0.010615412892829856,2282602932675.56,0.0020684778735675646,2041342817991.2266,0.006001463883816394,BEAR_BUILDING
2024-09-03 00:00:00+00:00,2032122774888.0,2053935116533.0,1966990641312.0,1971711805759.0,90148457532.33824,2153117579993.42,-0.007215261137686668,2227850538394.89,-0.010745910059808184,2282962459327.615,0.0015984701658036116,2043523865197.49,0.005794488703834366,BEAR_BUILDING
2024-09-04 00:00:00+00:00,1971151890965.0,2011447113954.0,1904299122888.0,1987818870175.0,130607673418.09608,2146327912796.94,-0.010028023200395753,2222428394761.45,-0.011099796047375099,2283468759543.045,0.0013419142760087155,2045590538418.5366,0.005566240415443513,BEAR_BUILDING
2024-09-05 00:00:00+00:00,1986057340018.0,2000465095075.0,1915859297819.0,1933532204638.0,117757466215.26653,2139056201409.58,-0.01275124811872852,2216787501599.16,-0.011634451046082961,2283561609182.215,0.0009040519508773937,2047410619509.9333,0.005250326886650392,BEAR_BUILDING
2024-09-06 00:00:00+00:00,1935202583086.0,1963763074487.0,1813766308948.0,1862195385702.0,126414272569.24203,2130385852328.5,-0.015210247536961097,2210729454901.64,-0.012082048549929447,2283265653817.345,0.0005856984667316212,2049006135152.73,0.004944559733434328,BEAR_BUILDING
2024-09-07 00:00:00+00:00,1862360140142.0,1902194239454.0,1855080741953.0,1878220973817.0,165205922501.56412,2120469843360.92,-0.018380139264669304,2204840339150.04,-0.012628789370341065,2282984499597.845,0.00016716307370989725,2050652824585.98,0.0045607266514473555,BEAR_BUILDING
2024-09-08 00:00:00+00:00,1878369887375.0,1920802878829.0,1861693652793.0,1903706065678.0,70156022809.76218,2110667130591.9,-0.01971580641761783,2199345039037.34,-0.012795068100972196,2282926721692.87,-1.565406150205728e-05,2052453318380.2,0.0043696348913679905,BEAR_BUILDING
2024-09-09 00:00:00+00:00,1903893130315.0,1995780958264.0,1892037234776.0,1968682554366.0,97122180249.426,2101471455105.08,-0.020899163368474416,2194374829147.67,-0.012622933400196934,2283252512244.005,-9.470122949406523e-05,2054564073515.5366,0.004386769946608027,BEAR_BUILDING
2024-09-10 00:00:00+00:00,1968687360211.0,2002707740915.0,1945712275234.0,1988167889354.0,129538994386.139,2093487879075.36,-0.02130300377530603,2189668605281.86,-0.01223342169591668,2283776069132.33,9.391467664054964e-05,2056494704893.3367,0.0044368654225197535,BEAR_BUILDING
2024-09-11 00:00:00+00:00,1988280817261.0,2000414616879.0,1917405890684.0,1973580658405.0,119270358977.70628,2085929693759.76,-0.02086765574421634,2184554695501.33,-0.011839874545605422,2284043783119.595,0.000340796657169129,2058568089384.87,0.0046666303570765955,BEAR_BUILDING
2024-09-12 00:00:00+00:00,1974316042328.0,2019316988936.0,1969347688075.0,2002648873540.0,126189190209.93027,2079595074771.64,-0.019276279130899576,2179112185517.23,-0.011668941816770362,2284355312413.925,0.0006004477105827632,2060703228010.63,0.004901075064561056,BEAR_BUILDING
2024-09-13 00:00:00+00:00,2002745441835.0,2077367924409.0,1981740408277.0,2067806089382.0,107596108934.90485,2075006750261.68,-0.016895312298827347,2174063459055.9,-0.011495049450042538,2284589931337.84,0.0007285427206951134,2063060633736.5432,0.005168115280066221,BEAR_BUILDING
2024-09-14 00:00:00+00:00,2068450961909.0,2077035652273.0,2033366587571.0,2054499745234.0,117069001495.4534,2068715620641.58,-0.015587094644529453,2169046653258.06,-0.011542319731879025,2284437756015.625,0.000519103237712093,2065279335278.4934,0.005215345630288359,BEAR_BUILDING
2024-09-15 00:00:00+00:00,2054848231239.0,2068501468757.0,1998849779466.0,2014112612737.0,61002699161.23423,2061682084333.16,-0.01519272934899818,2164360016284.53,-0.011558182336944167,2283383377079.025,-0.0001719485805166121,2067371774346.18,0.00528913078500115,BEAR_BUILDING
2024-09-16 00:00:00+00:00,2014205209478.0,2021294294987.0,1960653824349.0,1986678514999.0,116342167538.96384,2053961978193.58,-0.015325404140807852,2159518880802.17,-0.011460374396080164,2282319136243.255,-0.0007550848583054437,2069589476157.3467,0.005353909267956203,BEAR_BUILDING
2024-09-17 00:00:00+00:00,1986557754108.0,2074145263910.0,1966176934775.0,2039677759095.0,111828508768.47594,2047836408950.98,-0.015271562337272448,2155050136335.79,-0.01104213419637623,2281219941686.78,-0.0013725407383459176,2071760849387.1968,0.005365945579287379,BEAR_BUILDING
2024-09-18 00:00:00+00:00,2039852463927.0,2084126512280.0,1998686554121.0,2082255651017.0,140491832241.7262,2042950424023.14,-0.015448781665166833,2151213175022.11,-0.010510403428477977,2280255450510.15,-0.0018972686381191206,2074081077996.3567,0.005341793682454021,MIXED
2024-09-19 00:00:00+00:00,2082692911534.0,2157504633245.0,2075564532556.0,2128924922083.0,183421047347.8635,2039960279454.9,-0.013900093806882063,2148719689274.72,-0.009371381640320031,2279372578067.59,-0.00221725364794767,2076511790133.4233,0.005438709748875281,MIXED
2024-09-20 00:00:00+00:00,2129301270435.0,2181922497681.0,2108205416103.0,2151910379214.0,160525445505.28183,2037328668327.7,-0.01181240123805849,2145978112526.65,-0.008492997292306126,2277924541349.205,-0.002390678580135308,2078993071146.33,0.005621290250915623,MIXED
2024-09-21 00:00:00+00:00,2152568437014.0,2180256254587.0,2133598267862.0,2172365265715.0,104532920322.86111,2037812966123.98,-0.007862371475738206,2144061867878.05,-0.007157618792560938,2277208053016.14,-0.0022394253047046675,2081586030724.0933,0.005796586571855222,MIXED
2024-09-22 00:00:00+00:00,2172467899191.0,2192042589872.0,2124517451490.0,2165786419818.0,81560011326.79344,2038998748495.16,-0.004315608618535749,2142288254893.93,-0.005921848975429911,2275906156447.185,-0.0023293612082251336,2084207928930.6968,0.006007971213077834,MIXED
2024-09-23 00:00:00+00:00,2166072385627.0,2220828829762.0,2134053461849.0,2176901436703.0,131562334033.8089,2042299360433.24,-0.0003186879046324087,2140433042352.82,-0.005011187544990414,2274462577901.22,-0.0025404489692738563,2086817350740.23,0.006140682193666702,MIXED
2024-09-24 00:00:00+00:00,2177217950229.0,2222640257487.0,2151165901677.0,2207022749789.0,123897634759.64044,2049078689376.34,0.004469895817714953,2138655051549.75,-0.004684016149341108,2272980750082.54,-0.0028042050020925524,2089540344581.6533,0.006274250168063267,MIXED
2024-09-25 00:00:00+00:00,2206859471673.0,2228169993195.0,2157440614214.0,2168416008694.0,131832419673.71439,2053654832697.68,0.008013515258380455,2136882251146.01,-0.004238562046623318,2271213264149.18,-0.002946224547038745,2092131403327.5234,0.006319565160430862,MIXED
2024-09-26 00:00:00+00:00,2168421534868.0,2257676321309.0,2149767557055.0,2232130280960.0,128450369627.03714,2060181420711.28,0.01097669656594924,2136170136178.29,-0.0036807387967635607,2269714798162.475,-0.0032905446841979824,2094840663419.33,0.006367564203256126,MIXED
2024-09-27 00:00:00+00:00,2232558821640.0,2290675861505.0,2220718470070.0,2263066959794.0,162188553835.04584,2063113315762.5,0.011826670950699336,2135655506010.1,-0.0030961047695975408,2267824943283.785,-0.0035507673022929787,2097544289968.21,0.0063987670579275235,MIXED
2024-09-28 00:00:00+00:00,2263282875269.0,2284423763056.0,2238243255751.0,2259838291747.0,121877227152.135,2066688909513.54,0.011942200811895676,2135199996007.92,-0.0024448540278315667,2266037814130.355,-0.0037040678763944346,2100192484604.7166,0.006409345724359694,MIXED
2024-09-29 00:00:00+00:00,2259908507555.0,2277104039689.0,2236847910601.0,2253619987830.0,79700789128.87943,2070003300231.78,0.01021171659435316,2134832477469.71,-0.0017873728992761073,2263918810940.93,-0.003986808573403389,2102648417787.4233,0.006273185028353501,MIXED
2024-09-30 00:00:00+00:00,2253850314493.0,2259359340355.0,2164555951064.0,2181258276137.0,129966531909.99962,2073346390606.38,0.009588543115998327,2133744573008.64,-0.0014683439556332223,2261685747743.405,-0.004194901710097398,2104697964868.7434,0.006006583296456869,MIXED
2024-10-01 00:00:00+00:00,2180926724734.0,2219926629893.0,2060782402309.0,2089772941000.0,135029241513.79132,2073904852683.5,0.006661273533610457,2132136883017.34,-0.0018880767466236126,2259342999336.55,-0.004569648501354551,2106485299827.8167,0.005558721773845754,MIXED
2024-10-02 00:00:00+00:00,2089710405590.0,2140062862975.0,2043807110389.0,2065330243671.0,220409108268.7128,2073445136876.66,0.00500787864400043,2130928686209.94,-0.0022132875769795834,2257635609317.93,-0.0044929984547664725,2108148827099.3833,0.0050556916399291385,BEAR_BUILDING
2024-10-03 00:00:00+00:00,2065730623338.0,2096269528514.0,2027562549664.0,2062241904615.0,172410809567.96967,2073858860938.04,0.0034692939955764945,2129295306375.6,-0.00276540354222532,2255384670776.825,-0.004701220468210976,2109681018854.2466,0.004517935531664241,BEAR_BUILDING
2024-10-04 00:00:00+00:00,2062199466761.0,2127127746164.0,2051982028202.0,2111568322317.0,137373866298.81146,2076091504333.86,0.002941156712841231,2128408674803.14,-0.0030090429737998914,2253624984507.33,-0.0045469061804922495,2111416802495.14,0.004170162083941387,MIXED
2024-10-05 00:00:00+00:00,2111684590629.0,2125396950873.0,2092228959562.0,2109665152330.0,126932934767.40724,2077719973085.48,0.0021094316410008584,2127103310582.2,-0.003112491771719239,2252862817134.505,-0.0039010417860673163,2113106261257.0432,0.0039950133124322385,MIXED
2024-10-06 00:00:00+00:00,2109899477469.0,2145650326481.0,2100497275308.0,2137571256024.0,61093688475.12349,2079448490162.96,0.0026730433039330315,2126577071090.86,-0.0026076242903372293,2251180708406.82,-0.0036126833916438894,2115162494826.2634,0.00411927631261233,MIXED
2024-10-07 00:00:00+00:00,2137745701568.0,2194721385950.0,2110290759899.0,2118201738651.0,112750689553.89671,2081274129481.92,0.003775837839169016,2125768775223.46,-0.0024214376670002036,2249686497365.97,-0.0035209897997495743,2117130593663.3132,0.004260499281869112,MIXED
2024-10-08 00:00:00+00:00,2115842511284.0,2150188897278.0,2097479885698.0,2116954790694.0,138116436263.3635,2082382992030.78,0.004110275416179698,2124391432670.35,-0.0023030500703996593,2248494010070.315,-0.003055204194562955,2118949853432.3066,0.004393476784037231,MIXED
2024-10-09 00:00:00+00:00,2119358657945.0,2141052610613.0,2056490014747.0,2069814150847.0,118437603214.24303,2082776372261.28,0.003219929330410043,2122526983941.19,-0.002763421767435714,2247017038658.89,-0.002932140837036634,2120555476131.0432,0.004328218675300866,BEAR_BUILDING
2024-10-10 00:00:00+00:00,2070051668268.0,2096605232756.0,2019526919949.0,2065282371377.0,123119999741.62784,2081936586971.2,0.002029442822103711,2120690990194.92,-0.0030145787256213863,2245003833839.07,-0.0034884428983701365,2122298854423.8032,0.0043502749176898,BEAR_BUILDING
2024-10-11 00:00:00+00:00,2065253243814.0,2155393794079.0,2057349808260.0,2129593895810.0,124535006677.19824,2082584639625.36,0.0015081640527456752,2120290579959.09,-0.0029561548543102223,2242873824600.975,-0.003690011990074127,2124201739751.4434,0.004273546333811273,MIXED
2024-10-12 00:00:00+00:00,2129964152678.0,2166906523208.0,2126677361568.0,2154314228326.0,114024136444.94904,2081510239599.46,0.00011344498746956866,2121404488729.3,-0.0020530391381353708,2240842952628.475,-0.003931012053390304,2126297407546.54,0.00432982920877123,MIXED
2024-10-13 00:00:00+00:00,2154529877524.0,2162444140465.0,2115013619552.0,2144644757057.0,78209950518.60666,2080084003103.56,-0.0011040182982756663,2122606666656.34,-0.0008401304894016803,2238911531862.48,-0.004261731703494864,2128250121839.3132,0.004389093206685235,MIXED
2024-10-14 00:00:00+00:00,2144729548201.0,2262792509275.0,2128284836992.0,2247209942795.0,131373921642.84348,2080889695905.12,-0.0009058468212367332,2124144374269.75,0.0007620116685427281,2237264875728.015,-0.004340048501232374,2130594684480.41,0.00473423518618965,MIXED
2024-10-15 00:00:00+00:00,2247464449215.0,2299925683887.0,2192395488083.0,2259009818034.0,163939342300.91678,2082958300126.0,0.0004907513327705448,2126730125498.22,0.002847720545436472,2235770244168.565,-0.004112950513191271,2132843517944.8232,0.004968510207240762,MIXED
2024-10-16 00:00:00+00:00,2259191037874.0,2301257863318.0,2241951110252.0,2270724984661.0,207090522297.32208,2087546937374.96,0.0023827592190888147,2129006058581.1,0.00411051141027019,2234389719534.74,-0.003782693869435194,2135027895239.75,0.0050965759446055525,MIXED
2024-10-17 00:00:00+00:00,2270928316254.0,2288979820250.0,2232148975281.0,2259056932020.0,132575811744.59802,2091943324138.02,0.005012266737908444,2130766734596.3,0.004413229969456589,2232599574107.88,-0.0036786953369158937,2137117318272.6667,0.005088615867058444,MIXED
2024-10-18 00:00:00+00:00,2259103214145.0,2314423070582.0,2250488760302.0,2293617621782.0,137770893808.58914,2096949635375.34,0.008108149597139347,2132857713450.55,0.004829461320009054,2231384491788.23,-0.0033619193823118954,2139320006606.2866,0.0052014021535242705,MIXED
2024-10-19 00:00:00+00:00,2294099148089.0,2311416874965.0,2279612039749.0,2296766929627.0,112645960219.44469,2102136081894.72,0.010210241336390702,2135102722280.27,0.005158946888573546,2230914182599.355,-0.002838596894609413,2141602124014.2966,0.00516636956529859,MIXED
2024-10-20 00:00:00+00:00,2296694970545.0,2344884213031.0,2282578828483.0,2333545315132.0,72217859620.22865,2108239730101.18,0.012137271290380891,2137461929212.97,0.005046152112147206,2230572031239.335,-0.002325021071726052,2143914881403.57,0.005190893455425671,MIXED
2024-10-21 00:00:00+00:00,2333894364827.0,2354907621290.0,2261954961157.0,2281651624606.0,141198044482.9926,2114506418483.18,0.012914431108371094,2138898223824.77,0.004646377216165787,2229648060631.285,-0.0021221270676282655,2146155883497.1433,0.005212104386178806,MIXED
2024-10-22 00:00:00+00:00,2281498080384.0,2299936684062.0,2247680288249.0,2275313972588.0,153689523302.84225,2119367790526.92,0.013109564715478195,2139770967754.27,0.004225818345937382,2228796661041.345,-0.0017033565313897547,2148232608184.43,0.005201066790637032,MIXED
2024-10-23 00:00:00+00:00,2275148420285.0,2281170699655.0,2191903339095.0,2242211325454.0,123650195616.18343,2124777780920.82,0.01327077440298119,2138947680457.12,0.002855308616305896,2227582804457.11,-0.0017037347642734346,2150290961627.29,0.005128244015446315,MIXED
2024-10-24 00:00:00+00:00,2242174606034.0,2303990071579.0,2231952303802.0,2281546999048.0,147221161821.974,2130652343498.28,0.013565373740151765,2138490128147.61,0.0015865306301152682,2226423066313.825,-0.0020131282146841345,2152539315766.12,0.005107013870215171,MIXED
2024-10-25 00:00:00+00:00,2281677940897.0,2301035845811.0,2170026804254.0,2212370243524.0,134466251189.65138,2136229104276.0,0.013276181913845608,2137642652842.79,8.455057250378317e-05,2224464882943.235,-0.0027379291995816013,2154559360701.52,0.004964972905538767,MIXED
2024-10-26 00:00:00+00:00,2212633659689.0,2247270402140.0,2197986236275.0,2231929453847.0,176334767871.1236,2143623785638.9,0.013770290267838048,2137004818983.7,-0.0008852243739229104,2223080375847.47,-0.0029456150052468155,2156648892387.1868,0.004889210970521418,BULL_BUILDING
2024-10-27 00:00:00+00:00,2232010050265.0,2275651433340.0,2224219642869.0,2262838818444.0,77019905758.19151,2151316142531.44,0.015074472749525558,2135892992946.18,-0.001812331724530325,2221661518523.85,-0.0032013429678063865,2158637931290.1768,0.004843666866476193,BULL_BUILDING
2024-10-28 00:00:00+00:00,2262931472977.0,2329335102944.0,2239168380259.0,2315728066312.0,110135887270.50536,2159556582544.12,0.01636820656521909,2135111856568.01,-0.0017933229148878738,2220607836455.375,-0.003131182368520169,2160766872748.8933,0.0048718574874515586,BULL_BUILDING
2024-10-29 00:00:00+00:00,2315744650541.0,2423123539903.0,2309612748244.0,2392860849345.0,187268448318.1415,2168040148443.7,0.017547585864728044,2134755801774.39,-0.0017462443824582952,2220689053003.73,-0.0025754374345342557,2163428181736.0732,0.005058614209830337,BULL_BUILDING
2024-10-30 00:00:00+00:00,2393135576423.0,2413570401601.0,2349492697794.0,2380804648175.0,195196349381.4604,2175892883620.12,0.018567193595821152,2134690381347.74,-0.001381087475553433,2221416524250.05,-0.001370378429688568,2165898465391.0334,0.0052628416261510935,BULL_BUILDING
2024-10-31 00:00:00+00:00,2381976425189.0,2394480117324.0,2287733447158.0,2307080744283.0,148746375320.41772,2182562885337.68,0.0181650809995908,2134246289548.72,-0.0012908391270225472,2221336828926.825,-0.0007842932444492856,2168159918568.6934,0.005337459529058952,BULL_BUILDING
2024-11-01 00:00:00+00:00,2305955837007.0,2349823091543.0,2256342984720.0,2283160740122.0,179915226642.06143,2188173122669.32,0.01713229376622949,2133884098720.48,-0.0009405406695627283,2221484649870.895,-7.961098100695008e-05,2170401640595.8933,0.005449598163359326,BULL_BUILDING
2024-11-02 00:00:00+00:00,2283392617836.0,2300196827714.0,2259333863661.0,2275368153801.0,140806120379.99658,2192324363957.7,0.015173384054136152,2133665557109.69,-0.0006773881442655449,2221599701985.26,0.00044666397803405644,2172666797089.13,0.005507268965623258,BULL_BUILDING
2024-11-03 00:00:00+00:00,2275256494940.0,2278459032626.0,2203789494204.0,2248313889644.0,103631797379.03416,2196200646845.9,0.012988919242300279,2132458133743.74,-0.0010763142223293443,2221945623345.03,0.0005658470462581722,2174533056859.8232,0.005132999198909749,BULL_BUILDING
2024-11-04 00:00:00+00:00,2248454490527.0,2274055045208.0,2181516319702.0,2215037494607.0,139078242803.40668,2200219144483.3,0.011179898167922309,2130950614408.23,-0.0017519013399727168,2221775910456.335,0.00016178244933451325,2176359660031.6768,0.004829956162674787,BULL_BUILDING
2024-11-05 00:00:00+00:00,2215137170235.0,2302951561745.0,2203055321957.0,2264220396437.0,156630300076.29507,2205769982112.06,0.010632956754778489,2129865980152.82,-0.0020523917119359414,2221808860905.005,0.00021249905553832882,2178147691820.5867,0.0046065666865047206,BULL_BUILDING
2024-11-06 00:00:00+00:00,2265240962729.0,2496369395458.0,2263933065837.0,2468153897392.0,374639189169.9779,2214339504878.0,0.011958095060028873,2131087956914.49,-0.0013103531760073617,2222530009787.26,0.0004705681474888035,2180607013604.56,0.004702066575044128,BULL_BUILDING
2024-11-07 00:00:00+00:00,2470027481180.0,2543084715002.0,2437967116389.0,2508890148757.0,274238216381.20337,2222872194832.8,0.013933992331295997,2132911309427.97,-0.0003534985505140309,2223480182368.33,0.0008464532928187385,2183535778590.4033,0.005002599347417425,BULL_BUILDING
2024-11-08 00:00:00+00:00,2509934453240.0,2564312384637.0,2493387929896.0,2537593789058.0,244819243043.70108,2231045572172.3,0.015866002669857604,2135502925813.6,0.001427832050570954,2224270970146.195,0.0010465363223715052,2186511422176.67,0.005508476994203093,BULL_BUILDING
2024-11-09 00:00:00+00:00,2539025161408.0,2598808104402.0,2513227073170.0,2582892542430.0,227620877440.27536,2239665215436.62,0.01792824639864854,2138496941882.16,0.003541296275430428,2225296784691.395,0.001584711679737616,2189779761134.72,0.00616630667692486,BULL_BUILDING
2024-11-10 00:00:00+00:00,2582950894003.0,2749364334328.0,2562572029123.0,2695462406463.0,278163204717.77,2250127158251.58,0.02010961092917185,2143970062187.78,0.006622051418440966,2227238202816.275,0.002443658411308336,2193335256067.3767,0.006972697170087416,BULL_BUILDING
2024-11-11 00:00:00+00:00,2695569387891.0,2955503501299.0,2668586668308.0,2928451978290.0,435185797132.9593,2265380469421.02,0.023050198233189212,2152189608958.09,0.00990182126229655,2230323727164.54,0.0035066871281643763,2197583106055.73,0.007785030656719982,BULL_BUILDING
2024-11-12 00:00:00+00:00,2929035443239.0,3003767609423.0,2789395551440.0,2889905996776.0,691663493216.7942,2279640560622.48,0.02553829496884341,2160969960527.86,0.013155095092732827,2233359291686.81,0.004443084043122658,2201756433929.3364,0.00834456458995847,BULL_BUILDING
2024-11-13 00:00:00+00:00,2890465669275.0,3037851955466.0,2794670639323.0,2930743771058.0,475991368600.6415,2294114981047.86,0.02826899175087272,2171596835212.1,0.01690183092806996,2236544570027.055,0.005518032670297268,2206238645752.427,0.009022236689766983,BULL_BUILDING
2024-11-14 00:00:00+00:00,2932382584157.0,3004537277352.0,2810671414674.0,2843980745709.0,566155786456.4941,2307626275788.16,0.030344294264663674,2180640554242.92,0.019707118366822707,2239345740865.825,0.006313295498864724,2210400558673.4565,0.009416836297752251,BULL_BUILDING
2024-11-15 00:00:00+00:00,2845250260317.0,2986020893837.0,2817147459512.0,2955664873012.0,399836863920.8412,2322096967629.2,0.031984774333172705,2191139194170.24,0.02200083518625573,2242671610910.85,0.006929392677918367,2214929205000.62,0.009845256840470995,BULL_BUILDING
2024-11-16 00:00:00+00:00,2956037000804.0,3045746846124.0,2921782336821.0,2979708881176.0,351717177025.0601,2336429806056.84,0.031363092246477375,2199771560909.67,0.022108624515948305,2246684942520.1,0.00733580294030256,2219562678286.3735,0.010001702402096191,BULL_BUILDING
2024-11-17 00:00:00+00:00,2980271435719.0,3036537487754.0,2896229621029.0,2956403864992.0,318243539407.0083,2350361117521.74,0.03102267880334142,2208525013517.64,0.022006346158631285,2250822066788.59,0.007819062148567424,2224368728150.1533,0.010270116109283745,BULL_BUILDING
2024-11-18 00:00:00+00:00,2956837536705.0,3074221017840.0,2933794030250.0,3004865322588.0,288629074324.4055,2365386024216.9,0.031066901074193964,2217694662224.34,0.021227617513882358,2255115280745.425,0.008303304556164015,2229353769068.6865,0.010477163638105136,BULL_BUILDING
2024-11-19 00:00:00+00:00,3006467876209.0,3101422576514.0,2964587446646.0,3024885011617.0,342347177729.2035,2382258558926.5,0.032341581442969725,2227802474766.44,0.021627553624899765,2258934929768.19,0.008747728653455189,2234377606819.8936,0.010847376984389978,BULL_BUILDING
2024-11-20 00:00:00+00:00,3027072895245.0,3106437344332.0,2974961355234.0,3052982088014.0,334295061570.8889,2401522741866.78,0.03420433140596679,2237713797275.14,0.021255885170972544,2262759454685.82,0.008957104409419658,2239521413636.1235,0.011102932129831489,BULL_BUILDING
2024-11-21 00:00:00+00:00,3055502824109.0,3236740035642.0,3026142068469.0,3205899453931.0,407807756024.3498,2424334126071.98,0.0376233515713853,2248889631474.32,0.022328714234462588,2267302923409.48,0.009177068176836833,2244985169715.07,0.011453829025600548,BULL_BUILDING
2024-11-22 00:00:00+00:00,3207176060153.0,3297422070606.0,3158290629026.0,3257052926984.0,435199865946.2693,2448230346519.36,0.04164008171681055,2261044603728.7,0.02378039184052949,2272242063128.7,0.009516521388415189,2250586712201.9136,0.011786707716199496,BULL_BUILDING
2024-11-23 00:00:00+00:00,3259250713929.0,3357262309316.0,3209803212017.0,3270153356792.0,412190745473.5511,2471402047208.86,0.04481975538308092,2273746775771.36,0.025274946322321856,2277427951115.785,0.009894248227959812,2256243393517.71,0.012061622889155243,BULL_BUILDING
2024-11-24 00:00:00+00:00,3270695238925.0,3337653472803.0,3166808385772.0,3274550283266.0,386163245873.9599,2494699749827.58,0.04719940683170365,2286209861456.53,0.026217488916387532,2282794823607.18,0.010562452917330711,2261768003388.03,0.01225862472150352,FULL_BULL_ALIGNMENT
2024-11-25 00:00:00+00:00,3274932910726.0,3347985252384.0,3109551459529.0,3148793231578.0,355730112410.7306,2514924189338.66,0.04722064275923943,2297186339750.81,0.026577367734913038,2287222475080.615,0.010811144924899763,2266904345179.9434,0.012227135394682564,FULL_BULL_ALIGNMENT
2024-11-26 00:00:00+00:00,3148748148396.0,3214916488097.0,3033990117246.0,3106166316383.0,478841979280.5904,2534683480893.3,0.045517387077379956,2307978805187.61,0.026274821532505488,2291806668777.07,0.010807442232175113,2271978357063.8135,0.012023770897412911,FULL_BULL_ALIGNMENT
2024-11-27 00:00:00+00:00,3106023172274.0,3301588527311.0,3083867774702.0,3258066431474.0,362446292995.8051,2557505713708.9,0.04463443047542337,2319944352869.84,0.02604979532204177,2297147189001.395,0.010960595385864025,2277504568283.1035,0.011960372793125673,FULL_BULL_ALIGNMENT
2024-11-28 00:00:00+00:00,3259482318668.0,3303796746298.0,3199977298522.0,3254577871873.0,362770138525.9707,2581200988129.42,0.04442779394982055,2331988680195.35,0.02561494755907101,2302403764260.16,0.010966675425292172,2282989695419.2334,0.0118543513427527,FULL_BULL_ALIGNMENT
2024-11-29 00:00:00+00:00,3254976499037.0,3368786103863.0,3232114923451.0,3327060306662.0,268006640717.9341,2606436546835.12,0.04478967740116335,2344186566903.16,0.025359310369562404,2307855592152.46,0.010978108188312685,2288741456012.9165,0.011925826426265607,FULL_BULL_ALIGNMENT
2024-11-30 00:00:00+00:00,3327511619349.0,3383878151080.0,3280911676093.0,3334695705260.0,320167024674.5662,2630538583024.12,0.04597132357928557,2356561611324.74,0.025846954836224123,2313594577081.505,0.011530186629510109,2294562876325.927,0.012201013776691916,FULL_BULL_ALIGNMENT
2024-12-01 00:00:00+00:00,3336047033730.0,3425003143504.0,3293189900798.0,3387881757238.0,251147144343.47397,2655209933602.36,0.04755088894435966,2368360086600.91,0.026161973965091123,2318902101495.645,0.011822739277145722,2300544000820.9,0.012573026353122074,FULL_BULL_ALIGNMENT
2024-12-02 00:00:00+00:00,3388367367582.0,3489774008639.0,3264320900739.0,3390448719837.0,423207747794.6568,2680126012857.96,0.04794526889687223,2380105007980.76,0.025931938857283177,2324381829482.34,0.011855853473971,2306483876775.1567,0.012724149446558197,FULL_BULL_ALIGNMENT
2024-12-03 00:00:00+00:00,3390997599882.0,3493537295393.0,3262106182714.0,3418799019218.0,490428338393.0436,2703557794386.42,0.047403052617638775,2392223745145.77,0.02582991309605065,2329663927045.375,0.011839870664029473,2312379282266.7266,0.012873289312896441,FULL_BULL_ALIGNMENT
2024-12-04 00:00:00+00:00,3424139847785.0,3584721640184.0,3354135196089.0,3499609139336.0,535064912152.0161,2728369780812.46,0.04678158542758237,2405664040469.23,0.02622550373509136,2335338172694.925,0.011908275645978739,2318467128823.0933,0.012987781006055688,FULL_BULL_ALIGNMENT
2024-12-05 00:00:00+00:00,3500738419293.0,3671880105750.0,3297344440677.0,3452278149810.0,672145333045.4437,2752000844115.44,0.0461739135381487,2419773890745.2,0.02682394515665787,2340930612457.655,0.011815395682087448,2324210390398.1235,0.012920767775894904,FULL_BULL_ALIGNMENT
2024-12-06 00:00:00+00:00,3453482671251.0,3648288127607.0,3420881560859.0,3571363734060.0,549751517786.9033,2778246980156.24,0.04633797312853316,2435095152147.13,0.028177753004611006,2346047540582.84,0.011706160027060486,2330292494183.6733,0.012931069065472478,FULL_BULL_ALIGNMENT
2024-12-07 00:00:00+00:00,3573692155714.0,3633553374971.0,3533806771415.0,3590490092291.0,405485459927.4121,2804184429566.42,0.046288277533700795,2450567032470.88,0.02960458645893893,2351308953506.86,0.01158463884159544,2336401701390.6,0.012971183070775938,FULL_BULL_ALIGNMENT
2024-12-08 00:00:00+00:00,3590696962724.0,3645169119958.0,3527128833422.0,3617068383264.0,277183195804.1233,2830590458639.16,0.04698721977259246,2466363270266.94,0.030991885801489705,2356868527844.395,0.011677478662565077,2342393521172.317,0.012979807912899322,FULL_BULL_ALIGNMENT
2024-12-09 00:00:00+00:00,3617115093471.0,3623627922050.0,3221881627311.0,3385548481419.0,348329715898.0882,2851630521964.9,0.04517743233314042,2479935126033.04,0.030873423850706683,2361408665423.115,0.011163476464783662,2347644385708.5366,0.012584718809558693,FULL_BULL_ALIGNMENT
2024-12-10 00:00:00+00:00,3385136656667.0,3446285386612.0,3221652847647.0,3359286021411.0,626211895532.2656,2873183209901.0,0.0440342763864634,2493844814192.09,0.030610679671429386,2365805534817.695,0.01062608273293697,2352567692346.6167,0.012200832620680169,FULL_BULL_ALIGNMENT
2024-12-11 00:00:00+00:00,3359958673891.0,3554809171453.0,3301434631552.0,3522382622269.0,498058070975.5545,2898124582894.62,0.04314864862433443,2508746186710.77,0.030245649538047426,2370893564791.85,0.010590588544867163,2357984017353.9634,0.011883282137073792,FULL_BULL_ALIGNMENT
2024-12-12 00:00:00+00:00,3524903236923.0,3617979477125.0,3465746759956.0,3511807671353.0,399141270552.1374,2923516509812.6,0.04255500422439451,2524147145366.71,0.030025749926799516,2375998841880.8,0.010500486691515487,2363357354673.98,0.011537251178740382,FULL_BULL_ALIGNMENT
2024-12-13 00:00:00+00:00,3513523222947.0,3588563015106.0,3469710896939.0,3554057679693.0,356253204258.332,2948966723425.5,0.04182034332273221,2539809533461.89,0.02977917490110893,2381118964111.67,0.010289261357083301,2368915684182.66,0.01132267604508641,FULL_BULL_ALIGNMENT
2024-12-14 00:00:00+00:00,3555053466304.0,3603215221715.0,3486133425969.0,3526193782273.0,279403757881.1189,2975243194200.48,0.04334806745945663,2555736149238.24,0.03056572827630899,2386261825418.7,0.010524717876874368,2374286455867.5566,0.011348426670242606,FULL_BULL_ALIGNMENT
2024-12-15 00:00:00+00:00,3526685624245.0,3640354809718.0,3497857468476.0,3615624526922.0,227996392400.9022,3002917095661.98,0.04515336345900822,2573270440650.44,0.03184866436209299,2391999947776.04,0.01107209048792912,2379933916095.0435,0.011632491527217015,FULL_BULL_ALIGNMENT
2024-12-16 00:00:00+00:00,3616115766294.0,3726971303378.0,3546322319718.0,3637800949956.0,313018415489.6504,3030416338292.22,0.04564736663786495,2590866240411.83,0.03273350414484466,2397853289780.935,0.011371124115161058,2385611746535.84,0.01171667364093465,FULL_BULL_ALIGNMENT
2024-12-17 00:00:00+00:00,3638553156389.0,3730623265818.0,3581950130542.0,3625620319914.0,373014251457.93,3056614183364.26,0.04552656812606526,2608085382954.19,0.033254098415599787,2403715210995.765,0.011665144202269717,2391312942113.31,0.011828760210148781,FULL_BULL_ALIGNMENT
2024-12-18 00:00:00+00:00,3625987107852.0,3646329585769.0,3389946584980.0,3405304110583.0,371015301383.7693,3076863048589.02,0.043369877370117216,2622451598516.36,0.03253868605722743,2408413213832.015,0.011462782889777978,2396318874334.79,0.011567819967212012,FULL_BULL_ALIGNMENT
2024-12-19 00:00:00+00:00,3406781435076.0,3495327127023.0,3204510475443.0,3275551894313.0,485284633596.3083,3094757993511.78,0.04016975807028644,2635325438565.95,0.031141434279681857,2412497021923.905,0.010994265686080418,2400959192276.87,0.011234000995708593,FULL_BULL_ALIGNMENT
2024-12-20 00:00:00+00:00,3275682336383.0,3336026055279.0,3046660866487.0,3308057849267.0,640020050117.6085,3114777535611.46,0.03725059213625115,2648670210474.57,0.029301144812851954,2416612452987.95,0.010289509092503701,2405585925571.2534,0.010778454520409264,FULL_BULL_ALIGNMENT
2024-12-21 00:00:00+00:00,3308936835033.0,3393108140057.0,3218543622951.0,3254132377972.0,397652269508.1895,3134196968368.46,0.03424632739893596,2661185045518.89,0.027141040324753618,2420148615518.06,0.009298035802332905,2409965223448.9136,0.010208482980701872,FULL_BULL_ALIGNMENT
2024-12-22 00:00:00+00:00,3254474300205.0,3286940749344.0,3154167523446.0,3198914806119.0,263743663912.88492,3152667901414.82,0.031424874808648084,2672496132686.26,0.024696564826076184,2423279795871.08,0.008139310674499578,2413891998453.98,0.009442116898642272,FULL_BULL_ALIGNMENT
2024-12-23 00:00:00+00:00,3198851094926.0,3297079050450.0,3117890421028.0,3248985114267.0,278554062507.1714,3172681325907.28,0.03114154767538313,2684440986376.59,0.023637953087599417,2426743819817.325,0.007611071837686945,2417772166135.947,0.008952603107594381,FULL_BULL_ALIGNMENT
2024-12-24 00:00:00+00:00,3256463914622.0,3394464973773.0,3201372784500.0,3361263054221.0,271915387024.82776,3195605837099.56,0.03258666551607914,2697912490791.43,0.02374926880360473,2431136253537.98,0.007726115905921871,2421559748316.493,0.008580135849825643,FULL_BULL_ALIGNMENT
2024-12-25 00:00:00+00:00,3361046246610.0,3401457702870.0,3315199326280.0,3371100605519.0,241598586167.1232,3217743441281.2,0.0330572262360711,2711756711696.63,0.02381817901397265,2435637796249.4,0.00787273244327058,2425464994727.7134,0.008263711948572006,FULL_BULL_ALIGNMENT
2024-12-26 00:00:00+00:00,3372761437960.0,3398796452265.0,3213746800435.0,3241768256803.0,205994435186.1564,3233215728469.42,0.0315930240186868,2723777616673.71,0.023520563239380232,2439413876504.75,0.007960362790599085,2428739166682.4233,0.00779013035160836,FULL_BULL_ALIGNMENT
2024-12-27 00:00:00+00:00,3242694302198.0,3322162112857.0,3178380170815.0,3210789053178.0,222715517288.46155,3247253706557.84,0.03000182959346054,2735062950695.32,0.023411378315511655,2443138062858.715,0.008194789153720627,2431857950571.8735,0.007442732371373717,MIXED
2024-12-28 00:00:00+00:00,3210433275447.0,3282094886044.0,3195921828851.0,3260790195228.0,182457253901.61557,3261717634681.24,0.02806342636649739,2746381603426.77,0.02307393508165223,2447550646350.745,0.008573969103581103,2435042253187.317,0.007142975377605998,MIXED
2024-12-29 00:00:00+00:00,3260623448902.0,3270008467188.0,3167644179568.0,3193090330789.0,131365039605.8362,3273921590448.42,0.024507325790824597,2756793402942.52,0.02182461897932697,2451385757734.585,0.008329234598487112,2437547495213.6436,0.006602251671991688,MIXED
2024-12-30 00:00:00+00:00,3193197490661.0,3254535404339.0,3120331511544.0,3173141691965.0,187381679760.7837,3283475176158.46,0.020427898021318835,2766801167205.02,0.020298449072133407,2455431517541.535,0.008126709694937118,2440405757745.7666,0.0061599582144167275,MIXED
2024-12-31 00:00:00+00:00,3175995669022.0,3280582171681.0,3136251953009.0,3184655720260.0,253888315192.94897,3288599250997.86,0.017129547540169376,2776989860209.44,0.019536192385894102,2459639057551.685,0.008291000244663005,2442934057701.27,0.005844551450222779,MIXED
2025-01-01 00:00:00+00:00,3185335715344.0,3267219840720.0,3160784989285.0,3245739023896.0,172671141182.02814,3295715911540.26,0.014924058716000665,2787678236081.37,0.019237321529537166,2464055639217.095,0.00856176598300995,2445534463961.27,0.00562389484393222,MIXED
2025-01-02 00:00:00+00:00,3240923324461.0,3365979751210.0,3230049196701.0,3324367398236.0,205272756295.35217,3303588384083.82,0.012837024565638622,2798851682565.84,0.019105166985389443,2468753367057.795,0.008662832264028086,2448271060910.3066,0.005432680975319348,FULL_BULL_ALIGNMENT
2025-01-03 00:00:00+00:00,3325230610853.0,3440265073920.0,3296609261400.0,3411633570981.0,203621440685.87643,3314941440589.26,0.012529270786604707,2811283858188.71,0.019765882778168375,2474083054667.36,0.009258965816033138,2451236795495.69,0.0056160137633940455,FULL_BULL_ALIGNMENT
2025-01-04 00:00:00+00:00,3412527390190.0,3452191964013.0,3379782728026.0,3420493902364.0,208246198653.323,3324238021176.3,0.012414543381908727,2823167494402.75,0.02037238088007265,2479668815290.52,0.009870891358946254,2454199030242.567,0.005652040630137467,FULL_BULL_ALIGNMENT
2025-01-05 00:00:00+00:00,3420739990072.0,3446071889787.0,3370569568084.0,3415981892212.0,143784143491.5952,3332963481397.02,0.013490312139947891,2834696643726.93,0.020780336415466172,2485176074868.515,0.010382424705131177,2456782176764.8335,0.0056686421886451566,FULL_BULL_ALIGNMENT
2025-01-06 00:00:00+00:00,3416078028110.0,3543372303304.0,3390036768178.0,3510185862609.0,170537516276.21826,3344039121349.36,0.014662431807271892,2847200119435.55,0.021351776752344787,2491200057721.735,0.011016154859743388,2459758582565.42,0.005816363994768592,FULL_BULL_ALIGNMENT
2025-01-07 00:00:00+00:00,3510720893367.0,3536815339788.0,3284043416110.0,3306722192894.0,239265249944.83215,3350076258755.48,0.014071933082109078,2857731141486.19,0.021037005743145487,2496281809477.95,0.011150746278459911,2461856254456.0166,0.005548892752364809,MIXED
2025-01-08 00:00:00+00:00,3306582373643.0,3333188216278.0,3147578266432.0,3252314810306.0,335454139411.826,3354624854729.26,0.011971075462782865,2868441706827.88,0.02033158212490016,2501093139918.26,0.010917210398391886,2463937734104.8965,0.005181440908746726,MIXED
2025-01-09 00:00:00+00:00,3253749501460.0,3272736108851.0,3109148593270.0,3158266309535.0,285882047020.7422,3356730539159.68,0.009774425831241329,2879126640513.23,0.019821404936627207,2505631761765.285,0.01047032826104366,2465937546395.4434,0.004783033490040944,MIXED
2025-01-10 00:00:00+00:00,3157008362755.0,3271319134525.0,3142858794533.0,3227219377186.0,262630304547.31372,3357156937624.78,0.007258842277389377,2890745531848.38,0.019772446637450036,2510837109029.16,0.010325640271586334,2468672250161.4136,0.004839693770587905,MIXED
2025-01-11 00:00:00+00:00,3228172588820.0,3272714644798.0,3191431477417.0,3246108672151.0,221063222401.55328,3356938052528.12,0.0038572907524943023,2902584199523.74,0.019452120597399425,2515939752949.67,0.009930834398968358,2471117847025.797,0.004618040380422128,MIXED
2025-01-12 00:00:00+00:00,3246253254382.0,3272480929747.0,3197211241289.0,3228665000167.0,119455113181.62758,3356108285395.62,0.0018005639795140027,2913755166302.24,0.019604372154797822,2521081920552.69,0.00993482025169512,2473668378438.967,0.004798055922871303,MIXED
2025-01-13 00:00:00+00:00,3227603578587.0,3281181822470.0,3018881627619.0,3199158391539.0,210297524877.3227,3354600447561.08,-7.275677381679557e-06,2924650098694.33,0.019595445057382532,2525876704638.265,0.009909093077923314,2476791910987.78,0.005216924399087164,MIXED
2025-01-14 00:00:00+00:00,3198924339404.0,3307076695363.0,3188292037566.0,3277075548645.0,283880485086.3557,3357166093902.42,0.00012975564694839292,2936045141620.54,0.01976936349599545,2531311106355.7,0.010248650652609603,2479468852811.3936,0.005487286746466591,MIXED
2025-01-15 00:00:00+00:00,3277279624803.0,3468770414128.0,3258538500175.0,3455162998204.0,224494764969.8918,3364146027538.84,0.0020818478384883043,2949414754216.07,0.020295533356814,2537591764719.765,0.010655671606251582,2482929249649.3364,0.00577516901524322,FULL_BULL_ALIGNMENT
2025-01-16 00:00:00+00:00,3455850466982.0,3501277468279.0,3334689936149.0,3433426023989.0,303892711472.3613,3367653219389.14,0.0031919465576526473,2962579466549.02,0.020669604359840443,2543485449609.685,0.01094847228663598,2486522495563.217,0.006233878548512317,FULL_BULL_ALIGNMENT
2025-01-17 00:00:00+00:00,3436034892879.0,3631182421096.0,3428585221743.0,3573233763308.0,306331501661.0343,3374026337217.84,0.005338937334111504,2977613662673.63,0.021916219011781424,2550070323307.41,0.01149839777850814,2490549246663.803,0.006824224448181315,FULL_BULL_ALIGNMENT
2025-01-18 00:00:00+00:00,3575352806817.0,3636526183379.0,3453541865828.0,3561740789711.0,345404626739.5385,3378719946878.82,0.0071899767780916335,2992578246856.97,0.023226076922147287,2556634618525.945,0.012177124018444285,2494195304845.0366,0.007026587005573681,FULL_BULL_ALIGNMENT
2025-01-19 00:00:00+00:00,3564481021716.0,3650823469409.0,3349202075119.0,3419120580497.0,382798621043.323,3380408444383.56,0.006923205415232392,3005473513703.84,0.023646902119828894,2562882046831.465,0.012472169223488594,2497073720968.5967,0.007100257838384083,FULL_BULL_ALIGNMENT
2025-01-20 00:00:00+00:00,3420069861942.0,3692150048297.0,3345472414018.0,3455355742649.0,643294752516.3092,3381757924091.78,0.005235176002696962,3018483928847.07,0.02341792538071097,2569944208788.185,0.012749270595143525,2500056611368.007,0.006898046620172238,FULL_BULL_ALIGNMENT
2025-01-21 00:00:00+00:00,3461856217486.0,3621445338182.0,3379788978485.0,3569069564497.0,630955499532.1141,3385330340984.98,0.005249092006880174,3032728176921.47,0.023678254428112666,2577667421788.905,0.013439028001699382,2503517080215.4766,0.006834679630923768,FULL_BULL_ALIGNMENT
2025-01-22 00:00:00+00:00,3572276469626.0,3615770816444.0,3486529109763.0,3510234995866.0,310465955193.4357,3387159060517.94,0.003892300174197505,3045358427452.18,0.02275136147707002,2584751400860.965,0.013600047511071578,2506629392969.4033,0.0064564659089316745,FULL_BULL_ALIGNMENT
2025-01-23 00:00:00+00:00,3509739300424.0,3593856283442.0,3414249555575.0,3513191440222.0,268118071860.90857,3387430706535.66,0.0025781241990439074,3057900243674.06,0.02182799961394366,2592315184586.14,0.013956067793827964,2509813577337.0635,0.0062618482448779655,FULL_BULL_ALIGNMENT
2025-01-24 00:00:00+00:00,3514135793391.0,3621000032872.0,3462479575883.0,3524288783707.0,372058468513.6943,3388870919213.6,0.002503388264841311,3070435881664.52,0.02161468655919796,2599720970122.81,0.014374022143114118,2513071773578.0,0.0064067201841353505,FULL_BULL_ALIGNMENT
2025-01-25 00:00:00+00:00,3525135365441.0,3558199969051.0,3490362282652.0,3528512959664.0,199288104341.1859,3388013903725.68,0.0018499194130165986,3083130441940.96,0.021416881659059417,2606948588268.63,0.01439890381818576,2516109863385.573,0.006421155402869916,FULL_BULL_ALIGNMENT
2025-01-26 00:00:00+00:00,3528603495405.0,3567123688435.0,3440670502155.0,3447052227469.0,136772893142.16663,3385145146429.24,-5.4705017556999636e-05,3094664787997.83,0.020422737371481814,2613761250724.19,0.014002515852194808,2519144590524.763,0.006242222365002492,FULL_BULL_ALIGNMENT
2025-01-27 00:00:00+00:00,3447037760516.0,3471586381860.0,3250872336689.0,3423723205916.0,294838007299.3755,3381278242882.28,-0.0017362094695254626,3105934350760.72,0.019891229473182115,2620518536520.495,0.013837746890326352,2522587571986.4766,0.006366389487745039,FULL_BULL_ALIGNMENT
2025-01-28 00:00:00+00:00,3423630124903.0,3486784057248.0,3334714903958.0,3370215419308.0,384490667225.0692,3380971581640.06,-0.0019067917413447821,3116301051802.48,0.019098336595261722,2626881490507.725,0.01333414475489536,2525815038093.717,0.006375557492055206,MIXED
2025-01-29 00:00:00+00:00,3371040672003.0,3487260144521.0,3353295795421.0,3433448360743.0,198913696428.00345,3382454828426.7,-0.0018932827303994593,3127819019163.85,0.018688922260842622,2633358621494.31,0.012938946817015795,2529038380142.14,0.006353422425897426,FULL_BULL_ALIGNMENT
2025-01-30 00:00:00+00:00,3433608999563.0,3556035504900.0,3418578142277.0,3500822621891.0,237341224313.64197,3382023628419.14,-0.0017680787259912734,3140074105656.88,0.018469430596024905,2639922536705.575,0.012648484356511336,2532555809246.5234,0.006536259048252058,FULL_BULL_ALIGNMENT
2025-01-31 00:00:00+00:00,3501921355762.0,3572632945852.0,3411414543727.0,3452775959457.0,187536888273.01733,3380842994181.22,-0.0012708915162937817,3152179751996.91,0.0185851999939195,2645563716227.015,0.012167318454971321,2535781786970.3765,0.006604303900693331,FULL_BULL_ALIGNMENT
2025-02-01 00:00:00+00:00,3453752945085.0,3475173043437.0,3325597841762.0,3341320671461.0,212380894057.26215,3376588254016.58,-0.0013870461194881445,3162777488721.04,0.018301461505906502,2650633808434.325,0.01149210413669377,2538541207116.23,0.006324313695555972,MIXED
2025-02-02 00:00:00+00:00,3342690371343.0,3383306583501.0,3108963199179.0,3185765756659.0,213557842866.16348,3369779693504.3,-0.0033102579733400583,3172511443852.39,0.01803753588485879,2655077048347.59,0.010733471586651167,2540480403246.2866,0.00580619124179349,MIXED
2025-02-03 00:00:00+00:00,3186111690058.0,3329896437280.0,2811513676599.0,3288743014681.0,623762461477.779,3363242063259.48,-0.005680124685111254,3183079579460.73,0.017667441740811585,2660042199222.215,0.010132906893161042,2543080110385.223,0.0055522013241624535,MIXED
2025-02-04 00:00:00+00:00,3290636210357.0,3315781779193.0,3092764918457.0,3160485516042.0,424786257971.4345,3353695754581.2,-0.008376012988171033,3192056046436.71,0.016554367518328394,2663974519691.445,0.009110866948347951,2545126361161.47,0.004963583376544234,MIXED
2025-02-05 00:00:00+00:00,3161319944311.0,3214632874365.0,3092257791362.0,3121359050124.0,304831965129.6242,3343610529185.4,-0.011012775529624208,3200112356274.83,0.015206177327785397,2667612106421.42,0.008334099103025627,2547109343061.86,0.004467086304384749,MIXED
2025-02-06 00:00:00+00:00,3122685958175.0,3205510664655.0,3060564758284.0,3091254898287.0,216060594078.73297,3337329544939.48,-0.01162673862600816,3207096296764.25,0.014012622829540744,2670926049269.32,0.007655618354532656,2549491467590.57,0.004313603593923743,MIXED
2025-02-07 00:00:00+00:00,3092513595552.0,3220102870779.0,3044770128733.0,3089313207568.0,230473861526.3078,3333604771204.58,-0.010735100092582273,3214181382358.18,0.013134685010053104,2674435881852.96,0.007291251121099629,2552338143619.427,0.004667518929879488,MIXED
2025-02-08 00:00:00+00:00,3089858721284.0,3127336013826.0,3058353450796.0,3105235917469.0,230416394034.2662,3329548332568.62,-0.010018229451556504,3222162934090.04,0.012278472357870385,2678204611819.38,0.006827866340795463,2554945530647.8965,0.0046657673953007794,MIXED
2025-02-09 00:00:00+00:00,3105379894249.0,3155569987161.0,3031374075081.0,3101246990734.0,129844546497.9477,3326490624823.86,-0.008111985030299085,3230343796596.16,0.011994698590017228,2682113947658.32,0.006809159709596724,2557771032112.65,0.004968189848699511,MIXED
2025-02-10 00:00:00+00:00,3101551180377.0,3172908609928.0,3050642888152.0,3137093205635.0,185506953575.3029,3325254192814.18,-0.005489974448576684,3238961047114.5,0.0121397896431652,2686313302112.095,0.007010462895133074,2560720150361.6733,0.005343628979607162,MIXED
2025-02-11 00:00:00+00:00,3137003356128.0,3200771910712.0,3060688018469.0,3098950871521.0,170177643575.16644,3322253507959.26,-0.004517395353743403,3247467416933.27,0.012588059862671308,2689962775338.505,0.0071273879238973326,2563786221207.777,0.005606903886097969,MIXED
2025-02-12 00:00:00+00:00,3098956124411.0,3200566169450.0,3033240480939.0,3180268760473.0,177755789834.58554,3318633622084.3,-0.004490979029547759,3257119729591.93,0.013359030535559535,2694035172000.08,0.007328382886315765,2566890516834.8667,0.005701585133544906,MIXED
2025-02-13 00:00:00+00:00,3180395318146.0,3208053576418.0,3084443862452.0,3141256789693.0,243362952847.44507,3314036745767.78,-0.004658766070193554,3265890093524.49,0.013570747454085152,2697878036838.655,0.007345751303859505,2569835938444.8335,0.005828072504215465,MIXED
2025-02-14 00:00:00+00:00,3141590976860.0,3247294298990.0,3125544996037.0,3187288062987.0,173680202752.26996,3312947141891.46,-0.004071402706303129,3273081435180.44,0.013230058865348227,2702084696047.465,0.007445898563176678,2572713818251.6533,0.005842112507882025,MIXED
2025-02-15 00:00:00+00:00,3188617960822.0,3216116235392.0,3158199663316.0,3179543962747.0,170939250603.70493,3312322240082.84,-0.00388901178120038,3279787973320.34,0.012604945108003474,2706349641374.155,0.007458675518714042,2575582779352.3335,0.005804081710592657,MIXED
2025-02-16 00:00:00+00:00,3179755348775.0,3199096244700.0,3125795750486.0,3138694048085.0,98515230672.4295,3309880317139.98,-0.00372433674601802,3285798975910.61,0.011803523809805538,2710650950862.105,0.007690877997743595,2578113638734.3335,0.005588382294919647,MIXED
2025-02-17 00:00:00+00:00,3138901307447.0,3196575285146.0,3092342226138.0,3130596519547.0,130531464667.03613,3308630440915.14,-0.0030142469185486798,3291276015681.78,0.010486653523826384,2714886478781.97,0.007739804958229124,2580623195021.5234,0.005349927508240482,MIXED
2025-02-18 00:00:00+00:00,3130915317856.0,3157444372514.0,3017349853395.0,3094893437502.0,174690659919.1147,3307065475825.88,-0.002103558432417052,3295270325992.17,0.008996087322697743,2719620194089.975,0.008058984488712229,2583248910541.573,0.005219388481607412,MIXED
2025-02-19 00:00:00+00:00,3094657873650.0,3152463742142.0,3065893223221.0,3135160895624.0,184282300309.3564,3306075579333.16,-0.002074153997632666,3297337415165.51,0.007410747476172208,2724763512061.8,0.008393081107897604,2585994956498.197,0.005162306880898582,MIXED
2025-02-20 00:00:00+00:00,3135457324559.0,3205533456567.0,3120152087242.0,3182923158248.0,147397236468.40775,3304819262020.2,-0.002265171537915389,3300267586780.23,0.006244188229996173,2730618773654.045,0.00896747852120372,2588995390051.283,0.005207602258593402,MIXED
2025-02-21 00:00:00+00:00,3183619379876.0,3239177103284.0,3063168198275.0,3107919547484.0,172957718032.30756,3300490305005.16,-0.0028369642510015503,3302039344544.49,0.004942593491855218,2736818089878.295,0.009653452063928647,2591709494866.2,0.005273567436127946,BEAR_BUILDING
2025-02-22 00:00:00+00:00,3109014080710.0,3162862731000.0,3092554024609.0,3139170939017.0,239796642498.40552,3295041052365.88,-0.004107254887463774,3304991246477.57,0.004167146945574185,2742815900360.245,0.010287509918575077,2594560909403.073,0.005400910295016326,BEAR_BUILDING
2025-02-23 00:00:00+00:00,3139240710315.0,3163323687651.0,3095641070712.0,3136508226527.0,115739814251.70998,3289361338849.14,-0.005353428018330497,3306799680012.72,0.0034987581836942727,2748969437091.48,0.010791669757888922,2597380967278.14,0.005470652355217265,BEAR_BUILDING
2025-02-24 00:00:00+00:00,3137129710823.0,3151104193432.0,2915026958520.0,2933245670853.0,156945636796.82065,3279706614421.96,-0.007975911100168709,3306335047909.49,0.002728757057921083,2753053304409.58,0.010382476212173586,2599901644316.5635,0.005377693325898214,BEAR_BUILDING
2025-02-25 00:00:00+00:00,2932756259297.0,2975457365210.0,2757388172900.0,2880728365985.0,364766876143.3164,3267117464489.48,-0.01140812690242965,3305578292919.42,0.0016091744076942582,2757051653218.53,0.009680179386268861,2602407475498.8667,0.0051804207528225454,BEAR_BUILDING
2025-02-26 00:00:00+00:00,2880522318654.0,2906356727886.0,2685090414714.0,2753405020146.0,382756839880.6218,3256051121034.52,-0.013464418878385565,3303063689895.0,0.0003102159737140564,2760379176059.67,0.008608933954548093,2604431417128.6167,0.004908699176206621,BEAR_BUILDING
2025-02-27 00:00:00+00:00,2753735188630.0,2836057294829.0,2697434655819.0,2760535419652.0,288021516801.4287,3246215533221.44,-0.014817878857497857,3300420193975.35,-0.0013830755246603266,2764111334370.895,0.007764077059584151,2606096684503.91,0.00444613771024982,BEAR_BUILDING
2025-02-28 00:00:00+00:00,2760216512633.0,2781721139928.0,2551418595482.0,2744231909710.0,320967552452.9661,3237934845224.94,-0.015634188016021677,3297332692192.31,-0.0028628851870379224,2767523244733.725,0.006749368469471051,2607617200521.317,0.003940982617541611,BEAR_BUILDING
2025-03-01 00:00:00+00:00,2746191075185.0,2817278215094.0,2710604441583.0,2785734182908.0,218902121019.0623,3229105141339.38,-0.015428658423307873,3293131039482.08,-0.003993548214588416,2771010335478.2,0.0065225874994350175,2609245628767.013,0.0035939761301646556,BEAR_BUILDING
2025-03-02 00:00:00+00:00,2786113721829.0,3124810472831.0,2750604079840.0,3093556590311.0,118621291779.50154,3226054099702.58,-0.012568683321986573,3291496076115.35,-0.004260137124639907,2776270339922.025,0.006970738716867819,2611993400790.9165,0.003683483613653671,BEAR_BUILDING
2025-03-03 00:00:00+00:00,3094037932028.0,3107271350901.0,2739813521500.0,2780956784802.0,397537974323.9995,3217099935395.28,-0.011962707031106024,3286604110395.45,-0.004983125075639361,2780175443083.405,0.007171575265972452,2613820004209.007,0.003604850954662897,BEAR_BUILDING
2025-03-04 00:00:00+00:00,2792056744096.0,2877595097921.0,2632759751303.0,2823046003745.0,326131080977.9903,3209577687639.4,-0.011286325632753558,3282089067600.24,-0.005554179558279193,2784149464528.385,0.007249393289018968,2615892904938.2,0.0037589627785259427,BEAR_BUILDING
2025-03-05 00:00:00+00:00,2823755188485.0,2942362574369.0,2793870825996.0,2917507081916.0,280847629426.7437,3202386318304.82,-0.010978765361058573,3279776206103.62,-0.005324450920667356,2788481272927.215,0.0075728463106390365,2618073718754.95,0.004009989745252129,BEAR_BUILDING
2025-03-06 00:00:00+00:00,2918330593394.0,2999795842584.0,2838183347252.0,2897538891432.0,209961389456.85797,3191233836169.38,-0.011728111508407468,3277689931854.11,-0.004688883449472048,2792834368520.86,0.007875839639873927,2620434423136.0835,0.004288133798410421,BEAR_BUILDING
2025-03-07 00:00:00+00:00,2898181988474.0,2947846239521.0,2742593068511.0,2804497183350.0,233505100279.14468,3178655259356.6,-0.014692512549727477,3273154239372.87,-0.005572492361627601,2796549296121.355,0.007304388159799835,2622482872458.553,0.004015887507395899,BEAR_BUILDING
2025-03-08 00:00:00+00:00,2805628260983.0,2827950220512.0,2751255841159.0,2790847620186.0,200502030404.07565,3163007536494.16,-0.016814025049698533,3268516936856.0,-0.00550330156353207,2800252808525.675,0.007221618150832443,2624441488458.7734,0.004063586717012901,BEAR_BUILDING
2025-03-09 00:00:00+00:00,2793255700207.0,2806639024139.0,2586157894768.0,2612024180359.0,94019349446.28735,3144013204307.12,-0.020427760195610545,3261366575592.97,-0.006313811593913199,2802776571248.065,0.006690411903886639,2625692586632.63,0.0037462090576911855,BEAR_BUILDING
2025-03-10 00:00:00+00:00,2612593427552.0,2724514480533.0,2483741713704.0,2522109398212.0,215160058546.73825,3126072980661.42,-0.023830147289598758,3253240712522.49,-0.008090641529671316,2804901161923.615,0.0058884702421413415,2626809955561.8335,0.003336894887374653,BEAR_BUILDING
2025-03-11 00:00:00+00:00,2521983466820.0,2674429680240.0,2442736513641.0,2641833144394.0,285220848982.3938,3109802528696.32,-0.02551718603322617,3245780226394.05,-0.009735425291436783,2807070156497.48,0.00509725465178934,2627861476461.78,0.0028342832242325144,BEAR_BUILDING
2025-03-12 00:00:00+00:00,2642325941970.0,2703414823292.0,2572359331820.0,2671219174032.0,224785878923.40625,3091845520887.02,-0.027310208684647175,3238587930936.0,-0.010560549827157817,2809346469458.38,0.0045760585571561485,2629117196633.56,0.002529787418129814,BEAR_BUILDING
2025-03-13 00:00:00+00:00,2671649568682.0,2704691587714.0,2568309086159.0,2608599388174.0,170627761165.3829,3073812808733.18,-0.02819934089055076,3230485934625.56,-0.011635553055148629,2811354839885.665,0.003964653236375293,2629937929572.1035,0.002094327931295492,BEAR_BUILDING
2025-03-14 00:00:00+00:00,2608749403946.0,2733478368822.0,2597370676071.0,2691389816256.0,146283886706.37183,3057376776253.86,-0.027556000062141317,3222403741394.76,-0.011946781600632006,2814033890931.995,0.004016488434865684,2631026695594.87,0.002031505511877585,BEAR_BUILDING
2025-03-15 00:00:00+00:00,2692244106049.0,2737184347204.0,2681854084922.0,2717713063521.0,129739549764.73637,3041245261850.14,-0.027135552924081652,3215058090531.87,-0.01173679581828857,2817415990638.535,0.004461771731855579,2632306438482.3936,0.0020924554929915296,BEAR_BUILDING
2025-03-16 00:00:00+00:00,2717896359443.0,2739114342413.0,2630087852720.0,2652716719832.0,85246080843.38306,3023729337053.5,-0.027678024841951365,3205871620389.59,-0.012295535501735788,2820483386268.36,0.004778373543615322,2632655567185.09,0.00182433159671902,BEAR_BUILDING
2025-03-17 00:00:00+00:00,2652579940095.0,2731045912368.0,2647267324824.0,2701876164714.0,128288388126.26176,3008825815798.4,-0.02685118144738441,3196985481113.82,-0.012845860822483957,2823776256792.35,0.005136350211994989,2633201129375.8467,0.0015533475447635503,BEAR_BUILDING
2025-03-18 00:00:00+00:00,2701981174861.0,2710855463060.0,2613544524198.0,2669978493687.0,120498329830.85638,2993750921553.82,-0.026046442044841522,3187514582218.05,-0.013301823093215592,2826938926242.495,0.005543265522990337,2633750545968.947,0.0014496982434348826,BEAR_BUILDING
2025-03-19 00:00:00+00:00,2670517987231.0,2810830957846.0,2657395892788.0,2797018036470.0,179734056838.63486,2982286973897.06,-0.02456020564426664,3181629277768.56,-0.01265343107147432,2830782201900.8,0.005951709047561593,2634815536204.93,0.0014400616369281138,BEAR_BUILDING
2025-03-20 00:00:00+00:00,2798105034071.0,2820727823569.0,2695883889179.0,2720983249085.0,145502458584.09213,2968037671663.9,-0.024071583803045304,3175246250045.3,-0.012382930374979395,2834545532118.695,0.006079876573809484,2635619106560.23,0.0012584659709096169,BEAR_BUILDING
2025-03-21 00:00:00+00:00,2722018822600.0,2744180315314.0,2676983835435.0,2708958729050.0,109432503700.95222,2952200393807.08,-0.023655868390694668,3167112011113.11,-0.012090193827465123,2837929098911.94,0.006185362668156502,2636299713565.6035,0.001384209323063823,BEAR_BUILDING
2025-03-22 00:00:00+00:00,2709811040999.0,2736024002397.0,2696182322039.0,2707693906694.0,68033251250.52995,2937298752751.82,-0.023772417356635933,3159070873466.52,-0.011859486967107036,2841609009416.615,0.006315214451346751,2637022852409.3735,0.0014513600920535996,BEAR_BUILDING
2025-03-23 00:00:00+00:00,2707851103063.0,2772811141708.0,2701509324652.0,2764552070354.0,81832161724.11795,2925763380729.68,-0.022709818754344746,3151175817373.13,-0.011400344659641792,2845492675417.51,0.006563194203730527,2637804581865.49,0.001539263429009452,BEAR_BUILDING
2025-03-24 00:00:00+00:00,2764698754120.0,2859757923679.0,2743663617570.0,2819741933084.0,159457345243.34186,2918442904258.18,-0.021407755255508643,3144111298881.24,-0.011792064886212317,2849923724059.74,0.00676191977824625,2638878316572.88,0.001541960077327209,BEAR_BUILDING
2025-03-25 00:00:00+00:00,2820439787488.0,2859697934133.0,2781191030471.0,2821669718573.0,137036656002.45538,2909101438336.02,-0.019856969434906113,3136171750797.75,-0.012305974456939262,2854721095724.095,0.007117741936683686,2640057215449.9434,0.0016838961588443446,BEAR_BUILDING
2025-03-26 00:00:00+00:00,2822203376937.0,2856164197899.0,2758663099681.0,2791703987180.0,138613188737.2381,2901725807758.78,-0.017097276375337644,3127710781169.99,-0.012440744061108178,2859288510790.91,0.007526407860985573,2641139120243.953,0.0018356815249220837,BEAR_BUILDING
2025-03-27 00:00:00+00:00,2792138061108.0,2829942469331.0,2759116419471.0,2802886914368.0,128997964507.59644,2895356365043.66,-0.014279237911658083,3119483447114.53,-0.01253135112747572,2863784415034.36,0.007803820140019013,2642304623035.3535,0.002002929410017895,BEAR_BUILDING
2025-03-28 00:00:00+00:00,2803028446489.0,2812624528374.0,2671234914642.0,2701608601518.0,166725058987.8455,2887563439108.28,-0.013056401578132149,3112446492023.88,-0.012290436203440835,2867449045270.12,0.00771619271498869,2643090973229.303,0.002004087565908419,BEAR_BUILDING
2025-03-29 00:00:00+00:00,2701748969592.0,2712378367534.0,2602334436599.0,2636059926446.0,104778145609.73975,2878498373485.84,-0.013686932409765151,3106051572345.21,-0.012105082459890282,2870688505455.58,0.007286083210065852,2643681872064.34,0.0018203020053226826,BEAR_BUILDING
2025-03-30 00:00:00+00:00,2636165864329.0,2671211750098.0,2597698128332.0,2626688058286.0,85377344195.78821,2868927416302.18,-0.013809770090663864,3099237874435.4,-0.011776739061869046,2873954042454.985,0.006737241953232331,2644154260137.1,0.0015518772332585584,BEAR_BUILDING
2025-03-31 00:00:00+00:00,2626430654436.0,2671120524801.0,2581518439654.0,2629097446027.0,144747564593.00742,2859484425408.04,-0.014557330757369535,3092987525115.95,-0.01110181167104296,2877086285317.42,0.006224546581900192,2644428252050.69,0.0012453459121202215,BEAR_BUILDING
2025-04-01 00:00:00+00:00,2629500583340.0,2726578155289.0,2621558773487.0,2703077465803.0,138946941370.59885,2850804110611.4,-0.015387485620129704,3088029151712.79,-0.010083174325170585,2880262642199.525,0.005754004064920881,2644862914484.9834,0.0009682045844854326,BEAR_BUILDING
2025-04-02 00:00:00+00:00,2703613626481.0,2793768176907.0,2596405986273.0,2608609700361.0,213608533613.64795,2840997287188.2,-0.016126451557531785,3081625397573.73,-0.009902529900235657,2883033191975.16,0.005434846952466765,2645037679069.46,0.000736526233820145,BEAR_BUILDING
2025-04-03 00:00:00+00:00,2609063679628.0,2659809948991.0,2559201814409.0,2627701819251.0,177377706677.74512,2829945948363.76,-0.016867275510488944,3074289785224.03,-0.010225775838357598,2886101138007.73,0.005368967243523315,2645520764099.9966,0.0006955799240022653,BEAR_BUILDING
2025-04-04 00:00:00+00:00,2627537474145.0,2678411090339.0,2575498088737.0,2650179673465.0,192672489879.5632,2820124406039.2,-0.017010890545945956,3067080575903.49,-0.01037587298385989,2889418643800.06,0.005380949422512327,2646118722800.763,0.0007429455585399314,BEAR_BUILDING
2025-04-05 00:00:00+00:00,2650254796674.0,2666431639644.0,2600761904112.0,2638307457752.0,74872125951.35895,2809144793934.5,-0.017604443313712692,3061045967912.98,-0.010327088920855876,2892411792293.345,0.005326745692034285,2646624573640.8267,0.0008305468633658109,BEAR_BUILDING
2025-04-06 00:00:00+00:00,2638272957739.0,2648112879549.0,2415829757171.0,2456940170684.0,162190724672.09348,2794692718093.24,-0.019682654556761436,3053507479088.04,-0.011179192594604315,2894285214891.68,0.004868504867127976,2646594534935.1567,0.000654710851246687,BEAR_BUILDING
2025-04-07 00:00:00+00:00,2457037134499.0,2541854702307.0,2309026302843.0,2471858967375.0,394650345136.8355,2781356016479.04,-0.020993075557699137,3045618166809.51,-0.011684493122548267,2895999885118.14,0.004497587186672813,2646906486503.6665,0.00070653338853921,BEAR_BUILDING
2025-04-08 00:00:00+00:00,2471734581108.0,2533353278480.0,2379510528804.0,2390261561709.0,202175593963.20648,2766549317322.28,-0.022402064279049227,3037589879118.71,-0.0119376859922935,2897191641030.615,0.0038427284743531853,2646787131529.2935,0.0004786836098515934,BEAR_BUILDING
2025-04-09 00:00:00+00:00,2390234030253.0,2621074466602.0,2328198844767.0,2589877012860.0,335853378521.0124,2756448988829.44,-0.02257893909694253,3031757232327.66,-0.011516927156510981,2899279199766.34,0.0034126435736261396,2647540089136.91,0.0005371513847429732,BEAR_BUILDING
2025-04-10 00:00:00+00:00,2591031444276.0,2598977885115.0,2455773016660.0,2498268443865.0,191660884906.14908,2743711139794.26,-0.023293087021190373,3024893359563.71,-0.0118105408178234,2900941609886.575,0.002949032919848049,2648057158222.36,0.000541287417868519,BEAR_BUILDING
2025-04-11 00:00:00+00:00,2498463021026.0,2626215442936.0,2479660710961.0,2596959209031.0,165211482849.23315,2731991860809.92,-0.022435689218133326,3018405561415.06,-0.011495605598930259,2903041898748.215,0.0030255082710852754,2648838946616.4165,0.0008480376013906277,BEAR_BUILDING
2025-04-12 00:00:00+00:00,2597195574722.0,2693697940399.0,2576211957702.0,2670514640253.0,126221101516.88663,2723243762665.3,-0.020893497081795886,3011867033835.23,-0.01108186618470175,2905359358200.535,0.0032318623804135083,2649791255983.6064,0.0010898645247383598,BEAR_BUILDING
2025-04-13 00:00:00+00:00,2670598260421.0,2699381202753.0,2588441949264.0,2615968657035.0,140444139309.54413,2712779717025.66,-0.01943561965801599,3003910384695.77,-0.011087571319111533,2907597121442.24,0.0035915747733978876,2650692164676.83,0.0014753861770819832,BEAR_BUILDING
2025-04-14 00:00:00+00:00,2616119408606.0,2687547963665.0,2607603621430.0,2635519600533.0,156885338179.50058,2702759944505.78,-0.01947761215289523,2996060641677.46,-0.01177422462114286,2909614068040.105,0.0035646336767420905,2651799424086.1665,0.0016087895955694265,BEAR_BUILDING
2025-04-15 00:00:00+00:00,2636134836224.0,2690993790636.0,2596782295726.0,2600760986997.0,129951719146.6808,2696110250828.66,-0.017349089076909574,2987908432625.31,-0.012226853162101037,2911302538176.12,0.0035715742275661544,2652753527454.1133,0.0017735150531668076,BEAR_BUILDING
2025-04-16 00:00:00+00:00,2600025166780.0,2652865160401.0,2572294347871.0,2608963979465.0,141861894539.63736,2690674963098.26,-0.01512336046982643,2978896213793.87,-0.013089476154644841,2913048166614.71,0.0034468217185601446,2653765443079.1133,0.0018598701400815987,BEAR_BUILDING
2025-04-17 00:00:00+00:00,2609522961194.0,2657478579044.0,2595900624071.0,2633817551734.0,111482182055.40675,2688283213730.02,-0.012837833107185004,2972167167382.27,-0.013181148439480483,2914949154434.23,0.003300726365097262,2654910262112.723,0.0019318526006746328,BEAR_BUILDING
2025-04-18 00:00:00+00:00,2633981515410.0,2648652394903.0,2612292395779.0,2626267902221.0,74109461560.63403,2685597863381.4,-0.010019926599150075,2965906698301.42,-0.012651404844821634,2917174202564.65,0.00329381297421949,2656030992712.6465,0.002014126010919659,BEAR_BUILDING
2025-04-19 00:00:00+00:00,2626362565731.0,2668642925737.0,2620709259062.0,2651198728683.0,76052749432.0733,2683737199760.86,-0.007038266488886502,2960836022492.9,-0.011756978044622723,2919981331503.065,0.003563106041050812,2657366515341.1567,0.002099363626232309,BEAR_BUILDING
2025-04-20 00:00:00+00:00,2651134120954.0,2663690482780.0,2611072863751.0,2647839546318.0,80854492453.15228,2680979307029.06,-0.005612138374144537,2955042224184.22,-0.010999737502735973,2922893878016.3,0.003981496147577035,2658905480747.513,0.0023190821272054407,BEAR_BUILDING
2025-04-21 00:00:00+00:00,2648110792887.0,2742113772782.0,2638090417078.0,2695859794543.0,166491456286.45224,2673025371113.7,-0.006559540719937584,2949539735408.14,-0.00985481744875627,2926061967465.94,0.004467416982793404,2660473080435.8267,0.002527592396760925,MIXED
2025-04-22 00:00:00+00:00,2696927475966.0,2890246139140.0,2676535847104.0,2873200497868.0,219316193533.11588,2674870245375.02,-0.004989417888150771,2945985090385.15,-0.008809086273629751,2929870128343.695,0.0051187767329550216,2662716310496.8433,0.002940230596686133,MIXED
2025-04-23 00:00:00+00:00,2874142180353.0,2929122033928.0,2834591272504.0,2889105590520.0,215526001658.58835,2676191437110.52,-0.0035025445913322573,2942884562374.96,-0.0077622589880000925,2933767330534.645,0.005688082650465942,2664879323883.83,0.0033314111151039327,MIXED
2025-04-24 00:00:00+00:00,2889789847532.0,2909507318778.0,2818759705584.0,2898028730964.0,159098775811.6299,2675801870091.48,-0.002956820686499051,2939094094198.15,-0.0073431720397822975,2937569617909.345,0.0060234242652594805,2667238768969.85,0.003715051563907501,MIXED
2025-04-25 00:00:00+00:00,2898658474968.0,2957213908312.0,2861401004247.0,2914369850655.0,189694333468.8964,2676138489275.94,-0.0018056154855161655,2933686162722.66,-0.007226990290284507,2941550458469.365,0.00638291406793301,2669623230720.73,0.004030887916408155,MIXED
2025-04-26 00:00:00+00:00,2915622406114.0,2952959644999.0,2893315048284.0,2923584209604.0,115247473172.44528,2678520229801.02,0.0020556702329503906,2928587744578.81,-0.0071034780707678324,2945583605563.915,0.006671642061935268,2671852881266.06,0.004277359885321408,MIXED
2025-04-27 00:00:00+00:00,2923471925903.0,2953109920855.0,2881924246890.0,2897000108259.0,104870651145.51569,2680643279562.48,0.0021582483103401717,2921825408028.32,-0.00820088412384723,2949719535350.975,0.006774841934205966,2673988684881.047,0.004233411700587997,MIXED
2025-04-28 00:00:00+00:00,2897139864791.0,2962686462801.0,2860871159537.0,2930641706165.0,165796741300.82974,2687015630078.6,0.004044625813378611,2915514417192.86,-0.00930044811544084,2954046332024.915,0.006912273266937774,2676261218081.5835,0.004271073025988059,MIXED
2025-04-29 00:00:00+00:00,2931665674921.0,2954334733525.0,2887423799543.0,2905799446148.0,136199670800.49393,2694689431037.32,0.007058654512859697,2910381205849.37,-0.009769298780008318,2957927359776.605,0.006930130861629857,2678715099837.433,0.004302700980915786,MIXED
2025-04-30 00:00:00+00:00,2905508766900.0,2936209430708.0,2848057121601.0,2900054373572.0,139768260982.14465,2699853855620.88,0.008861785905316388,2904828192158.6,-0.009836761317808418,2961656060502.835,0.0068350355764190684,2681572203244.99,0.004475902212251359,MIXED
2025-05-01 00:00:00+00:00,2900847603930.0,2996096793471.0,2895864884018.0,2959811439754.0,147926624194.41687,2705625700935.32,0.010119569317687649,2898735610911.17,-0.010193354705830604,2965731893916.32,0.0068401685541523705,2684690151496.3267,0.004804632141341525,MIXED
2025-05-02 00:00:00+00:00,2960178972050.0,3003395749187.0,2945762296151.0,2968397522749.0,126677059871.43962,2712821663626.82,0.012003978414312444,2893317236180.0,-0.009756973079222186,2969337831816.09,0.006650902307829165,2687606679300.6436,0.005092764414671658,MIXED
2025-05-03 00:00:00+00:00,2968758902289.0,2974662422622.0,2926594914618.0,2936379637357.0,80607073182.88007,2717721460048.84,0.011427484688409262,2887549118151.35,-0.009591891872184788,2972724680912.705,0.006322970863827493,2690726495774.5435,0.005405032063099169,MIXED
2025-05-04 00:00:00+00:00,2936416666107.0,2953957535927.0,2884034593508.0,2891079444670.0,85191674172.81017,2721188787671.82,0.009833918643566752,2881217024760.98,-0.010020742653840342,2975826453212.75,0.006051228194291047,2693552988335.533,0.005539181266048354,MIXED
2025-05-05 00:00:00+00:00,2891462385030.0,2926652502122.0,2862486779380.0,2902312755387.0,123386054882.3329,2726180708382.92,0.009751214017466037,2874955022718.21,-0.010283971190114038,2979042732329.585,0.005870591139403913,2696284066418.49,0.005486282694792566,MIXED
2025-05-06 00:00:00+00:00,2901651241456.0,2952810972303.0,2848903663657.0,2945993880653.0,128552716413.29626,2731063062701.7,0.009401655874863524,2869944439250.05,-0.009932320682419893,2982304613623.94,0.0055880707698547916,2699155646899.4766,0.0053881433561662195,MIXED
2025-05-07 00:00:00+00:00,2946287110992.0,2977277760961.0,2909820441182.0,2948380861191.0,233155332588.94244,2736631110051.78,0.008776635318198167,2865191015802.8,-0.009721097992812844,2985562683281.76,0.0054641311917500435,2702076029614.5967,0.005383730597707137,MIXED
2025-05-08 00:00:00+00:00,2950559993093.0,3203763871564.0,2945843474519.0,3182842508282.0,294372051219.5189,2744347599488.02,0.009797228976770045,2863317286692.54,-0.008391833512540803,2989809169247.51,0.005747080597305443,2705693422569.33,0.005562411050803684,MIXED
2025-05-09 00:00:00+00:00,3182380226486.0,3277917648542.0,3149206000521.0,3213974903870.0,321922217207.0982,2754207432583.72,0.012133904513163207,2861122552123.81,-0.006974300257314714,2994470785643.83,0.006265262011819095,2709279931704.1436,0.0058387354682518655,MIXED
2025-05-10 00:00:00+00:00,3214367461960.0,3329283991891.0,3198999250510.0,3318717357011.0,222778838595.29343,2766402605142.94,0.014753936390327738,2859301499475.01,-0.0054447889165236685,2999687802565.945,0.00693010208021283,2713048857628.72,0.006217739228232988,MIXED
2025-05-11 00:00:00+00:00,3318814993683.0,3335799561233.0,3232784118148.0,3275113359817.0,237591535196.6386,2777750994205.4,0.01709514955598057,2857524873478.61,-0.00432745860915873,3004852312737.76,0.007560494998001266,2716217435310.88,0.006321157666843824,MIXED
2025-05-12 00:00:00+00:00,3275523524137.0,3376401781684.0,3176742699376.0,3261203357317.0,323034771392.2457,2787684019944.66,0.01865538607134898,2856723700337.17,-0.0029552359402668094,3009750594529.105,0.008101625660981826,2719330439068.6064,0.006385612123753104,MIXED
2025-05-13 00:00:00+00:00,3261555702827.0,3359168958167.0,3191151514002.0,3326103393239.0,264339698835.56985,2797811249147.76,0.019481369513728364,2858127076702.97,-0.0018126562549291014,3015319260277.68,0.00853234758009358,2722760391132.717,0.006307798371028905,MIXED
2025-05-14 00:00:00+00:00,3326486183790.0,3349100030917.0,3250237127706.0,3285648194836.0,232625831553.48703,2807090818673.02,0.019200945238786904,2858096128504.52,-0.0010577748992414149,3020587853982.625,0.008721764281022892,2726060175649.65,0.006193617628486026,MIXED
2025-05-15 00:00:00+00:00,3286144898020.0,3313205816593.0,3187467303216.0,3257095826404.0,233399170071.1768,2816398655457.5,0.01807258647805421,2859062231608.14,-8.368053068674719e-05,3025559139022.425,0.008624676352768867,2729003756997.01,0.005880800606825165,MIXED
2025-05-16 00:00:00+00:00,3258015086381.0,3304362013237.0,3230167314478.0,3245316760031.0,198131026293.7696,2825247252370.76,0.017098817807802202,2860301808707.21,0.0009717973951419712,3030207082491.02,0.008437942073152849,2731842007183.35,0.005752327361333576,MIXED
2025-05-17 00:00:00+00:00,3245564059359.0,3256085264820.0,3196504680793.0,3220383900419.0,166850737528.1185,2835622758348.78,0.017196618433487743,2861593098728.53,0.0017045395012422748,3034344697746.39,0.008171475491022484,2734481732422.39,0.005571699980298606,MIXED
2025-05-18 00:00:00+00:00,3220481352410.0,3338929424826.0,3193789078842.0,3313059784318.0,211369465725.87207,2849162755506.22,0.018354171095031013,2863830564496.03,0.0019955333125492025,3039005973427.105,0.007855457782352193,2737567442733.9834,0.005438249964811126,MIXED
2025-05-19 00:00:00+00:00,3312728985888.0,3335804946052.0,3166802122559.0,3284575349119.0,259252494169.30643,2862320501322.88,0.019675060843228565,2865623958812.53,0.0026338618330337127,3043893446451.285,0.00771558173285114,2740677727483.763,0.005362153031207351,MIXED
2025-05-20 00:00:00+00:00,3285271055638.0,3341540152588.0,3232935149862.0,3311513882830.0,225052429190.12448,2875968830058.94,0.021151186990523207,2867726627733.49,0.003030502809474145,3049035212164.825,0.007759251121425947,2743984841016.71,0.005489579844399017,BULL_BUILDING
2025-05-21 00:00:00+00:00,3312898280604.0,3430630422735.0,3281191595775.0,3389448362023.0,304928833597.356,2889696247983.34,0.022811807199705658,2870250179297.37,0.0034780842216983743,3054605613205.935,0.008051770077330156,2747625594507.1865,0.005777635486361898,BULL_BUILDING
2025-05-22 00:00:00+00:00,3390195593797.0,3485233359306.0,3378071457572.0,3468425492908.0,308194926478.8235,2906892563834.28,0.025133740119578363,2873944925511.24,0.004316416190756955,3060706171222.255,0.008687699026232343,2751290158729.4165,0.0061468416876702126,BULL_BUILDING
2025-05-23 00:00:00+00:00,3469181080659.0,3498949393169.0,3308242762912.0,3326764098258.0,305482046873.1554,2920873809414.42,0.025169167247329982,2875409878889.09,0.004043295904657684,3066264804240.51,0.00896965358138635,2754493407629.75,0.006182848550705611,BULL_BUILDING
2025-05-24 00:00:00+00:00,3326968106867.0,3395231966890.0,3312292341609.0,3342484691963.0,306615133520.8187,2934719909784.38,0.025293955875325347,2877422157911.79,0.004117148400779369,3071656125718.14,0.00912077894816643,2757726077196.3667,0.006220486831282956,BULL_BUILDING
2025-05-25 00:00:00+00:00,3342714951904.0,3384314429792.0,3291509220288.0,3374147174064.0,186873110586.0572,2949436704110.62,0.025545434736222283,2879290749022.56,0.004032504764308609,3076186092101.5,0.008904744631465844,2761153380372.4966,0.006256790890078356,BULL_BUILDING
2025-05-26 00:00:00+00:00,3374500067429.0,3421275823819.0,3353981831194.0,3381378412046.0,184042243113.7564,2967925468937.86,0.027071779952344333,2881309093515.55,0.0038529443523585005,3080548533417.945,0.008493050657620405,2764669458754.62,0.006203124720306263,BULL_BUILDING
2025-05-27 00:00:00+00:00,3381416006754.0,3444816498859.0,3323022533214.0,3388969217067.0,239702773230.87555,2986267673931.7,0.02730582859681685,2883811845205.37,0.003433232003349884,3084805410557.99,0.007873751346118896,2768371248976.527,0.006208392885393987,BULL_BUILDING
2025-05-28 00:00:00+00:00,3389010203828.0,3407497499497.0,3317411346230.0,3361376128482.0,206025848450.0308,3005689965267.16,0.02903793911923369,2886119641294.72,0.003724603745803412,3088697828488.25,0.0073160753163641346,2771964199619.553,0.0063426515893667545,BULL_BUILDING
2025-05-29 00:00:00+00:00,3361402377433.0,3410132479093.0,3284705094562.0,3294255494260.0,242001837260.80853,3019777534895.16,0.028983217385481153,2888113261862.3,0.0037155145695648706,3091691793927.235,0.006522757557833936,2775784550014.0835,0.006548319997059293,BULL_BUILDING
2025-05-30 00:00:00+00:00,3294571412898.0,3316279088447.0,3197540056330.0,3212517105855.0,268329859602.2161,3034062508134.96,0.02869219193834449,2888886823964.61,0.0033327912248206637,3093112119565.06,0.005502276831372388,2779471282696.07,0.00663414877774815,BULL_BUILDING
2025-05-31 00:00:00+00:00,3212342337349.0,3246969152042.0,3170318547220.0,3229506022256.0,187385742235.3688,3046713444399.46,0.026546480457878996,2889352652604.69,0.0027916335346465093,3094810119692.46,0.004629560651229658,2783530066637.5933,0.006822011876772116,BULL_BUILDING
2025-06-01 00:00:00+00:00,3229908921203.0,3266620515001.0,3191260913721.0,3257509609196.0,156502666520.57687,3058453343778.32,0.02417253834167532,2890848553221.81,0.0024400718195742854,3096443948883.15,0.0037728598002733094,2788161577659.467,0.0071487264181986365,BULL_BUILDING
2025-06-02 00:00:00+00:00,3258546867143.0,3283092404882.0,3194713494825.0,3275062334869.0,189187349758.23755,3071635217335.0,0.02194013781523818,2892207467180.33,0.0021093463342631846,3098599356828.95,0.0032057290452223164,2792613089300.2734,0.007449190607712097,BULL_BUILDING
2025-06-03 00:00:00+00:00,3275938414923.0,3318987105621.0,3244787547632.0,3265326540935.0,200637243651.4806,3084231356143.04,0.021343897192121375,2893495650324.41,0.0018636348280329784,3100147665168.565,0.00273503046388357,2797144841502.4565,0.007695226738063887,BULL_BUILDING
2025-06-04 00:00:00+00:00,3266262094665.0,3300378431016.0,3227901130198.0,3244622060021.0,187174051911.349,3097108577603.52,0.020779423396690255,2896609414216.09,0.002673206228578362,3101472231062.79,0.0027028155380626195,2800905341011.75,0.007711559550595215,BULL_BUILDING
2025-06-05 00:00:00+00:00,3244776045946.0,3283383872431.0,3091331511293.0,3126812206391.0,245728312103.30917,3107465542142.04,0.019940207325456205,2899070252620.15,0.0033632447069760207,3102324272769.785,0.00242798517088727,2804391186352.4033,0.007494483341438984,BULL_BUILDING
2025-06-06 00:00:00+00:00,3127054681357.0,3245467568128.0,3111106048305.0,3204949720817.0,202924615699.87753,3118888185523.7,0.01975993580818236,2903585699626.86,0.004406023411656967,3103324694760.93,0.002222144495869882,2808114683915.4,0.007156366551999804,BULL_BUILDING
2025-06-07 00:00:00+00:00,3205433747258.0,3264612264263.0,3192274797508.0,3249016649055.0,147928265091.32483,3131343160460.38,0.019438487613507416,2908470511920.89,0.0056230560653434125,3104445352948.12,0.001886657630095323,2812231060220.8936,0.0070249512887357035,BULL_BUILDING
2025-06-08 00:00:00+00:00,3249380917928.0,3285530627291.0,3225172344647.0,3256432922585.0,151650673654.97726,3143447844338.42,0.019199755581706057,2913592522049.64,0.006945533760514433,3105462607120.975,0.001714415739652031,2816213003839.03,0.006817009278050401,BULL_BUILDING
2025-06-09 00:00:00+00:00,3256478212540.0,3401922669615.0,3234891863343.0,3392197484488.0,221417087468.47363,3158335003101.82,0.01976889862404363,2919657155065.44,0.007956799676281934,3106394097273.76,0.0015869451164756132,2820559275340.6133,0.007016993413195394,BULL_BUILDING
2025-06-10 00:00:00+00:00,3392504010220.0,3430083760891.0,3338416938510.0,3422038615718.0,264244290225.1475,3172858579525.32,0.02104384956050165,2922941975319.51,0.008234268444438309,3107219025717.43,0.0015777696066809899,2825160885054.52,0.007406134637418793,BULL_BUILDING
2025-06-11 00:00:00+00:00,3422294855505.0,3441917434955.0,3346828008507.0,3369136989232.0,243725294638.91455,3182777309352.6,0.020484582975895282,2928823777363.81,0.00869203817204145,3107713943879.63,0.001414369925941017,2829724887843.54,0.007695627266194327,BULL_BUILDING
2025-06-12 00:00:00+00:00,3369184889161.0,3377344146762.0,3260315749006.0,3267517637336.0,233345581050.85483,3190345550288.92,0.01884251798830805,2933268493699.72,0.008526124530811252,3107678780649.98,0.0010415476306546712,2833855807585.4966,0.007689534359564432,BULL_BUILDING
2025-06-13 00:00:00+00:00,3268658558109.0,3282824328075.0,3148564372906.0,3259992826379.0,308691291198.218,3197584832197.22,0.0172221683131486,2936693351144.35,0.007928640988706048,3108234778623.985,0.0008926758598390983,2837885298999.5933,0.007695545447386376,BULL_BUILDING
2025-06-14 00:00:00+00:00,3260262167958.0,3267768358995.0,3194648372673.0,3231745432194.0,150121734812.84567,3203932343828.0,0.014437145103796345,2940035416551.97,0.006979676175737026,3108862674203.04,0.0007946760301427158,2841901384531.23,0.007566623179028786,BULL_BUILDING
2025-06-15 00:00:00+00:00,3231775130635.0,3262686354870.0,3202751243139.0,3245606313434.0,145319758488.2245,3210372785904.6,0.011823472568667892,2944446507852.81,0.007357153414223827,3108800373612.84,0.0005089270766951426,2845848366698.507,0.0073225853272380625,BULL_BUILDING
2025-06-16 00:00:00+00:00,3245981107730.0,3357722103708.0,3221247456506.0,3271490254658.0,221626241262.5798,3217862588832.58,0.011023479203801534,2949252934197.53,0.006975208611597505,3108884935526.765,0.0003768016195446755,2849919517082.96,0.007136605161221166,BULL_BUILDING
2025-06-17 00:00:00+00:00,3271865940583.0,3311044309876.0,3169150667418.0,3208038291932.0,248152272347.5366,3223410520547.92,0.010364071771475025,2955213075313.26,0.007481272737450917,3108289825453.115,0.00019662418359955858,2853588739269.797,0.006963280076382361,MIXED
2025-06-18 00:00:00+00:00,3208255858349.0,3241396796632.0,3165933529289.0,3216007683818.0,202805066804.68063,3229614685301.32,0.010016889241399873,2962152058169.32,0.008669174469662977,3107696385345.905,-0.00017321512576295994,2857318127338.85,0.0068476440348408385,MIXED
2025-06-19 00:00:00+00:00,3216069990922.0,3232910170654.0,3180487482980.0,3210297359073.0,150296475382.79236,3235819545011.34,0.009952520141309096,2967836700316.11,0.009456105054933106,3106808463355.08,-0.0006607595970724578,2860659004437.0234,0.006600376778692407,MIXED
2025-06-20 00:00:00+00:00,3211464994394.0,3261639622415.0,3119826527397.0,3152935066265.0,207969825593.97284,3239682017541.56,0.009129541517933548,2972653859238.44,0.009579848474204233,3105620895087.22,-0.001022734863456276,2863782266051.7334,0.006301776146292681,MIXED
2025-06-21 00:00:00+00:00,3153005407552.0,3180484120288.0,3051736980147.0,3099989213553.0,155577804732.11752,3242313851357.64,0.00759860368491716,2977567757492.23,0.009600676485350235,3104026846058.895,-0.0015626469195930692,2866759145754.52,0.005908808501650764,MIXED
2025-06-22 00:00:00+00:00,3100079026091.0,3135435134740.0,2961992009011.0,3055715683798.0,272236877184.54547,3244700572286.46,0.006604821695165741,2981211016167.65,0.008797315182301757,3101807378781.205,-0.002085534823305979,2869759599343.88,0.005666850254750111,MIXED
2025-06-23 00:00:00+00:00,3056166010864.0,3227936275921.0,3016315033385.0,3206508640628.0,257672538145.42523,3251009156205.62,0.006624465451458006,2986098971938.72,0.008084295910251171,3100578531235.295,-0.0022903955946834698,2873643651071.93,0.00571358280930534,MIXED
2025-06-24 00:00:00+00:00,3207270881389.0,3248833444272.0,3181304427184.0,3233276813502.0,212596318008.37457,3257628437367.92,0.0067398357829326905,2991904572875.42,0.008109567671545692,3098888096632.505,-0.0025493579073174732,2877623781804.047,0.005930373854664328,MIXED
2025-06-25 00:00:00+00:00,3233959871959.0,3286907644527.0,3208970964552.0,3249075206303.0,195926311366.1587,3263690063880.92,0.00741061814380739,2997376563291.31,0.00831671133725731,3097181022202.565,-0.0027176120878135146,2881643025625.3364,0.006236772880861219,MIXED
2025-06-26 00:00:00+00:00,3249471111327.0,3291945792027.0,3214326853188.0,3227918107524.0,181965929632.6124,3269280808807.58,0.008317195276653422,3002955959429.68,0.008526490076864901,3095235270823.865,-0.0028323128861440505,2885611270638.223,0.006576110487559461,MIXED
2025-06-27 00:00:00+00:00,3228367535401.0,3263553304192.0,3205101037774.0,3238130927271.0,174383924705.14197,3270386577187.36,0.007916294378682798,3007367088337.69,0.008773639983278958,3094498183053.125,-0.002356431214291632,2889643830713.0967,0.006928883999120616,MIXED
2025-06-28 00:00:00+00:00,3238242856484.0,3268865531762.0,3227817190738.0,3257275067013.0,115722835890.7602,3271252580450.22,0.006226812436365803,3012730006516.97,0.008918336206706456,3093988128281.135,-0.002125539762263151,2893940356918.12,0.007063055935491169,MIXED
2025-06-29 00:00:00+00:00,3257427826892.0,3308734157783.0,3247225082797.0,3298076160541.0,133346079133.94456,3270839756520.82,0.00405550215652406,3018621180831.88,0.008929632381551311,3092866595972.495,-0.0019431165218753987,2898159792885.2534,0.007136447513069966,BULL_BUILDING
2025-06-30 00:00:00+00:00,3297981446696.0,3323709598730.0,3241079042968.0,3268347028396.0,185225924915.07925,3270704429892.4,0.0021492132752150006,3024227712048.9,0.008958216690700294,3091649292757.71,-0.0017860529963215077,2902481910294.0435,0.007231598252592342,MIXED
2025-07-01 00:00:00+00:00,3268860596612.0,3282641341092.0,3193861996461.0,3209347540521.0,169294170475.77777,3269667313556.48,0.00011822317246612535,3028675666750.57,0.008564796709763955,3089925742061.85,-0.0017153877807168927,2906553672528.53,0.0072575270631218824,MIXED
2025-07-02 00:00:00+00:00,3209721986331.0,3350421279553.0,3190942635654.0,3316594007041.0,227686896761.41333,3269477125832.52,-0.00027808680514518347,3033644187490.14,0.008737576218862841,3088877743185.69,-0.0018162685950876556,2911163878536.54,0.0074473011499596176,BULL_BUILDING
2025-07-03 00:00:00+00:00,3317545873957.0,3376923764876.0,3305243199656.0,3340476785346.0,209345654031.39603,3270573697642.72,-0.0002075299264744368,3038832258157.87,0.008663986346083785,3087502004477.81,-0.002096363507033905,2916091483202.02,0.007654313341650676,BULL_BUILDING
2025-07-04 00:00:00+00:00,3340771598927.0,3349393882160.0,3255165594027.0,3281121136711.0,176043346331.14575,3271054203848.86,6.556338555330221e-05,3043726429653.18,0.008316793435598102,3085718605411.585,-0.0023111215240315675,2920767817078.3335,0.007800820454614277,BULL_BUILDING
2025-07-05 00:00:00+00:00,3281497789407.0,3298154636332.0,3268900743882.0,3287998460434.0,114055937174.75648,3271907837856.92,0.0003679354066730145,3048577545113.84,0.008051587176430841,3084030496114.185,-0.0024643146495859636,2925382125060.8535,0.007889873382359802,BULL_BUILDING
2025-07-06 00:00:00+00:00,3288195227934.0,3347974342154.0,3274567982574.0,3326978538749.0,145084829581.16782,3274039730623.52,0.0013372666536779487,3054831244486.15,0.008635978431999591,3083638868255.015,-0.0020346358882527005,2929909778342.13,0.008035669884355334,BULL_BUILDING
2025-07-07 00:00:00+00:00,3326936269251.0,3349139604858.0,3274890224723.0,3298772129772.0,179781717589.63312,3273753977532.6,0.0013081148867164494,3061458366519.41,0.009168569980608554,3083754969432.31,-0.0016584579187962634,2934278459143.5234,0.007939979187500557,BULL_BUILDING
2025-07-08 00:00:00+00:00,3299028407083.0,3340831800708.0,3274087159425.0,3329468677516.0,176628007948.52408,3274651844100.54,0.0012469208263856668,3068486172711.71,0.009758325578594462,3083862023573.555,-0.0011789404181684615,2938798085873.8936,0.007786656489576327,BULL_BUILDING
2025-07-09 00:00:00+00:00,3330037281753.0,3441593033076.0,3311018756810.0,3417220777731.0,242468235719.34583,3276765981998.56,0.0017461582088671435,3076367406028.75,0.010724017788710682,3084677465572.35,-0.00033740595704645493,2943513325554.53,0.007787509963372852,BULL_BUILDING
2025-07-10 00:00:00+00:00,3416832444941.0,3593618557826.0,3397380721546.0,3568486288374.0,352141737282.006,3280346740525.58,0.0025791993805630575,3085021494254.46,0.011954411065918658,3086525322983.625,0.0008089501295733825,2948515592884.5034,0.007907844799307506,BULL_BUILDING
2025-07-11 00:00:00+00:00,3570026578238.0,3689328944935.0,3537474477180.0,3618389915645.0,396777504535.1222,3283346028980.32,0.002842451259755352,3095119296407.3,0.01318830688073791,3088372346990.515,0.001535030182759023,2953728560119.2065,0.008129527384476143,FULL_BULL_ALIGNMENT
2025-07-12 00:00:00+00:00,3618905329208.0,3654041447801.0,3581027110694.0,3612830873088.0,217188036276.82404,3289067364476.92,0.0046776230130345375,3104970586945.67,0.014212906143724169,3089630186084.85,0.0019052151389387095,2959057620987.0435,0.0084447206318492,FULL_BULL_ALIGNMENT
2025-07-13 00:00:00+00:00,3613158674269.0,3694327366211.0,3603816325970.0,3667666877493.0,219476249161.391,3295571008187.52,0.006388210131305083,3115145458985.95,0.015205962695606923,3091113017444.72,0.0023512705223960317,2964660915528.69,0.008800478596713734,FULL_BULL_ALIGNMENT
2025-07-14 00:00:00+00:00,3667667261098.0,3799432452844.0,3653946764973.0,3696701512382.0,560695260788.9417,3302022094953.88,0.007707634019050502,3125729399532.25,0.016045545602506817,3093387683722.615,0.0028237046652295206,2970184328039.6465,0.009060941648732612,FULL_BULL_ALIGNMENT
2025-07-15 00:00:00+00:00,3697670835397.0,3726327210705.0,3578516242031.0,3675425850551.0,384691082791.5352,3307903043723.98,0.008400423911889554,3137914256330.92,0.01714502222268699,3095710867709.48,0.0029760146976456348,2975494895371.427,0.009150130510427346,FULL_BULL_ALIGNMENT
2025-07-16 00:00:00+00:00,3676900626278.0,3794576932233.0,3645034316054.0,3744043327989.0,358884594695.4265,3315004525942.42,0.009642144532640673,3150636099937.06,0.01793688650198466,3098127133373.285,0.0031585525599837627,2980878623391.1133,0.009191793598938958,FULL_BULL_ALIGNMENT
2025-07-17 00:00:00+00:00,3746130649823.0,3866499493748.0,3700548137302.0,3810668098530.0,389915960381.7141,3323990365343.38,0.010617903799612138,3164840165305.27,0.01928185040184016,3101215022211.99,0.003749586659049342,2986407815788.8335,0.00924287334177265,FULL_BULL_ALIGNMENT
2025-07-18 00:00:00+00:00,3811565305939.0,3919579474235.0,3740983452307.0,3794794325363.0,456655091476.9545,3334001141965.44,0.01166114572632293,3176889338430.3,0.019820544580428257,3104323285378.98,0.004273628256135309,2991815912654.3267,0.009159562560224321,FULL_BULL_ALIGNMENT
2025-07-19 00:00:00+00:00,3795624273146.0,3835989352093.0,3763545254019.0,3806512646894.0,238983851475.252,3345881052786.22,0.013282454378293007,3189971780460.59,0.020552764720437322,3107432570012.15,0.004540292949195779,2997285000077.9136,0.009124239119581379,FULL_BULL_ALIGNMENT
2025-07-20 00:00:00+00:00,3806659095895.0,3894383764398.0,3770923652184.0,3836009550301.0,326221032601.7586,3358011123347.12,0.01514798921274596,3202362283873.29,0.020538492220538718,3110383922644.175,0.004739801474273886,3002815360456.573,0.009181822199609613,FULL_BULL_ALIGNMENT
2025-07-21 00:00:00+00:00,3836482680778.0,3940323060858.0,3799604746239.0,3857580851470.0,370824675470.369,3370012548192.6,0.01659364921516726,3214232945985.46,0.020185398767464946,3113049989910.345,0.004816734722184135,3008317220795.51,0.009204869057426235,FULL_BULL_ALIGNMENT
2025-07-22 00:00:00+00:00,3858136683279.0,3940257962394.0,3787383017785.0,3919778808385.0,392468899750.5131,3382906877662.92,0.017724633902016063,3227271047498.96,0.019726393414142063,3115590716097.365,0.004635503756563519,3014155096794.48,0.009291189521722254,FULL_BULL_ALIGNMENT
2025-07-23 00:00:00+00:00,3920173247677.0,3931595822847.0,3753385516943.0,3820516537073.0,370816748254.3861,3394010677585.68,0.017999254668780384,3239121016864.36,0.01958887194503567,3117590829270.91,0.004273892462946405,3019449717648.19,0.009236465678580608,FULL_BULL_ALIGNMENT
2025-07-24 00:00:00+00:00,3821923052407.0,3871409573924.0,3729697487870.0,3809856808127.0,362912883216.7592,3405315372547.8,0.017763428772247236,3251211975075.66,0.01919772299873701,3119560203850.485,0.003902782623626644,3024605683809.3,0.009115143782014723,FULL_BULL_ALIGNMENT
2025-07-25 00:00:00+00:00,3809807324607.0,3835693030718.0,3695593710199.0,3812302644598.0,415232329508.4901,3419025181311.94,0.018169700969901337,3263245361726.99,0.019011926964135117,3121070787760.43,0.0034358668839731266,3029780564985.47,0.00897997422152419,FULL_BULL_ALIGNMENT
2025-07-26 00:00:00+00:00,3812756840207.0,3852550614795.0,3790461764276.0,3824198812125.0,222470030699.92096,3431410163138.1,0.01821880900070494,3275149174330.9,0.018952026616964268,3123658170856.585,0.0034076487626673035,3035015827733.12,0.008874930726404662,FULL_BULL_ALIGNMENT
2025-07-27 00:00:00+00:00,3824770478432.0,3909879632034.0,3818841253052.0,3894077902585.0,250496795364.8099,3444311388208.7,0.018151404329580956,3287827274334.54,0.01876391103948616,3126866986317.98,0.003619304089703901,3040725226487.947,0.008815116953246216,FULL_BULL_ALIGNMENT
2025-07-28 00:00:00+00:00,3893858929206.0,3931330936071.0,3803762661461.0,3827012590875.0,319797261050.8622,3455722981574.5,0.018182707672775633,3299585412956.46,0.01866691481339977,3130210717724.68,0.004047961757932539,3046516025320.8633,0.008963986886244557,FULL_BULL_ALIGNMENT
2025-07-29 00:00:00+00:00,3827374422437.0,3881546087446.0,3772554440177.0,3817742059316.0,318794627115.9542,3464233873071.06,0.01730192187138857,3311284438086.44,0.01847694443527681,3133163331135.33,0.00436059136414646,3052357398039.68,0.009175316431803138,FULL_BULL_ALIGNMENT
2025-07-30 00:00:00+00:00,3818661333640.0,3847276857989.0,3721375942507.0,3806082875995.0,308449527944.2843,3471914758276.6,0.015469197844388383,3322386668900.96,0.018123463184107846,3135963202154.55,0.004771572132398205,3058170201277.6133,0.009370195525126856,FULL_BULL_ALIGNMENT
2025-07-31 00:00:00+00:00,3806981520108.0,3860405566324.0,3721402013574.0,3731704665320.0,295251640015.2272,3479166111798.36,0.01391729533626651,3330971710575.48,0.017044272878344424,3138478400480.315,0.004744510702867855,3063570655754.29,0.00940846099062953,FULL_BULL_ALIGNMENT
2025-08-01 00:00:00+00:00,3732368581569.0,3749450684702.0,3600075972320.0,3633556401070.0,395988797354.9936,3486486887073.04,0.012244972684155142,3338416218680.98,0.015386740277187894,3140650390527.97,0.004408055817628709,3068650293250.09,0.009183686351823539,FULL_BULL_ALIGNMENT
2025-08-02 00:00:00+00:00,3633705617118.0,3666799080650.0,3558580202180.0,3581423317554.0,247108525123.67868,3492915496896.54,0.010762585867080787,3345250164546.88,0.01383954220766892,3142172129372.515,0.0038212800116310675,3073463133455.19,0.008845221200334485,FULL_BULL_ALIGNMENT
2025-08-03 00:00:00+00:00,3582017097917.0,3675084254257.0,3557274625746.0,3655177894594.0,203158645433.83847,3501384146144.54,0.010723950643824809,3352658244986.27,0.01249479097112527,3143172203854.465,0.0031944944011290666,3078586387308.3335,0.008593026912739221,FULL_BULL_ALIGNMENT
2025-08-04 00:00:00+00:00,3656090219696.0,3747912749942.0,3650719636988.0,3727489137411.0,254422056905.4886,3511021802624.08,0.01126382617956101,3360697294264.34,0.011531055587835182,3144642519421.575,0.002767671910519409,3083954835130.723,0.008431392681263361,FULL_BULL_ALIGNMENT
2025-08-05 00:00:00+00:00,3727833812073.0,3735732947943.0,3623559228401.0,3672746982911.0,267046582740.9793,3519046937189.14,0.011462754036243972,3368454763010.86,0.011252888253711513,3145140085519.59,0.002122584319285137,3089297944570.9365,0.008397811478028983,FULL_BULL_ALIGNMENT
2025-08-06 00:00:00+00:00,3673094941273.0,3733195888980.0,3637453482583.0,3709989923927.0,234640933800.55585,3529085969829.04,0.01221834016182477,3376248245188.48,0.011332327675561027,3145881331190.67,0.001665559681037987,3094780303079.4365,0.008515147485793184,FULL_BULL_ALIGNMENT
2025-08-07 00:00:00+00:00,3710694353072.0,3840833784606.0,3685521849332.0,3833015699635.0,294877408721.0268,3541426130145.38,0.013888292829282944,3385520407723.35,0.012038036378640982,3147950806786.36,0.0018390709279820783,3100458375758.8535,0.008783330442397652,FULL_BULL_ALIGNMENT
2025-08-08 00:00:00+00:00,3834480407314.0,3876782646531.0,3784622271742.0,3836695332032.0,320670342630.2876,3553954089604.56,0.015014046235945377,3394886817307.95,0.012595549333079381,3149857504733.275,0.002126927971242587,3106066312771.2065,0.008926150513807407,FULL_BULL_ALIGNMENT
2025-08-09 00:00:00+00:00,3837217223355.0,3928826032934.0,3822237059737.0,3871839041237.0,284017708744.4297,3568332169104.0,0.016322987922515075,3404007093322.78,0.012887146703856933,3151371352116.975,0.002139776668998783,3111823627051.8066,0.009036705597506689,FULL_BULL_ALIGNMENT
2025-08-10 00:00:00+00:00,3872018986999.0,3956768652074.0,3842078056946.0,3926447486247.0,292044590857.1687,3584861334557.88,0.01870233575836,3413587592957.76,0.013398674799645738,3153452414568.88,0.0026429121830091606,3117421085529.98,0.009103408432477922,FULL_BULL_ALIGNMENT
2025-08-11 00:00:00+00:00,3927282756653.0,4027049531961.0,3865689067203.0,3890874823057.0,398784641530.9548,3601564517343.06,0.020537484247665105,3423132544814.76,0.013886508402661146,3155340831483.055,0.0030069475916323363,3122860635546.723,0.009073449394564559,FULL_BULL_ALIGNMENT
2025-08-12 00:00:00+00:00,3892232994088.0,4025881345659.0,3873063066949.0,4006064612393.0,380585218374.5757,3617555636778.36,0.021496850092382003,3434282396491.99,0.014403099936246111,3157749710626.485,0.003112788109331577,3128645100972.4966,0.009091147758674367,FULL_BULL_ALIGNMENT
2025-08-13 00:00:00+00:00,4007549669881.0,4141569090170.0,3969020188516.0,4113617452972.0,450899328529.2209,3635162449567.76,0.02285014322518597,3446395443467.84,0.01517241337687203,3160675233093.025,0.003434354837796416,3134826969375.67,0.009259511455440572,FULL_BULL_ALIGNMENT
2025-08-14 00:00:00+00:00,4114565442796.0,4170732391736.0,3899173970730.0,3951771863376.0,538703870167.6658,3649216382709.22,0.022667232133136928,3456453223295.07,0.015407174114051347,3163198831272.56,0.0037531213665567,3140354150180.9834,0.009168425511379974,FULL_BULL_ALIGNMENT
2025-08-15 00:00:00+00:00,3950047548380.0,4006325652859.0,3875198075347.0,3913762025252.0,361726830538.8052,3662933261063.78,0.021778227724818855,3466107034935.68,0.015385409205924017,3165649025369.24,0.0038677009185272837,3145744133833.067,0.00908540987117612,FULL_BULL_ALIGNMENT
2025-08-16 00:00:00+00:00,3914461733566.0,3950231383388.0,3894913443495.0,3921240161293.0,224284498104.15863,3676595445744.22,0.020832870837063755,3473491011465.79,0.014711223124360684,3168404149079.165,0.004140065461635034,3151036449986.9365,0.00902243735102859,FULL_BULL_ALIGNMENT
2025-08-17 00:00:00+00:00,3921887651621.0,3990389313208.0,3907386392329.0,3936625545757.0,233019058574.08896,3690182455319.1,0.02007621328677578,3480717517884.66,0.013521055065274235,3170920035004.235,0.004170794263214983,3156553029724.1064,0.008920132469782294,FULL_BULL_ALIGNMENT
2025-08-18 00:00:00+00:00,3937283649391.0,3945148937165.0,3812474803618.0,3874313566900.0,358269127587.144,3701707203446.28,0.018305854222947504,3486273479983.55,0.0115709404709472,3172787489729.28,0.0038321737423183677,3161883028371.8135,0.008630798210062629,FULL_BULL_ALIGNMENT
2025-08-19 00:00:00+00:00,3874508797369.0,3898596581254.0,3734512574065.0,3741511067279.0,340468838021.1387,3711170484223.94,0.016977371308610767,3490937457058.17,0.00997676853564533,3174231165268.39,0.003487714362676364,3166880694177.8965,0.008446991239948076,FULL_BULL_ALIGNMENT
2025-08-20 00:00:00+00:00,3741352304223.0,3852831898758.0,3721626210993.0,3833367221045.0,345446068791.8164,3723650877834.42,0.01657622796900382,3496659095695.45,0.008814517397134347,3176691398016.31,0.003488186011328942,3172053428251.22,0.00836345656189641,FULL_BULL_ALIGNMENT
2025-08-21 00:00:00+00:00,3833293862095.0,3854679904132.0,3743822466568.0,3762363733309.0,268616959605.9301,3732566272359.78,0.015223547828833839,3501021699096.15,0.007925941808826442,3179574387899.56,0.0035255094662218767,3177220073217.17,0.00830952724470757,FULL_BULL_ALIGNMENT
2025-08-22 00:00:00+00:00,3763138657999.0,4011843808701.0,3728591992337.0,3987302526773.0,450661518899.7619,3745502787188.32,0.014991218602071976,3508038242415.52,0.007849164544517118,3183067185460.02,0.003830796841828521,3183071316793.59,0.008401026949260926,BULL_BUILDING
2025-08-23 00:00:00+00:00,3987754365170.0,3998432669977.0,3893313414137.0,3944716822832.0,279042546068.516,3758774700910.74,0.015416534676576,3514914452379.8,0.008215354463926072,3186988341993.97,0.004475828371947488,3188677576808.217,0.008474237723525402,BULL_BUILDING
2025-08-24 00:00:00+00:00,3944738312622.0,3990853580167.0,3823231649541.0,3899008501973.0,365374611727.9127,3770994901741.52,0.01612009412445259,3521451369799.22,0.008740893561228313,3190876589253.215,0.0052439230535428205,3193955178260.42,0.008549259254476471,BULL_BUILDING
2025-08-25 00:00:00+00:00,3900005278249.0,3917815632396.0,3700473173267.0,3729800750879.0,423943559495.3827,3779051345984.12,0.014877997419006084,3526545538303.82,0.008547142226464466,3194069318516.175,0.005470446550368768,3198411644598.8667,0.008309512101181138,MIXED
2025-08-26 00:00:00+00:00,3730747026976.0,3850680073932.0,3689905264512.0,3824311355359.0,348283637941.2201,3789562130495.86,0.015269885107772385,3531658054014.23,0.00875068981320215,3197744309255.13,0.005714576587583231,3203223333622.8135,0.00818428053657394,BULL_BUILDING
2025-08-27 00:00:00+00:00,3824804600595.0,3869693027449.0,3769111108156.0,3800642220713.0,321577282451.387,3798985601359.8,0.014279208215895789,3536818722730.17,0.008204152385417718,3201221340771.35,0.005703352852323373,3208201871877.58,0.007895065043438843,BULL_BUILDING
2025-08-28 00:00:00+00:00,3802085126053.0,3893412840171.0,3777795362052.0,3846532528891.0,296819981214.5705,3807571836383.0,0.012982192165025497,3542168909190.78,0.007753945986516797,3204947768462.135,0.005635234441092374,3213413111173.4766,0.007757301818523521,BULL_BUILDING
2025-08-29 00:00:00+00:00,3847506161051.0,3856029183224.0,3671026478625.0,3713603195915.0,366382772795.7162,3810474174533.82,0.010469192831331409,3545410457529.7,0.006803753684051506,3207830318413.535,0.0053131886132544714,3218207227980.5234,0.007593108971964968,MIXED
2025-08-30 00:00:00+00:00,3714393237493.0,3744734669483.0,3666469816992.0,3727574502675.0,217635992263.3266,3812657866274.42,0.008892845641277791,3548001947627.37,0.00608425698477455,3210973436569.305,0.0052923453962430145,3223138096690.6265,0.007730853573371332,MIXED
2025-08-31 00:00:00+00:00,3728203233610.0,3770516193236.0,3702422262623.0,3710778154532.0,208316884816.37665,3814616811903.3,0.006611497725770743,3551842088190.11,0.005715172269562752,3213625983539.6,0.004966524133435124,3228123898890.3765,0.007773596366570157,MIXED
2025-09-01 00:00:00+00:00,3711187647251.0,3772476421165.0,3644881370976.0,3710200910927.0,317603161483.3262,3815467492571.98,0.004338497941734909,3555519250379.75,0.005287386523204374,3216470704145.77,0.004763607933072622,3232943833938.677,0.007712096385822598,MIXED
2025-09-02 00:00:00+00:00,3716551841438.0,3808502488283.0,3687616467334.0,3782526267563.0,328759293785.1747,3817183987675.6,0.00252448324172172,3559603041314.74,0.0049218805118875775,3219446895168.65,0.004523982215620448,3237325075172.58,0.0074412978262765606,MIXED
2025-09-03 00:00:00+00:00,3783394627575.0,3844327910161.0,3753781531395.0,3812032007928.0,276430711487.0835,3819916110823.14,0.002477890114679804,3563909577273.56,0.005217765323778378,3222609335394.555,0.004607169181046089,3241668881369.817,0.007290286711591376,MIXED
2025-09-04 00:00:00+00:00,3811169273569.0,3831294232192.0,3716364407809.0,3753567243498.0,267250923263.9219,3820106589133.32,0.0019536824756265503,3567555557537.87,0.005511160985572694,3225683701371.62,0.004581247740881977,3245722126217.95,0.007006845145888008,MIXED
2025-09-05 00:00:00+00:00,3753503755616.0,3854838418322.0,3733061917009.0,3761578563548.0,304585257111.8599,3819124798433.68,0.0011817665450206682,3571557581888.53,0.005550779907691927,3228838611591.625,0.004733789224366847,3249651079621.677,0.0066686352214362365,MIXED
2025-09-06 00:00:00+00:00,3762174023563.0,3786351146061.0,3726918612954.0,3744527057546.0,135485326449.18845,3818119453077.34,0.0006950551958633255,3576060297521.39,0.005777228498888398,3232086779691.845,0.004855034285232929,3253147961791.953,0.00624945216838535,MIXED
2025-09-07 00:00:00+00:00,3744745389782.0,3808538031586.0,3742849065254.0,3787675896927.0,145445134063.3901,3817742718078.0,0.00014637240547066277,3581811885432.11,0.006239135055117417,3235349354698.36,0.004939500494191895,3256012041520.743,0.005772347822427637,MIXED
2025-09-08 00:00:00+00:00,3787951615600.0,3863999170183.0,3765646555189.0,3826707040205.0,258471663998.93573,3817556667876.08,-0.000617668786069614,3587783895611.6,0.006698912478106278,3238568274108.145,0.00495217913580448,3259134711665.507,0.005387913119710541,BULL_BUILDING
2025-09-09 00:00:00+00:00,3826499275310.0,3885582877779.0,3784822531803.0,3819814539266.0,284920941189.4577,3816801341632.0,-0.0008652238947264301,3593406944912.3,0.007246246612700569,3242127749067.055,0.0050978487718564836,3262098280892.8667,0.0050454580022840645,BULL_BUILDING
2025-09-10 00:00:00+00:00,3820059553827.0,3920604446044.0,3797839084027.0,3890177652683.0,290982749492.6143,3816209318517.96,-0.0007633895380732003,3599558098090.44,0.007839861337782139,3245882782635.385,0.0052787311767676925,3265585603916.1133,0.004903456987847221,BULL_BUILDING
2025-09-11 00:00:00+00:00,3890872365108.0,3957020146932.0,3867777220448.0,3948196461116.0,268027859686.858,3818762916998.82,0.0001685290178550236,3606386797292.25,0.008480421818356731,3249941223808.33,0.005524122752108562,3268894042543.1265,0.004840259630398025,BULL_BUILDING
2025-09-12 00:00:00+00:00,3948794381042.0,4039776820151.0,3925028923698.0,4015014121273.0,315921203630.2684,3822866063261.74,0.0013419828317606797,3614090717904.77,0.009011872623446271,3255350066060.43,0.0061819325115617385,3272345060010.1167,0.005016264768402001,BULL_BUILDING
2025-09-13 00:00:00+00:00,4016044078982.0,4054889704341.0,3976455601308.0,4016887979888.0,259661289182.6518,3826957769967.54,0.002462596605459222,3622991475639.74,0.009813183026771588,3261030864129.945,0.006935963092513653,3275880007059.77,0.005137957426039064,BULL_BUILDING
2025-09-14 00:00:00+00:00,4017371224223.0,4035246877698.0,3961821800690.0,3976271429129.0,221910880028.27753,3829999222307.62,0.0034578379890153332,3630704692722.86,0.010379494552757995,3267145196174.86,0.007716366856612478,3279118027414.9067,0.005217422976410591,BULL_BUILDING
2025-09-15 00:00:00+00:00,3976670379686.0,4027323517322.0,3912538867919.0,3954057777136.0,305281184167.9895,3831198819798.64,0.003927850919482889,3637755104003.67,0.010611581997660657,3273112807962.28,0.008389096942307495,3282215269966.6367,0.005092399363403999,BULL_BUILDING
2025-09-16 00:00:00+00:00,3955298743867.0,4010272143294.0,3918983022899.0,3993528111311.0,252484041787.17563,3834529130207.36,0.004128617971636439,3645126055890.93,0.010741847942590699,3279359288970.285,0.009051876060540698,3285350423377.6265,0.005034235010473953,BULL_BUILDING
2025-09-17 00:00:00+00:00,3994055974852.0,4050003552668.0,3927676879063.0,4022714876874.0,340614815583.0477,3838628586558.52,0.004123221435419877,3651431229814.79,0.010331924355143851,3285544192440.115,0.009275231777522874,3288073141454.1035,0.004806363985324413,BULL_BUILDING
2025-09-18 00:00:00+00:00,4024115818949.0,4083926661507.0,4002228811442.0,4040500064436.0,316840725137.4636,3843316930327.34,0.004274716718376093,3657615844301.97,0.009556845191339036,3290278909810.74,0.00896895702598588,3290684631912.277,0.00451928178706229,BULL_BUILDING
2025-09-19 00:00:00+00:00,4040822333105.0,4064893011553.0,3950085551122.0,3972154325461.0,247796328894.76553,3848125923530.16,0.004732821123555775,3663646017664.26,0.00907298382251387,3296234897514.035,0.008903706322337168,3293024635141.1733,0.004240959797726429,FULL_BULL_ALIGNMENT
2025-09-20 00:00:00+00:00,3972138190452.0,4006882166558.0,3958802250198.0,3984187518097.0,159969353748.84116,3855138545870.7,0.0062486253515077195,3670812716471.87,0.009087366115387407,3302040605085.795,0.008838007982231666,3295390092590.61,0.0040140032082987,FULL_BULL_ALIGNMENT
2025-09-21 00:00:00+00:00,3984670624215.0,4004603295841.0,3955519379306.0,3962438357994.0,165735772874.72556,3862758846679.5,0.007361977315481605,3677837171788.02,0.008973932696847431,3307265261466.185,0.008509580694545438,3298102243011.9966,0.0038814184154092324,FULL_BULL_ALIGNMENT
2025-09-22 00:00:00+00:00,3963205143606.0,3972792442656.0,3777995971977.0,3838390901395.0,426267444783.3678,3866423106815.52,0.007240742267779154,3683903626480.03,0.008893059904865552,3311969521516.0,0.008042907819254985,3300542991628.703,0.003792449145180843,MIXED
2025-09-23 00:00:00+00:00,3842307138690.0,3876029542187.0,3785172751576.0,3817999474640.0,282682009639.0022,3868233313560.1,0.006483041519721455,3689627558092.09,0.00875207106289988,3317037032972.45,0.008132478703226198,3302409435105.9233,0.003563028519944389,MIXED
2025-09-24 00:00:00+00:00,3818907290492.0,3889407644449.0,3770910606637.0,3850089761607.0,277827528462.4389,3871780169134.02,0.006146952068075917,3695413553161.58,0.008671016616822014,3322333243679.555,0.0079176232814,3304394474738.37,0.003452704081185587,MIXED
2025-09-25 00:00:00+00:00,3851353112723.0,3862456744398.0,3655755254363.0,3677710894191.0,446558975854.4101,3871134588539.3,0.004149278288774649,3700110279184.17,0.007981219684903618,3327661677248.715,0.00775916326512105,3305563310030.1333,0.0030871056699468546,MIXED
2025-09-26 00:00:00+00:00,3678243644243.0,3758807771403.0,3659938554360.0,3734587884835.0,350409264495.3124,3869166032243.3,0.0016587071101545892,3705296081194.34,0.007466048148338844,3333724069681.83,0.008000207459596176,3306896283962.05,0.0026663942783113903,MIXED
2025-09-27 00:00:00+00:00,3735448855596.0,3750497684197.0,3704918645887.0,3734390167909.0,169762572909.22058,3867119928960.84,0.00018022397602868168,3710537009282.7,0.007229663287396715,3339186854799.405,0.008217869490219964,3308051311997.62,0.0022748742821894208,MIXED
2025-09-28 00:00:00+00:00,3734620398045.0,3826281618989.0,3703252951372.0,3819913979623.0,187284957975.8171,3866081427728.56,-0.0005562968045377259,3717206798416.28,0.007474803320921319,3344930328827.36,0.00840909992190042,3309482862863.573,0.002141899088119237,MIXED
2025-09-29 00:00:00+00:00,3820008092000.0,3893496184970.0,3783372874783.0,3875884226681.0,312637372152.9049,3865070162537.24,-0.0017330546424799698,3724965748547.56,0.007996992748131593,3351266753019.895,0.008708792050100111,3311006480221.783,0.002000973411001805,FULL_BULL_ALIGNMENT
2025-09-30 00:00:00+00:00,3876880739135.0,3896545371763.0,3799948809828.0,3851796843830.0,302408515647.6495,3864288602952.7,-0.0017684700518725283,3732926560147.88,0.008869000783118697,3357068788157.765,0.008837169688886037,3312180439236.763,0.002001815904282056,MIXED
2025-10-01 00:00:00+00:00,3852473700776.0,4008995591770.0,3837357364800.0,4001206364425.0,345640003241.1526,3864191437993.34,-0.00128570193382882,3740873537385.85,0.00960178496182218,3363486254662.285,0.008927608991734948,3314010199952.1465,0.0021512365007025913,FULL_BULL_ALIGNMENT
2025-10-02 00:00:00+00:00,4002822270602.0,4117091043703.0,3987922541048.0,4091583962987.0,373417744728.641,3863750768193.64,-0.0008712325526726294,3749456608880.7,0.010488939875989534,3370680590878.06,0.009431558474599644,3315744267381.9033,0.002325524805610657,FULL_BULL_ALIGNMENT
2025-10-03 00:00:00+00:00,4093710283752.0,4202196841050.0,4043151475346.0,4142632659658.0,399847218257.2859,3867567984119.28,0.00038451243681980607,3758392183414.25,0.011079659333324443,3377884373352.78,0.009851937495204188,3317584742606.46,0.002448080282813958,FULL_BULL_ALIGNMENT
2025-10-04 00:00:00+00:00,4142871236925.0,4161665802952.0,4086991012479.0,4123393987683.0,212473081039.429,3871760623367.9,0.0017310063075977045,3767346942215.84,0.011377606273240248,3385151450822.76,0.010111011835250316,3319272494621.19,0.0024965261918947768,FULL_BULL_ALIGNMENT
2025-10-05 00:00:00+00:00,4124267544855.0,4236425322760.0,4106653273735.0,4150345892729.0,339985198980.7425,3876342737996.62,0.003119367180471233,3776469091870.42,0.011664449064547222,3391918090104.055,0.010380872167178312,3321821819325.5566,0.002910886126425982,FULL_BULL_ALIGNMENT
2025-10-06 00:00:00+00:00,4151183273710.0,4271874727570.0,4134057863993.0,4219046398046.0,366434479713.8947,3881991155042.4,0.004606323815650182,3786086805180.75,0.012086286088808906,3399408405848.86,0.010680035078716621,3324687687247.6733,0.0032219234858363865,FULL_BULL_ALIGNMENT
2025-10-07 00:00:00+00:00,4219652466858.0,4262512027029.0,4067552808703.0,4100799466556.0,422976221313.8253,3886520873035.52,0.005893264397207831,3794114038240.9,0.01191037369373138,3406367609536.39,0.010587481577135627,3326615743395.297,0.0032787438163852656,FULL_BULL_ALIGNMENT
2025-10-08 00:00:00+00:00,4102331876935.0,4202238464095.0,4078981837996.0,4167326284161.0,351310736884.9835,3895037177373.16,0.007102446128076423,3803103830798.55,0.011896482645321615,3413665771423.725,0.010592842772598976,3328800805437.99,0.003380791660718252,FULL_BULL_ALIGNMENT
2025-10-09 00:00:00+00:00,4167764797646.0,4182012422336.0,4016991806604.0,4087428394994.0,377538555324.2904,3900118400852.14,0.007324258972284614,3811884639343.28,0.011822032271135763,3420280153046.925,0.010377291159492152,3330578707822.3267,0.0034062323052590493,FULL_BULL_ALIGNMENT
2025-10-10 00:00:00+00:00,4086457218010.0,4127417557313.0,3238616621451.0,3704339221537.0,728401074132.2985,3898957910616.7,0.005834151969690948,3815762091488.24,0.010404692495009638,3424703139489.19,0.009665637115703118,3331172525953.2065,0.002814933231291894,MIXED
2025-10-11 00:00:00+00:00,3703474388587.0,3767296758272.0,3590729781175.0,3652749137306.0,584220530083.4839,3892266842827.36,0.00264701473407869,3818884815007.84,0.008662772808645025,3428858536582.855,0.008663310558191473,3331296274654.487,0.00198773178971412,MIXED
2025-10-12 00:00:00+00:00,3653692513051.0,3891720131649.0,3604667335200.0,3856186321702.0,476811577568.765,3890496232804.76,0.001022858206376931,3824635466857.75,0.00804441519396204,3434180948255.465,0.008165101923001128,3332024225893.64,0.001625821229602975,MIXED
2025-10-13 00:00:00+00:00,3857555983847.0,3935387952551.0,3799123092200.0,3893757348996.0,424564799276.6721,3890391209745.22,-0.0011927916002776318,3830693055743.37,0.007254396980012956,3439635300428.605,0.007607519524106543,3332918015990.58,0.001236844976083784,FULL_BULL_ALIGNMENT
2025-10-14 00:00:00+00:00,3895100084119.0,3911226893064.0,3671993012735.0,3803494230518.0,492693541298.1982,3891865079338.0,-0.0021161720404018203,3835458212661.06,0.00618423051801531,3445144728573.605,0.007269748211861993,3334245316390.3633,0.0011008923342437082,MIXED
2025-10-15 00:00:00+00:00,3803424885631.0,3841300783793.0,3682750288605.0,3710581318118.0,372142118823.8629,3889590478593.18,-0.0024025476135591806,3839576304544.52,0.006241010965909455,3450517335531.965,0.0075376448677024754,3335695414469.7134,0.001357746703681384,MIXED
2025-10-16 00:00:00+00:00,3711454204456.0,3766617280478.0,3590448152983.0,3625080859280.0,407710566694.7185,3886079251364.52,-0.001589714095332928,3842532426362.16,0.006192281909469299,3455509299536.935,0.007772488328037008,3336752157836.4233,0.001637765822105619,MIXED
2025-10-17 00:00:00+00:00,3625828117227.0,3664316524232.0,3450370660558.0,3558560765197.0,456276813771.6135,3880319816090.64,-0.0026157117511930172,3843945826236.82,0.0050489411465231004,3460156616132.785,0.007563861156039575,3337766919127.1733,0.0017234848381071366,MIXED
2025-10-18 00:00:00+00:00,3558533308287.0,3619077832552.0,3552786643823.0,3596573441969.0,192666361771.97092,3877979221011.72,-0.003190421750493555,3844226697772.77,0.0035329486942601296,3464624096013.615,0.00726495497412083,3339092447913.34,0.0018525603969663518,MIXED
2025-10-19 00:00:00+00:00,3585323488621.0,3672475385953.0,3543597740745.0,3637499674226.0,199803986251.404,3876177724442.74,-0.00403080645794851,3844417795358.58,0.0023359875667381402,3469768545882.94,0.007147397061466831,3340387496446.5366,0.0018421500139715885,MIXED
2025-10-20 00:00:00+00:00,3649185503930.0,3753394641377.0,3601684567015.0,3696314080485.0,306673183548.612,3875888442961.8,-0.0035227450567845153,3845252627432.55,0.0014783722051079362,3475111607189.11,0.007127705577330001,3341504333200.75,0.001741441591410986,MIXED
2025-10-21 00:00:00+00:00,3696569006922.0,3800551544230.0,3589605347841.0,3617618836079.0,414657384033.7158,3874036801464.84,-0.003098868839448321,3844752147018.41,0.0005776712880862789,3479948803002.18,0.007072619792549917,3342326060635.95,0.0016704575395078969,MIXED
2025-10-22 00:00:00+00:00,3618084378258.0,3646452409979.0,3543063704849.0,3584375526634.0,431924374903.5341,3870073786646.26,-0.0026405115892491615,3843628887160.93,-8.245149391195028e-05,3484679143346.59,0.007087114814245732,3343468084868.72,0.00170807784955751,MIXED
2025-10-23 00:00:00+00:00,3584394659732.0,3709586341468.0,3578330586570.0,3662288965679.0,431811526527.5789,3867078925801.28,-0.0028108183642089335,3843497518312.21,-0.00018968170138944362,3490705887321.565,0.007528029184453056,3344973084577.0566,0.0017611482028272452,MIXED
2025-10-24 00:00:00+00:00,3662216065962.0,3744597019232.0,3644451281440.0,3702017177335.0,431984507408.3015,3866047924478.02,-0.0026133476545315837,3843077256805.67,-0.00034869741642773455,3496856678371.365,0.007806898970413201,3346443841184.08,0.0018130665211704144,MIXED
2025-10-25 00:00:00+00:00,3702013680482.0,3741380791165.0,3684156910669.0,3724931110702.0,431984507408.3015,3865314975421.1,-0.002728011318256618,3842219886927.39,-0.0007886973364308325,3503530026116.33,0.008177699636590097,3348216643783.79,0.002008769079347772,MIXED
2025-10-26 00:00:00+00:00,3724938406745.0,3855867693518.0,3707466507980.0,3830263088782.0,431984507408.3015,3867029696045.82,-0.001808734861881156,3842574574561.58,-0.0005663752495772556,3509731956495.94,0.008558503351562496,3350407048439.8467,0.002417773627495512,MIXED
2025-10-27 00:00:00+00:00,3830246960092.0,3898368750885.0,3794256235226.0,3809841132509.0,431676309391.7364,3867473000757.46,-0.0006720248843249399,3842607859417.73,-0.0002656416041129095,3516289819939.16,0.00907133061387455,3352490999814.01,0.00269866938049268,MIXED
2025-10-28 00:00:00+00:00,3809574795626.0,3873373530374.0,3720745390953.0,3753673880003.0,303476457502.483,3866012337553.42,-0.00027581238147056375,3841784502714.75,-0.0004456918703078516,3522073393294.02,0.008986006551392256,3354184116001.033,0.0027536937341727796,MIXED
2025-10-29 00:00:00+00:00,3753643893716.0,3796333281896.0,3650322822858.0,3685837520675.0,302269131468.7627,3863332797181.6,-0.0007023004756948614,3840067069406.8,-0.0007832752759626693,3527150007696.13,0.008663017135398743,3355389016409.1636,0.0026730390975031604,MIXED
2025-10-30 00:00:00+00:00,3685473183848.0,3735766555086.0,3530139293263.0,3606751339653.0,340013778693.0459,3857664270921.0,-0.0019793223964281736,3836936794719.48,-0.0013750103750920228,3532103921109.22,0.008155744286445943,3356039408971.4033,0.002336397557229919,MIXED
2025-10-31 00:00:00+00:00,3606967465960.0,3700576895197.0,3598352780521.0,3649805173908.0,295810464323.9282,3851696445176.84,-0.003965123641191282,3835229681087.83,-0.0019114511198752293,3537175348976.095,0.007819227456775435,3356803779876.55,0.0019092400846285607,MIXED
2025-11-01 00:00:00+00:00,3650421644878.0,3687506508178.0,3635287659288.0,3667286525670.0,153274784826.5079,3844741893264.78,-0.005877509031925521,3833803978263.26,-0.0022911214145604486,3542507976669.46,0.007456199025924759,3357641461988.0767,0.0015363090234552512,MIXED
2025-11-02 00:00:00+00:00,3667307395092.0,3704857665610.0,3633738799055.0,3680154815560.0,175850933740.38687,3838007229978.22,-0.007243926074204543,3832482499972.88,-0.0024212713480668002,3547863930849.935,0.007322544046078017,3358208025164.58,0.0011996685406596708,MIXED
2025-11-03 00:00:00+00:00,3679849172150.0,3689485410896.0,3450247792936.0,3499045229948.0,389027029441.2487,3828462705994.6,-0.009025909238893015,3829230964151.11,-0.002821853123873619,3552190069241.005,0.007099233514378023,3358849101954.76,0.0010312025010139614,BEAR_BUILDING
2025-11-04 00:00:00+00:00,3498439293565.0,3534158064833.0,3214264827589.0,3330507139495.0,530724837410.8224,3815991693241.78,-0.010802541318420955,3823595256520.21,-0.0034771326485312226,3555711265427.375,0.0066836494184296935,3359109743052.0566,0.0009148683035262728,BEAR_BUILDING
2025-11-05 00:00:00+00:00,3330675325075.0,3450208274904.0,3238236364631.0,3420971494702.0,365673725789.8766,3804540560909.6,-0.01224288698199183,3819534845558.48,-0.004092280471947762,3559560129257.47,0.006328433869656758,3359985427002.6133,0.0009478204073580798,BEAR_BUILDING
2025-11-06 00:00:00+00:00,3421062321024.0,3442165364554.0,3293571355863.0,3338416916384.0,298747806098.3099,3790854601699.8,-0.01401584113081289,3814741594129.16,-0.004972185391370787,3563013016107.8,0.005788283208784106,3360356085466.6064,0.0008084911713361898,BEAR_BUILDING
2025-11-07 00:00:00+00:00,3338416292310.0,3471432692254.0,3267104439281.0,3435966420089.0,410257145760.0393,3778763928812.86,-0.015435953508012634,3811040429570.1,-0.005594825391357028,3566713549235.53,0.005312948510141746,3360988944626.4,0.0008280962468618647,BEAR_BUILDING
2025-11-08 00:00:00+00:00,3435874942462.0,3456937168117.0,3363426821183.0,3401003390316.0,253576782237.58344,3767340910109.96,-0.015965101550796335,3807733416820.06,-0.005614063902728228,3569352563697.77,0.004831524812080934,3361563405926.8965,0.0008081053628032908,BEAR_BUILDING
2025-11-09 00:00:00+00:00,3401067287912.0,3517165369325.0,3361480860037.0,3486676494266.0,260318626189.71167,3757390689633.34,-0.015356690558898212,3806264617752.02,-0.004532550546148095,3572340418216.5,0.004676744411395983,3362521799602.6533,0.0010157621547357554,BEAR_BUILDING
2025-11-10 00:00:00+00:00,3487651835392.0,3572439243006.0,3457661378218.0,3527101425589.0,323183821414.8858,3748683950985.24,-0.014681565100992278,3805721398832.37,-0.0036165259081673007,3575485781689.625,0.00447405068431217,3363355219192.467,0.0010029186920788025,BEAR_BUILDING
2025-11-11 00:00:00+00:00,3530865978340.0,3587234150076.0,3399320166681.0,3415869147002.0,324048861073.8905,3740233515897.38,-0.013353475962840089,3803328311356.45,-0.002991888832070577,3577993278171.36,0.004204380392616169,3363224239688.46,0.0008535268730174295,BEAR_BUILDING
2025-11-12 00:00:00+00:00,3416077691046.0,3508007192010.0,3348629651575.0,3384250288050.0,296040898511.984,3731558532165.58,-0.012492285185465413,3799895922862.84,-0.0029242688219178747,3580296608563.59,0.003808284332497358,3363060320568.6636,0.0006162995405192273,BEAR_BUILDING
2025-11-13 00:00:00+00:00,3384688188784.0,3476803086697.0,3245446385170.0,3304948200898.0,403514994543.9127,3720655700951.4,-0.012392085099937833,3796217935042.71,-0.0030242352908641523,3582336349026.785,0.003637574349215855,3362166035360.63,0.00017927058364297643,BEAR_BUILDING
2025-11-14 00:00:00+00:00,3305209020213.0,3319700337467.0,3138063459839.0,3168660918419.0,438019399561.7431,3710474701435.96,-0.012486321512112486,3790804644987.63,-0.004061717803929499,3583526445088.055,0.0031312880526486175,3360855769122.99,-0.0004954705363873213,BEAR_BUILDING
2025-11-15 00:00:00+00:00,3168594719672.0,3252524928370.0,3163050589224.0,3203674663061.0,220760619423.3832,3699856437000.48,-0.013025241557621081,3784511234621.89,-0.0055732309298803795,3585015821172.62,0.002665383129699217,3360137616064.87,-0.0009566646749756824,BEAR_BUILDING
2025-11-16 00:00:00+00:00,3203755276340.0,3249480926784.0,3108381279768.0,3159007595369.0,267502757197.5225,3688348785549.68,-0.013872056417646217,3777734357255.26,-0.006729357027835059,3586310587281.605,0.0023245737103496644,3359149788907.27,-0.0012114716387651159,BEAR_BUILDING
2025-11-17 00:00:00+00:00,3159605995736.0,3229663835277.0,3054347830706.0,3093447125811.0,373878214056.1791,3673819448473.44,-0.015473181833927097,3769950438101.0,-0.007880606566529003,3586978765711.89,0.0018663697114695843,3357564380778.317,-0.001634207913766228,BEAR_BUILDING
2025-11-18 00:00:00+00:00,3093497056196.0,3171286937284.0,3010589140025.0,3138477995019.0,387585908984.3173,3659071323840.2,-0.0165520225629725,3762070743188.72,-0.008995055720794842,3587829168073.24,0.0015333063429254778,3356325190775.493,-0.00173722669365739,BEAR_BUILDING
2025-11-19 00:00:00+00:00,3138025642939.0,3146764750649.0,2977888785966.0,3080676570989.0,332881945308.6986,3643648918383.38,-0.01801003602765927,3753968760668.04,-0.009717167664732074,3588550652741.4,0.0014020289037441902,3354883474544.717,-0.0017770160306022076,BEAR_BUILDING
2025-11-20 00:00:00+00:00,3080154480809.0,3131845149508.0,2909257144835.0,2931488534011.0,384403280026.2581,3622254561775.1,-0.020974293610238726,3743222999884.22,-0.010909793148439428,3588752698188.105,0.0010423599788362825,3352907473712.3965,-0.0021517399519311864,BEAR_BUILDING
2025-11-21 00:00:00+00:00,2933002020567.0,2966769324661.0,2733748356518.0,2871151180086.0,483830643390.8667,3597845906117.08,-0.024537505722662334,3730798337155.36,-0.012424383416414053,3588596890311.6,0.0006375083736760434,3350716267780.47,-0.002510611808574148,BEAR_BUILDING
2025-11-22 00:00:00+00:00,2870990903702.0,2894269109189.0,2814216823558.0,2862517568856.0,179653230168.8659,3572243604301.04,-0.027648567273660385,3719905794210.16,-0.013274615863663297,3588179508752.615,0.00033475052938780614,3348767818918.427,-0.002619923510700062,BEAR_BUILDING
2025-11-23 00:00:00+00:00,2862526278066.0,2967657245148.0,2858202589098.0,2922604635582.0,217827180377.6281,3548227817259.02,-0.03029279748087821,3709994220313.46,-0.013842515579895909,3588050627624.57,6.172522184177964e-05,3347097423683.98,-0.002749366216621252,BEAR_BUILDING
2025-11-24 00:00:00+00:00,2923627766275.0,3031799718587.0,2878671236973.0,2997553386617.0,301137957866.8573,3525171967136.78,-0.03251601729487319,3700757352566.7,-0.014174707221556782,3587124182016.245,-0.000397506086214805,3345855216908.3433,-0.0026910793489179907,BEAR_BUILDING
2025-11-25 00:00:00+00:00,2998191039203.0,3014785089263.0,2921626370272.0,2979409564383.0,254635255423.05933,3500379230463.52,-0.03364626346190713,3691185192752.96,-0.013901872031901297,3585951355318.81,-0.0007805895543343544,3344341754253.81,-0.002554713938796027,BEAR_BUILDING
2025-11-26 00:00:00+00:00,2980127511973.0,3075593709033.0,2936627902743.0,3063499223641.0,254342808402.49945,3479633225605.22,-0.032856515703152844,3683077049320.37,-0.012791173234888875,3584675264651.96,-0.0010928019444668147,3342884009592.9766,-0.002337487737414934,BEAR_BUILDING
2025-11-27 00:00:00+00:00,3063671489892.0,3106737516124.0,3039777304362.0,3075417591111.0,212778745790.6934,3457795051744.22,-0.032038283284774316,3676416114558.69,-0.01169107016612081,3583676785808.43,-0.001254876723196685,3341626148365.1567,-0.0021326263686971547,BEAR_BUILDING
2025-11-28 00:00:00+00:00,3075910682340.0,3133964140535.0,3035984555720.0,3061638122447.0,236242615270.29922,3437279246293.28,-0.03126872813128645,3668698823572.71,-0.011130852041397743,3582678959634.08,-0.0014970992742223688,3340693873201.777,-0.0019131652508503905,BEAR_BUILDING
2025-11-29 00:00:00+00:00,3061817437238.0,3077550243067.0,3029605698920.0,3051350008019.0,148957816622.92044,3424219462022.92,-0.028637611456968304,3661588686319.81,-0.010583959583225333,3581305192707.98,-0.0016221878621983654,3340245820706.31,-0.0016765209007508775,BEAR_BUILDING
2025-11-30 00:00:00+00:00,3051457115135.0,3096131148642.0,3030921092179.0,3036762165713.0,145955568740.62592,3411899722591.06,-0.025277120576659207,3652083282709.21,-0.01059332111553768,3580060762562.365,-0.0016426861863889641,3339405884543.0835,-0.0014758867584176993,BEAR_BUILDING
2025-12-01 00:00:00+00:00,3037621970947.0,3041018287650.0,2825272932572.0,2899977901537.0,338476036208.6945,3392775554187.76,-0.02496173182228223,3641635893496.26,-0.011251775422878363,3578275172938.03,-0.0017854034860677048,3338537525828.067,-0.0013002197361430268,BEAR_BUILDING
2025-12-02 00:00:00+00:00,2899788229121.0,3093622875417.0,2887558014916.0,3058036297202.0,289292213562.6655,3376061133151.88,-0.02363758330648058,3633226171448.55,-0.011747838591803283,3577338770623.885,-0.0017685789102533933,3338326449984.993,-0.0009874528848111686,BEAR_BUILDING
2025-12-03 00:00:00+00:00,3059472747821.0,3171845384634.0,3048789009134.0,3147193912282.0,291746855752.574,3362935126787.16,-0.021628769203517972,3627400103062.58,-0.011257048478542475,3576972820683.2,-0.0015927017226970985,3338512913364.9766,-0.0006528463605406376,BEAR_BUILDING
2025-12-04 00:00:00+00:00,3148005518274.0,3175188596486.0,3056859250044.0,3096773482823.0,249990866092.2881,3350658970081.26,-0.021482411614529795,3620124724337.22,-0.0113240359676402,3575891389175.725,-0.0015116844951605923,3338537780949.16,-0.0005113515138801539,BEAR_BUILDING
2025-12-05 00:00:00+00:00,3096805145702.0,3122785327409.0,2971390230822.0,3008273264660.0,248305099795.71213,3338322818188.86,-0.021564790991666194,3612201034776.69,-0.010920410309738116,3574509878753.43,-0.0015504998873153708,3338214572106.4634,-0.00035674382743777766,BEAR_BUILDING
2025-12-06 00:00:00+00:00,3008519019907.0,3042611506019.0,2993850862338.0,3010596814976.0,139222857020.23993,3327363539184.44,-0.019279794362636382,3603841677637.54,-0.010378362077938075,3573005293414.16,-0.0014727429471397269,3337912404853.9365,-0.00018724395616176448,BEAR_BUILDING
2025-12-07 00:00:00+00:00,3010907367715.0,3090011123313.0,2950964172757.0,3036152246146.0,187341745922.0075,3316155115267.98,-0.017744352226220506,3597067168139.85,-0.009952312793751417,3571238812834.775,-0.0017051663765257352,3337575934988.973,-0.00022481773645099956,BEAR_BUILDING
2025-12-08 00:00:00+00:00,3036737318184.0,3111762149930.0,3014171202009.0,3056451212230.0,225767595711.5808,3304534146028.06,-0.017366074145740207,3590355935235.4,-0.010212319229936706,3569178941431.385,-0.0021789036826751484,3337434269458.0034,-0.00032309112918360583,BEAR_BUILDING
2025-12-09 00:00:00+00:00,3055280887491.0,3198041318195.0,3018764389780.0,3130930622059.0,271803887723.94623,3293226476859.54,-0.017140656131986787,3584557459910.67,-0.009824872659066175,3568199774050.39,-0.002150964413689338,3337269808996.6235,-0.0003797985931961456,BEAR_BUILDING
2025-12-10 00:00:00+00:00,3131074325246.0,3193777539420.0,3089761574153.0,3108262318081.0,265059843462.40594,3283039346499.58,-0.016560253366770805,3578538073982.21,-0.009319237902427835,3567028662180.98,-0.002092934927084067,3337159827424.5835,-0.0003159607206478787,BEAR_BUILDING
2025-12-11 00:00:00+00:00,3111145226698.0,3147594494815.0,3010803466885.0,3106542258760.0,254657728401.33496,3273482681142.1,-0.016193258538724775,3571778233894.18,-0.008897017852454225,3565690637604.46,-0.0020471998245238376,3336890674743.8267,-0.0003060985389023996,BEAR_BUILDING
2025-12-12 00:00:00+00:00,3106699679616.0,3123868674125.0,3004511743461.0,3034001369895.0,248205995303.17877,3260916929226.42,-0.016657298624915606,3563997927513.85,-0.009193389803477392,3563953752393.705,-0.0020399253096398118,3336405532767.6533,-0.0003506743349417363,BEAR_BUILDING
2025-12-13 00:00:00+00:00,3034257971684.0,3060225929677.0,3020655135497.0,3043348715908.0,153776272482.99823,3247743559997.88,-0.01718565568415764,3556895742237.95,-0.00931946403114925,3562225649887.91,-0.0019481487640644612,3336087714993.73,-0.0004034699579242851,BEAR_BUILDING
2025-12-14 00:00:00+00:00,3043726351425.0,3053663151933.0,2959421082838.0,2980328833168.0,157867381977.2717,3232851514447.2,-0.018333073305639824,3549083244934.15,-0.00989640014792903,3560320413411.34,-0.0022082173471207334,3335586822705.8,-0.000504300337445529,BEAR_BUILDING
2025-12-15 00:00:00+00:00,2981247336559.0,3047588303790.0,2875205338681.0,2921170260891.0,217331950688.89832,3214669657889.38,-0.020825120077557657,3540849676967.6,-0.01053178595153803,3558454987244.495,-0.0024035901441965546,3335007745450.43,-0.0006448842984587699,BEAR_BUILDING
2025-12-16 00:00:00+00:00,2919160390680.0,2967147273772.0,2872887295042.0,2952600000217.0,192108856595.9549,3197524835243.54,-0.023203985876002475,3532498918000.5,-0.010997131770651758,3557155401716.305,-0.0023937118375162436,3334399209132.4067,-0.0007466428643518874,BEAR_BUILDING
2025-12-17 00:00:00+00:00,2952578230301.0,3022167354008.0,2852005215853.0,2882030539391.0,206872499496.69275,3180091968431.3,-0.0247859612953385,3523052152992.36,-0.011488720070623848,3555418024301.98,-0.0023950165138905133,3333396233736.217,-0.0009019584105952605,BEAR_BUILDING
2025-12-18 00:00:00+00:00,2881717767323.0,2982365445245.0,2817144586147.0,2852157224601.0,236886237340.58133,3163418362509.82,-0.025964241304850755,3513375579845.71,-0.01223543380128933,3553391262379.005,-0.002480019060326355,3332543692659.94,-0.0010623288823797816,BEAR_BUILDING
2025-12-19 00:00:00+00:00,2854195049218.0,2987550649748.0,2836827683544.0,2952440773010.0,226937841857.78564,3150332151176.96,-0.02552525623322688,3503998211048.98,-0.012703290053712624,3551778154569.71,-0.0023992949649846995,3331921258773.25,-0.0010989262541745148,BEAR_BUILDING
2025-12-20 00:00:00+00:00,2952543642697.0,2973210877368.0,2939393377840.0,2959650731163.0,93193003540.79604,3136529062322.06,-0.02430750399984294,3494112753749.45,-0.013199352551497068,3550249775520.85,-0.0023058354687798266,3331331733788.703,-0.0011022498123854918,BEAR_BUILDING
2025-12-21 00:00:00+00:00,2960182131893.0,2986050040825.0,2929477452016.0,2968213641015.0,117868848012.0131,3122547604628.96,-0.02344852174036971,3483644748946.87,-0.013829917627061206,3548867733425.82,-0.002329858371238558,3331448293689.243,-0.0008849916455958562,BEAR_BUILDING
2025-12-22 00:00:00+00:00,2968496324000.0,3027940075900.0,2940382596129.0,2966733711073.0,186196425523.99,3108279182539.22,-0.02258198398189848,3473143206258.72,-0.014166394525624182,3548067340949.23,-0.002067459663675719,3331734978172.87,-0.0004983672647534965,BEAR_BUILDING
2025-12-23 00:00:00+00:00,2966845305858.0,2980193164124.0,2896982182165.0,2928883749819.0,183423195335.25455,3096875952936.64,-0.02103496975353769,3462669329465.62,-0.01443234553998829,3546687011094.24,-0.0018867191338439726,3332319907271.78,-6.715152412051228e-05,BEAR_BUILDING
2025-12-24 00:00:00+00:00,2928759901603.0,2946329004550.0,2886884457190.0,2928826594929.0,133779546760.29778,3088842342045.32,-0.019518516201114777,3452417017643.55,-0.014720667734013593,3545086060823.61,-0.001884153079068307,3332880877856.0366,0.00028800773135317925,BEAR_BUILDING
2025-12-25 00:00:00+00:00,2926903577581.0,2955656230344.0,2894380361922.0,2904892375780.0,105495878899.33618,3078520759666.88,-0.01849442536720347,3441530660288.24,-0.015048768361806686,3543328358089.585,-0.0019495578815295067,3333416412742.9365,0.0006257794542312567,BEAR_BUILDING
2025-12-26 00:00:00+00:00,2906808252699.0,2981102500155.0,2890148629479.0,2918655925871.0,179187301547.20374,3070125539856.62,-0.016788235572334553,3430490070778.21,-0.015258352099400851,3540960650296.5,-0.002228057995750321,3333859485219.48,0.0007237667577804086,BEAR_BUILDING
2025-12-27 00:00:00+00:00,2919224250118.0,2949732626547.0,2913137242743.0,2943709429353.0,78561001629.36523,3060280400041.9,-0.015442236581242108,3419522164427.38,-0.015438765016862366,3538569004364.675,-0.0026770451831430453,3333359994682.953,0.00048773882698616156,BEAR_BUILDING
2025-12-28 00:00:00+00:00,2943873893003.0,2958033276807.0,2925416468764.0,2947465948271.0,88272722627.20386,3051209651201.0,-0.014745925387271819,3409275280655.48,-0.015419909823841116,3536460649159.87,-0.0028833561863174095,3333915025227.85,0.00047868091913660926,BEAR_BUILDING
2025-12-29 00:00:00+00:00,2946805584358.0,3022677284700.0,2907876490237.0,2924160423045.0,215563829736.54105,3039959329776.58,-0.015825674105584553,3398675009704.96,-0.015566487960157138,3534743863088.415,-0.002917333333451455,3334252073292.183,0.00041141447486370275,BEAR_BUILDING
2025-12-30 00:00:00+00:00,2924794540485.0,2985905739947.0,2908912097481.0,2958133729795.0,158719499082.3467,3028579975860.7,-0.016222331341882446,3388631963422.97,-0.015370688826244372,3533234567605.495,-0.0028486748796636707,3334387495451.78,0.000291317551905923,BEAR_BUILDING
2025-12-31 00:00:00+00:00,2957873787786.0,2985491017883.0,2918459960617.0,2934645342687.0,154404265104.39145,3018955499774.4,-0.016667083941007133,3379594507835.89,-0.014836236774407596,3531749067157.96,-0.002601436177430805,3334511183622.63,0.00019547866550451154,BEAR_BUILDING
2026-01-01 00:00:00+00:00,2934495926888.0,2981334722196.0,2926368978518.0,2973651026178.0,101735962524.32211,3010743514536.96,-0.016187041391456103,3371151023351.27,-0.014145584894668994,3530389290721.68,-0.0023115879986811416,3335075029765.39,0.0005145064095004592,BEAR_BUILDING
2026-01-02 00:00:00+00:00,2973907281257.0,3065288312790.0,2958426764727.0,3035648338442.0,217109121818.54013,3005357517287.84,-0.015027526507433553,3363006609119.62,-0.013571409677121782,3529210081140.6,-0.0020502329132355834,3335891032159.5767,0.0005926986491180397,MIXED
2026-01-03 00:00:00+00:00,3035832717299.0,3068296538918.0,3009749577035.0,3057115463014.0,117612047306.85732,3003126608179.74,-0.0121161889358391,3356800654807.85,-0.012320788182905718,3528455466996.01,-0.0017790245449103015,3337374669768.427,0.0009365208171439043,MIXED
2026-01-04 00:00:00+00:00,3057232160096.0,3106801453577.0,3052578313575.0,3089537991094.0,142800141969.5139,3000843874740.4,-0.00915812075011091,3350350155870.44,-0.011297127562315934,3527823118532.39,-0.0015315850022299404,3339266098411.3667,0.001463118178748335,MIXED
2026-01-05 00:00:00+00:00,3090037821535.0,3204369099595.0,3081699761569.0,3172018070785.0,243528892506.28864,3001104084248.72,-0.0059131098577019925,3344726434899.2,-0.01031723564937903,3527631722090.95,-0.0011658090619452999,3341033381499.3364,0.0019559682116947474,MIXED
2026-01-06 00:00:00+00:00,3172075628696.0,3212885919705.0,3094995651843.0,3180389622324.0,250989334800.69443,3002842934178.98,-0.0026241293287964096,3338331191326.21,-0.009735497400657489,3527768994871.245,-0.0007422115904672788,3342730616326.9766,0.002295476561474885,MIXED
2026-01-07 00:00:00+00:00,3180016395106.0,3184633090967.0,3069280665524.0,3094221950868.0,195473532917.01324,3001957813295.96,-0.0011312144968854687,3330514568568.08,-0.00966160472698152,3527740158557.82,-0.0004165018655690744,3344349358202.6235,0.002535552259202989,MIXED
2026-01-08 00:00:00+00:00,3093998757521.0,3109343322162.0,3016151047318.0,3073026712041.0,206659320761.95105,3001804816117.0,-0.00044013864055547636,3322726867250.19,-0.010150673531613252,3527826713699.035,-0.00017819504960614463,3345621481188.573,0.002471047525724357,MIXED
2026-01-09 00:00:00+00:00,3072902361857.0,3107327768820.0,3027805298989.0,3057860158144.0,176698109968.76727,3004332248599.66,0.001162464295001664,3313293405187.38,-0.011060560526227281,3527083471286.615,-0.000209661091535307,3346755304837.317,0.002242770179205822,MIXED
2026-01-10 00:00:00+00:00,3057878910854.0,3070836783266.0,3044768187173.0,3054336229882.0,76145343465.9382,3007995949595.58,0.0022964432933305634,3302920927856.33,-0.01249893163359117,3526188768368.515,-0.0004090431870761302,3348094036537.4834,0.0021133147238949768,MIXED
2026-01-11 00:00:00+00:00,3054418028859.0,3090463295316.0,3041331951527.0,3071019140542.0,96703821952.84914,3012165981029.3,0.003104740092864322,3292204792665.17,-0.013817202673266027,3525298488039.71,-0.0007003028926005905,3349324513123.5767,0.001972607892599454,MIXED
2026-01-12 00:00:00+00:00,3071200952684.0,3121465455107.0,3035292533250.0,3070523130146.0,196566670301.87955,3015124350920.58,0.004385983562561924,3281676084089.8,-0.01466394560744344,3524511513152.82,-0.0009152163311030304,3350659661911.7734,0.0018868554188793407,MIXED
2026-01-13 00:00:00+00:00,3070947326804.0,3240929611671.0,3062294959204.0,3212483818544.0,246463584166.58688,3019422959559.12,0.005869183548352863,3272297463347.95,-0.015177113833606759,3524383277609.185,-0.0009760785801861127,3352044547852.02,0.0019198426060933471,MIXED
2026-01-14 00:00:00+00:00,3213252769919.0,3288260202013.0,3179155724879.0,3247447055056.0,287917845963.0427,3024783709372.58,0.006807323252097763,3262581469918.05,-0.015305597503056712,3524334137549.4,-0.0007794921100101604,3353799427205.257,0.002104761694934343,MIXED
2026-01-15 00:00:00+00:00,3246343252934.0,3261362737768.0,3176753420796.0,3200000581625.0,235630658348.56085,3027513736532.26,0.006488634713522012,3253573481068.74,-0.014940547432244267,3523843759654.82,-0.0006650264259052685,3355436233380.507,0.0021929482155813584,MIXED
2026-01-16 00:00:00+00:00,3200801562265.0,3213952672643.0,3152253649566.0,3196862783274.0,173246271580.87656,3029942640375.52,0.005901620115949191,3243868846059.87,-0.014681937986661509,3523486338429.21,-0.0005140414681616967,3357066796302.44,0.002311595412306744,MIXED
2026-01-17 00:00:00+00:00,3197204135827.0,3212355177844.0,3178622666555.0,3190640922595.0,99390641608.72856,3032522696378.48,0.005770357515300528,3234900971335.88,-0.014253421591696624,3523392805339.58,-0.00031740790434786614,3358487092476.5767,0.0023360864291233074,MIXED
2026-01-18 00:00:00+00:00,3190844930798.0,3210697508129.0,3135828142732.0,3139702075835.0,104051500084.0148,3034289737734.8,0.0049237150193262025,3229254599878.86,-0.013153713545666634,3522508345683.55,-0.0005319886567238807,3359553626285.7466,0.0022401487589234215,MIXED
2026-01-19 00:00:00+00:00,3140496902161.0,3146474357984.0,3058668627330.0,3099790927490.0,221380051376.55243,3035550312970.34,0.003559462306147232,3223725017780.7,-0.011909726238445661,3521304916394.27,-0.000859515879285011,3360480696982.1367,0.001992149477599403,MIXED
2026-01-20 00:00:00+00:00,3098978685081.0,3109084944134.0,2938387995864.0,2955040442852.0,254733353527.294,3036651563796.64,0.00301826120691584,3214713558992.2,-0.01194376653936069,3519674512924.975,-0.001183153117507385,3361025151834.3765,0.0016656309538145564,BEAR_BUILDING
2026-01-21 00:00:00+00:00,2954682900975.0,3034645407294.0,2914168155876.0,2990958311033.0,267110384881.32852,3035310004073.26,0.0017714406953508455,3205685568612.57,-0.01177090667327052,3518189312177.97,-0.0015033480315979064,3361652056489.927,0.0013658531288496256,BEAR_BUILDING
2026-01-22 00:00:00+00:00,2990273996421.0,3026138643752.0,2953286406580.0,2987641474981.0,179475322703.9307,3032118955327.24,-0.0001331370253954134,3197527041057.2,-0.01155334602507041,3516492626859.13,-0.001958390353182682,3362605499401.47,0.0012262684987294215,BEAR_BUILDING
2026-01-23 00:00:00+00:00,2988053818478.0,3042278585156.0,2951888941916.0,2989037433547.0,199363004652.52484,3029964234341.72,-0.001425540659247937,3190311602211.49,-0.012059438629840602,3514943953378.005,-0.0021474448214762187,3363782091091.8066,0.0012586388777888757,BEAR_BUILDING
2026-01-24 00:00:00+00:00,2989186755318.0,3002100536571.0,2973131897275.0,2979507518573.0,89270229221.26822,3029388919419.98,-0.0020297451582447223,3183855868804.42,-0.012367416189773883,3513194147583.29,-0.002303341801846881,3364958155959.43,0.0013323864592689194,BEAR_BUILDING
2026-01-25 00:00:00+00:00,2979690024399.0,2984082842908.0,2865750155927.0,2888263371907.0,172694838096.7197,3026942250558.6,-0.003197374816984566,3177152894871.52,-0.011683984725673446,3510549360554.17,-0.002592612566103991,3365822042379.03,0.0014272105467687535,BEAR_BUILDING
2026-01-26 00:00:00+00:00,2889289715780.0,2973634726487.0,2884952997049.0,2953699657325.0,218675734459.01556,3025293198782.18,-0.003300092997959858,3170724157025.08,-0.010906063879066341,3507475427398.925,-0.00304528376058677,3366657449684.1035,0.0014889682543182126,BEAR_BUILDING
2026-01-27 00:00:00+00:00,2952938830357.0,3003739427454.0,2921325215976.0,2992776068360.0,211565346660.5134,3024019695904.78,-0.00267115490578973,3164276920966.42,-0.01039869863924181,3504347358162.5,-0.003453801837621895,3367938004244.1,0.0015858252904121795,BEAR_BUILDING
2026-01-28 00:00:00+00:00,2992546126901.0,3030726881307.0,2970066257727.0,2990239201183.0,188851621535.17117,3021205867487.26,-0.002890584236999505,3157216172173.4,-0.010373729642944252,3501234399802.975,-0.0039003619280627566,3369146462183.8735,0.0015947439360810556,BEAR_BUILDING
2026-01-29 00:00:00+00:00,2989338950856.0,2993484197586.0,2802061318408.0,2847126073617.0,286623402492.2856,3015983142597.98,-0.004425241254452983,3149511244548.78,-0.010787116525013074,3497131695783.595,-0.004572036478753705,3369802950184.38,0.0014397784460913332,BEAR_BUILDING
2026-01-30 00:00:00+00:00,2846179758837.0,2851912552928.0,2727961821431.0,2812878051453.0,319338252325.437,3010109858451.84,-0.005560856704039829,3141796269796.97,-0.01112839899257656,3492712578478.95,-0.005080909066723427,3370384852163.3833,0.0013556301334125553,BEAR_BUILDING
2026-01-31 00:00:00+00:00,2812629529504.0,2818694367053.0,2520706822061.0,2634042237444.0,326713854990.3594,3002110675802.82,-0.007662901231752506,3131513802514.62,-0.012366372023749017,3487505660413.415,-0.005693487352616766,3370975192385.9165,0.0012825013433481747,BEAR_BUILDING
2026-02-01 00:00:00+00:00,2634055409209.0,2659446058396.0,2520879181227.0,2562820587089.0,246293837458.79013,2992500113226.44,-0.010423074532558307,3120121836612.16,-0.013954241508285614,3481599546708.915,-0.006491311827464763,3371278397784.9634,0.0009918215646054218,BEAR_BUILDING
2026-02-02 00:00:00+00:00,2563306962249.0,2647666484018.0,2486123842623.0,2621168568181.0,373396955948.234,2985316907926.7,-0.011879018224735693,3109084211186.95,-0.015245063486836297,3475652049057.17,-0.007306666113883975,3372048087806.5366,0.0008612346347158795,BEAR_BUILDING
2026-02-03 00:00:00+00:00,2621622619801.0,2641129173021.0,2451857930987.0,2536603055949.0,313283770427.5937,2977625563827.86,-0.012718101181785402,3096147610858.62,-0.016943465047956963,3469361092710.1,-0.007940965765452113,3371870507950.1665,0.0006135545004710696,BEAR_BUILDING
2026-02-04 00:00:00+00:00,2535924642248.0,2576716195824.0,2411898669176.0,2454941582074.0,304173205079.1689,2967672395465.0,-0.014098310354913823,3082598615354.27,-0.018841977441944602,3462603237386.0,-0.008620618048697959,3371726085077.53,0.00039794651737934394,BEAR_BUILDING
2026-02-05 00:00:00+00:00,2454947880719.0,2463393099088.0,2125493916783.0,2144377212613.0,507566245606.4036,2952919328929.44,-0.016385587403510815,3066505648680.37,-0.020759338113741754,3454145075697.56,-0.009565743532556792,3370217478422.803,-0.00022477589417591037,BEAR_BUILDING
2026-02-06 00:00:00+00:00,2146462402999.0,2414148610288.0,2051620606967.0,2373382435762.0,495518120334.7753,2943343833152.66,-0.01642649230204396,3053381097831.24,-0.021390427129405754,3446724083619.02,-0.010017080546458001,3369227037741.1665,-0.0006084813538819178,BEAR_BUILDING
2026-02-07 00:00:00+00:00,2373977185713.0,2412410426759.0,2285838809578.0,2349197543905.0,279700817013.6052,2931278968570.56,-0.018101240512408245,3040805559873.76,-0.021961017031161045,3438871177296.62,-0.01058243783940549,3368337800697.4,-0.001100306701601661,BEAR_BUILDING
2026-02-08 00:00:00+00:00,2347671461038.0,2423877227412.0,2328383497841.0,2367738770103.0,157593066010.59265,2919440729349.36,-0.019540682074109084,3027984895835.71,-0.02201533117602472,3431607288461.77,-0.010882062500689016,3367445197929.3,-0.0013124199195766462,BEAR_BUILDING
2026-02-09 00:00:00+00:00,2367572418709.0,2404130221521.0,2301479839052.0,2364723821686.0,222438745627.7546,2907370932962.78,-0.020319447185062955,3014959268795.87,-0.021942313936524793,3424381623529.565,-0.011038404124317003,3366658407378.263,-0.0015029921089068088,BEAR_BUILDING
2026-02-10 00:00:00+00:00,2365121268387.0,2381096323061.0,2291930553488.0,2319373923989.0,184857971604.6877,2894423737221.1,-0.019809410685644124,3001351459880.16,-0.02124704672507227,3416916979926.52,-0.010777803177106526,3365693107193.3433,-0.001342456757887689,BEAR_BUILDING
2026-02-11 00:00:00+00:00,2319648985635.0,2336543254118.0,2224145415256.0,2266267765241.0,212339681149.10135,2881171417529.54,-0.021123055663030188,2989023685233.09,-0.0210774254952526,3409127324692.1,-0.010907968846593508,3364467941238.3667,-0.0014125187912508164,BEAR_BUILDING
2026-02-12 00:00:00+00:00,2265678532376.0,2312182930489.0,2213499234083.0,2251925370246.0,189573496530.5879,2867633393035.88,-0.021712561723771007,2978237867540.6,-0.02057602536604053,3400916562030.405,-0.011036940120581207,3363220132798.45,-0.0015193452087525205,BEAR_BUILDING
2026-02-13 00:00:00+00:00,2252208033655.0,2350497241134.0,2233018687133.0,2331181521185.0,178575819570.39984,2856159175943.98,-0.021675916475784374,2967339967805.43,-0.020028147469851265,3393437406681.955,-0.011123033194431975,3362153408773.4565,-0.0015714551669904209,BEAR_BUILDING
2026-02-14 00:00:00+00:00,2330276042735.0,2397197100246.0,2325209504505.0,2374170228970.0,152851321146.13235,2845269462005.96,-0.021360009571786853,2957697500931.29,-0.018992551062704588,3386219547530.225,-0.01114422403657378,3361241177715.63,-0.0016090820651007975,BEAR_BUILDING
2026-02-15 00:00:00+00:00,2374997240073.0,2417716124726.0,2301107085401.0,2327245155053.0,203130080369.23575,2832940176519.96,-0.02124207313203208,2946610288280.93,-0.018238840845855364,3378825358925.515,-0.011147950396448891,3360012462250.6636,-0.001687808353809439,BEAR_BUILDING
2026-02-16 00:00:00+00:00,2327448578196.0,2370190464452.0,2283844253293.0,2336601793881.0,156807488329.71524,2820722893432.16,-0.020980537197336058,2935966272316.58,-0.017750750246186886,3371849844568.32,-0.010934610700451652,3358223799904.04,-0.001855907514466737,BEAR_BUILDING
2026-02-17 00:00:00+00:00,2336383326118.0,2350060274202.0,2270556148678.0,2303089672898.0,159843373200.67957,2808301478429.22,-0.02069020215441375,2924130404102.9,-0.01816760978946974,3365197510927.46,-0.010502771959103874,3356270413511.967,-0.0020663884646470176,BEAR_BUILDING
2026-02-18 00:00:00+00:00,2303263649423.0,2335836374551.0,2247098881724.0,2267296350844.0,150605318950.48193,2794484730850.2,-0.021593490171427865,2911532353355.45,-0.018807287016476826,3358626876093.91,-0.010258191449030507,3354167972244.9,-0.002375095826299578,BEAR_BUILDING
2026-02-19 00:00:00+00:00,2267631626710.0,2294638097038.0,2235048274223.0,2276714939684.0,142128538528.3026,2781326122790.14,-0.022473561843502465,2900140811282.27,-0.019459964932484475,3351734561319.36,-0.010183919183863077,3352042455874.9966,-0.002736703900219628,FULL_BEAR_ALIGNMENT
2026-02-20 00:00:00+00:00,2277687940333.0,2321625295734.0,2257241354449.0,2308818249544.0,191466994907.54047,2768029467257.46,-0.022912841506677162,2889386490897.21,-0.01942021230676727,3344641206880.025,-0.010117170440664958,3349993236008.13,-0.002981901512300489,FULL_BEAR_ALIGNMENT
2026-02-21 00:00:00+00:00,2308870380467.0,2334394029389.0,2293339322679.0,2308849079450.0,94514137323.36118,2753493482077.62,-0.023834107033724794,2879425499682.73,-0.019257977575211527,3337821717362.72,-0.010091827564746136,3348032732578.7666,-0.0030346599668445995,FULL_BEAR_ALIGNMENT
2026-02-22 00:00:00+00:00,2308551038429.0,2317330295939.0,2274768703146.0,2291055467820.0,86758049987.49973,2738172282173.74,-0.024972103883485364,2870649445176.74,-0.018289525956544095,3330727045082.185,-0.010243222198204616,3345900778450.95,-0.003089630388323217,FULL_BEAR_ALIGNMENT
2026-02-23 00:00:00+00:00,2291146676990.0,2296155254483.0,2179180244362.0,2203848680050.0,215638217609.98407,2720458495952.86,-0.026490119656090716,2860651185346.63,-0.017475735054148123,3322581209984.26,-0.010732262748868293,3343560942563.9565,-0.00316234302179097,FULL_BEAR_ALIGNMENT
2026-02-24 00:00:00+00:00,2203876947467.0,2219434312574.0,2144536995171.0,2190224308466.0,170420616534.0929,2700822620706.48,-0.028944287195958762,2850963352477.6,-0.016956921061680008,3314348854866.43,-0.011154136990553787,3341194842346.9365,-0.003236120565551892,FULL_BEAR_ALIGNMENT
2026-02-25 00:00:00+00:00,2190978820632.0,2389178141225.0,2185968914801.0,2324276768597.0,231226897006.0259,2683700363631.94,-0.03046539230273171,2843271648905.46,-0.015960080846584956,3306611043503.23,-0.011370476240789573,3339076393443.08,-0.0032587655544219496,FULL_BEAR_ALIGNMENT
2026-02-26 00:00:00+00:00,2324428339248.0,2352503495629.0,2270586710121.0,2304500530701.0,198635832610.4289,2667905935228.6,-0.031083257471320014,2834931874262.28,-0.015452257898442845,3298501308725.5,-0.011780260291519684,3336863403469.5864,-0.0033360871894992927,FULL_BEAR_ALIGNMENT
2026-02-27 00:00:00+00:00,2304770843569.0,2332101589448.0,2219024359518.0,2249000162647.0,179864425014.24423,2651425404240.72,-0.031680577039569835,2826615110178.86,-0.01533950272885698,3290291935423.45,-0.012140025018993139,3334572138553.8867,-0.003385826612081533,FULL_BEAR_ALIGNMENT
2026-02-28 00:00:00+00:00,2248987343854.0,2303063851726.0,2159922404205.0,2280767417403.0,189281615493.14435,2635883549425.9,-0.031088489919173345,2820107899012.78,-0.014172747289683096,3281665449448.5,-0.01231445010668486,3332537765129.6636,-0.0032968376002860955,FULL_BEAR_ALIGNMENT
2026-03-01 00:00:00+00:00,2280781041688.0,2329707189468.0,2223774139953.0,2248110991597.0,184333952345.206,2619759044660.2,-0.03001440206579553,2813877497127.89,-0.01300818381880664,3272337917141.625,-0.012675472487792216,3330357092583.697,-0.0032436748751913935,FULL_BEAR_ALIGNMENT
2026-03-02 00:00:00+00:00,2249187824205.0,2375285123773.0,2232033694686.0,2330844418164.0,236620842316.57855,2604955550212.64,-0.029341879774063884,2808560765620.97,-0.012208078428894376,3264233279915.565,-0.012816071509507587,3328306594375.4,-0.0032253826503726435,FULL_BEAR_ALIGNMENT
2026-03-03 00:00:00+00:00,2331648184049.0,2345496878150.0,2252485960268.0,2311409085568.0,214930124703.2465,2589773269321.08,-0.02928613969323668,2802448810120.83,-0.011458146291399851,3256221515217.145,-0.012817879864565285,3326183355123.323,-0.003200624974686761,FULL_BEAR_ALIGNMENT
2026-03-04 00:00:00+00:00,2312162270319.0,2480326923951.0,2282859715088.0,2433897337727.0,290771127635.5313,2574201539704.74,-0.029125414734454624,2796812249631.93,-0.01054365712530414,3248784801099.315,-0.012615030866187649,3323686871221.473,-0.0032643670252502366,FULL_BEAR_ALIGNMENT
2026-03-05 00:00:00+00:00,2432295210525.0,2462786595505.0,2371441444658.0,2383694324758.0,211254767806.9482,2556926485098.78,-0.029954686103002226,2790855097235.68,-0.010372937073556687,3241020144994.32,-0.012385572228580055,3320919269291.1,-0.003486380847693482,FULL_BEAR_ALIGNMENT
2026-03-06 00:00:00+00:00,2384088073714.0,2401538396514.0,2290267359047.0,2305579692431.0,179926718209.8921,2539038067314.9,-0.030812367080030545,2783275901923.58,-0.010875240743616232,3233176475621.975,-0.011967419780979482,3317542143742.5,-0.003847920353566292,FULL_BEAR_ALIGNMENT
2026-03-07 00:00:00+00:00,2305365550346.0,2319150869672.0,2270311527226.0,2282732269659.0,99471776591.5185,2520755457042.6,-0.03232304411611431,2775349048709.06,-0.011825172991963728,3225882581633.875,-0.011748761498651783,3314234206775.3066,-0.00422809233496535,FULL_BEAR_ALIGNMENT
2026-03-08 00:00:00+00:00,2284177040472.0,2309063472484.0,2234279285420.0,2249292710045.0,135813312329.54253,2501928492791.6,-0.033919871507712696,2767225594585.04,-0.012568727538781133,3217962209078.875,-0.011749601788291875,3310861171284.4,-0.0046065361415877915,FULL_BEAR_ALIGNMENT
2026-03-09 00:00:00+00:00,2250182021108.0,2353337334805.0,2244388765740.0,2316883471332.0,201870082336.48013,2485472120701.54,-0.03446871491397574,2759880929218.17,-0.013204790710788838,3210734807768.99,-0.01171206948439596,3307497104878.0435,-0.0048710263543809695,FULL_BEAR_ALIGNMENT
2026-03-10 00:00:00+00:00,2315927704690.0,2412372871414.0,2312988769015.0,2357430387405.0,213435806708.43567,2470624909899.84,-0.03375207527548685,2753087611435.09,-0.01353258570751259,3202585447072.15,-0.011858827221895352,3304403045519.94,-0.004973389122670757,FULL_BEAR_ALIGNMENT
2026-03-11 00:00:00+00:00,2359176915478.0,2402068061871.0,2329703324270.0,2368378825723.0,182591699294.7942,2458891677557.26,-0.03156565109809362,2747771620676.95,-0.012756292404246472,3194703757086.605,-0.011899356198293853,3301440655517.67,-0.0048534389397887345,FULL_BEAR_ALIGNMENT
2026-03-12 00:00:00+00:00,2367135142764.0,2390859234618.0,2336857635328.0,2378668321126.0,172416716885.65533,2446645877759.12,-0.02939974961729397,2740977940916.19,-0.012384427035892154,3187102056182.37,-0.012021679174653355,3298551827387.987,-0.004731825938933398,FULL_BEAR_ALIGNMENT
2026-03-13 00:00:00+00:00,2380545321473.0,2484942311682.0,2374300928292.0,2394064019489.0,251295159439.8329,2434774328649.28,-0.026840960617300125,2733446641988.26,-0.012206793932117321,3180423372525.42,-0.011665406277160839,3295797427784.8867,-0.004549796176947396,FULL_BEAR_ALIGNMENT
2026-03-14 00:00:00+00:00,2394127654984.0,2408698822357.0,2373109306010.0,2402271645411.0,100611436757.41716,2423039012886.56,-0.02511921469364853,2726501623614.14,-0.012094473080577983,3173313173975.68,-0.01165516183484272,3292761467321.8633,-0.004455223115523599,FULL_BEAR_ALIGNMENT
2026-03-15 00:00:00+00:00,2400847744476.0,2467473097964.0,2388352087902.0,2452673824103.0,124642351431.48721,2412502338997.16,-0.023525453285029863,2720945629208.57,-0.011674885351638187,3166573331992.63,-0.011244700781502304,3289988462238.4766,-0.004362235200396136,MIXED
2026-03-16 00:00:00+00:00,2452650631660.0,2542482764298.0,2436470601235.0,2532443066350.0,265182608911.43573,2405385932886.02,-0.021760106457554107,2716164091722.31,-0.011502967974774125,3160002884679.925,-0.010862000061728883,3287391559516.8765,-0.004255444052072677,MIXED
2026-03-17 00:00:00+00:00,2534495081944.0,2568474885854.0,2484586899199.0,2504346769065.0,215623328888.76147,2396398875120.82,-0.020537096559442247,2710846036951.5,-0.0109931216573812,3153956602545.675,-0.01039987206321158,3284441220873.683,-0.004277818646699072,MIXED
2026-03-18 00:00:00+00:00,2504356029896.0,2531116940832.0,2394114439135.0,2423189488817.0,204509321588.89008,2385007143529.96,-0.020440163399837008,2704513419717.37,-0.010584886431089902,3147434677476.385,-0.010372422531545022,3280957100860.047,-0.004502803115182363,MIXED
2026-03-19 00:00:00+00:00,2421556295203.0,2436613729906.0,2344603035105.0,2378738289811.0,193601421552.92648,2372777125302.52,-0.020743325764352116,2696991496394.89,-0.010823440178309052,3140774478152.78,-0.010253855840561266,3277797014831.89,-0.004544651241361941,MIXED
2026-03-20 00:00:00+00:00,2380285887443.0,2422269763716.0,2362025747683.0,2395390112505.0,164164201995.0704,2363742406080.28,-0.020211351561693847,2689862774339.13,-0.011423548686814722,3134200424160.67,-0.010223324849258586,3274640032900.3633,-0.004665192451061118,MIXED
2026-03-21 00:00:00+00:00,2393892771146.0,2412048368237.0,2335380546410.0,2345961244803.0,83776138590.66875,2354404069947.28,-0.021194878643682524,2682256964199.56,-0.012483460637037425,3127017599046.87,-0.010438372000535656,3271212746469.493,-0.004921474291842753,FULL_BEAR_ALIGNMENT
2026-03-22 00:00:00+00:00,2347409202156.0,2372152585845.0,2298765046167.0,2316932260244.0,140418225107.99643,2348061870403.28,-0.020170684112469806,2675086273103.05,-0.01319136659220388,3119542100308.45,-0.010911533218132208,3267664592630.1533,-0.005107909417562118,FULL_BEAR_ALIGNMENT
2026-03-23 00:00:00+00:00,2315038746277.0,2431828450114.0,2296399908703.0,2400179635020.0,231596551613.89783,2344809051361.9,-0.016854495499985966,2668654582294.17,-0.013258886852536844,3112775162266.06,-0.011011988734303091,3264368627356.6636,-0.005055986102053822,MIXED
2026-03-24 00:00:00+00:00,2403268110302.0,2422109167050.0,2346791952073.0,2396734372279.0,174004700776.48752,2340320367443.86,-0.013678805949598805,2662818637685.28,-0.012670732835194265,3105950941309.715,-0.011087563620150842,3261153154835.987,-0.005077757994345178,MIXED
2026-03-25 00:00:00+00:00,2396712725912.0,2443899552174.0,2388696096965.0,2418399830892.0,163777695963.28445,2337956302942.72,-0.010909015750290574,2657790933385.29,-0.01192322569753379,3099320305176.445,-0.01112887316182587,3258233635958.0933,-0.0050101375349457244,MIXED
2026-03-26 00:00:00+00:00,2417766647271.0,2422423924126.0,2316020452699.0,2338594062571.0,170867461496.20486,2335629352552.66,-0.007974297035189926,2651650874008.83,-0.011410573483164987,3092074896004.665,-0.011174450394156987,3255320559147.1465,-0.0048581943621669454,MIXED
2026-03-27 00:00:00+00:00,2337114031382.0,2349823302939.0,2245101083111.0,2269129880483.0,185747838572.6121,2338124405910.06,-0.004232198741642601,2645521867419.75,-0.011051757836955889,3084287010206.055,-0.011301366985529415,3252119305341.237,-0.004757308116621672,FULL_BEAR_ALIGNMENT
2026-03-28 00:00:00+00:00,2270700810422.0,2304382867085.0,2256107411851.0,2272097235649.0,94223671384.53249,2336098701907.8,-0.003714737218811437,2639721267530.23,-0.010841910735059135,3076548423687.97,-0.011638083924994214,3248834597429.4136,-0.004758662914803424,FULL_BEAR_ALIGNMENT
2026-03-29 00:00:00+00:00,2272303383373.0,2294529310309.0,2225754108463.0,2259865809682.0,92227074425.89417,2334312067223.34,-0.002567298180241151,2632795517896.95,-0.01127493978126426,3068396864472.965,-0.012091007728832426,3245450609012.1235,-0.004815028635063556,FULL_BEAR_ALIGNMENT
2026-03-30 00:00:00+00:00,2259697793519.0,2328606821140.0,2252121044269.0,2282476544253.0,161172256086.2449,2332606822706.34,-0.0022881010349282693,2626023776027.85,-0.011952466598634026,3060068264888.65,-0.012664725301943403,3242174442356.5166,-0.004928803577602947,FULL_BEAR_ALIGNMENT
2026-03-31 00:00:00+00:00,2280820550946.0,2338236452928.0,2254942518230.0,2323970291477.0,181376815767.22083,2331791752102.16,-0.0016430691138153986,2619581342532.47,-0.012094175666450546,3051613045739.67,-0.013085663066336739,3239105603128.0366,-0.0049810627630964,FULL_BEAR_ALIGNMENT
2026-04-01 00:00:00+00:00,2325611096116.0,2362679864174.0,2303616173703.0,2325297720670.0,168153875605.20706,2331910228035.78,-0.0026577618618465193,2613166982628.44,-0.012230057588927257,3043155094443.58,-0.013335955968548863,3236433888175.6333,-0.004823137066294558,FULL_BEAR_ALIGNMENT
2026-04-02 00:00:00+00:00,2324201744212.0,2342651209835.0,2243729602147.0,2281088637561.0,175528866549.3699,2332206645482.18,-0.0016660496504026234,2606689031505.86,-0.012513531799997812,3034679180485.74,-0.01360916112350341,3233354351231.447,-0.00476486128601783,FULL_BEAR_ALIGNMENT
2026-04-03 00:00:00+00:00,2281513491901.0,2300364268670.0,2264513620302.0,2285413708869.0,103303560087.06194,2332876412254.64,-0.000615022725049541,2600254902645.26,-0.01235971993665641,3026335960144.405,-0.01370777842187132,3230142341430.8267,-0.004716838869397111,FULL_BEAR_ALIGNMENT
2026-04-04 00:00:00+00:00,2286889627980.0,2307043811025.0,2278442197026.0,2296385984683.0,75727538136.07152,2332180501524.6,-0.00018276598421551604,2594169838734.29,-0.012130102394481201,3017850249511.265,-0.013796429269829047,3226942184971.1533,-0.004698160958388153,FULL_BEAR_ALIGNMENT
2026-04-05 00:00:00+00:00,2296416859875.0,2344796129426.0,2268357134119.0,2339034833183.0,90756346362.5693,2331477793608.86,-0.00013464259534212708,2588373627807.41,-0.011913245150421692,3009431849292.81,-0.013822590156294168,3223431642800.1367,-0.004838977868694139,MIXED
2026-04-06 00:00:00+00:00,2338214240348.0,2380456952047.0,2315177310335.0,2331112665381.0,169441445105.19418,2331555143815.42,-0.0001522718225130948,2582247660167.69,-0.011832126559952916,3000884912297.535,-0.013890249045546477,3219795222965.68,-0.005141049001724629,FULL_BEAR_ALIGNMENT
2026-04-07 00:00:00+00:00,2331183978351.0,2453056597685.0,2297022402029.0,2428073324088.0,182203743761.90717,2333384574419.56,0.0005050705689659818,2577053733925.86,-0.01136894244837483,2993164507290.67,-0.013680086337306108,3216658344081.8667,-0.005163679985530023,MIXED
2026-04-08 00:00:00+00:00,2429696415200.0,2455525574789.0,2384140498618.0,2395411138644.0,199155958486.0934,2335231003734.48,0.001009308280314869,2571766241081.85,-0.010956103393720329,2985220625393.405,-0.013585846149426928,3213751322419.56,-0.005074395267672949,MIXED
2026-04-09 00:00:00+00:00,2395262890612.0,2455709871557.0,2373599642554.0,2413626717102.0,168168210498.16812,2338157611059.64,0.002562884618550143,2566321170954.92,-0.010735098127945819,2977476567188.945,-0.01337829215643116,3210930102055.303,-0.004961998696606074,MIXED
2026-04-10 00:00:00+00:00,2413872030212.0,2463442232490.0,2399898857636.0,2447111661385.0,182098706314.1702,2341565545493.66,0.004326763013764667,2561445834141.9,-0.010403364250129776,2970520170988.895,-0.012929908452008587,3208314656152.6064,-0.004689718387947073,MIXED
2026-04-11 00:00:00+00:00,2445853062444.0,2480401160912.0,2430870138859.0,2453272950616.0,129192316485.45772,2344454639515.1,0.005532571568764633,2556242053386.28,-0.01007091890625289,2963696538368.775,-0.0123924692267815,3205673544943.2134,-0.004385893215115622,MIXED
2026-04-12 00:00:00+00:00,2454863381380.0,2458862355203.0,2377313661415.0,2386236418081.0,134212853616.17223,2346002386287.72,0.005407514906238253,2549747934182.67,-0.010595743264379842,2956377271651.145,-0.012290415561830859,3202722698821.29,-0.004332336160666861,MIXED
2026-04-13 00:00:00+00:00,2385194747343.0,2510691068850.0,2376888336860.0,2495518131262.0,205136602674.16452,2350091639556.56,0.0063636684329366755,2544131960865.15,-0.010745253505262342,2950466307836.5,-0.011642126970874966,3200347631619.0566,-0.00417073054377215,MIXED
2026-04-14 00:00:00+00:00,2497322004844.0,2543220096998.0,2468910975236.0,2481083806206.0,299373078606.3881,2355636342079.68,0.00747542891777897,2538047419016.27,-0.011017230523851174,2944198787443.355,-0.011176504329976189,3197897885360.35,-0.004058704574917749,MIXED
2026-04-15 00:00:00+00:00,2479552882190.0,2525657345562.0,2462402877093.0,2504787880541.0,244474947177.1454,2361927613521.18,0.00869592058471591,2531375117113.83,-0.011739743478957343,2938050776006.515,-0.010930541828830798,3195546187098.5767,-0.003979805730570551,MIXED
2026-04-16 00:00:00+00:00,2509639306431.0,2545877812996.0,2466188981978.0,2531568660200.0,282367414545.7165,2366073451353.24,0.009221254049347483,2524886907492.59,-0.012266109874905395,2931609049409.4,-0.01082684699461034,3193474965745.027,-0.0038053092516014964,MIXED
2026-04-17 00:00:00+00:00,2530089804353.0,2620698649383.0,2503749914057.0,2581044751618.0,326024067545.0075,2371604335771.58,0.010913010844959992,2519755135500.09,-0.011763044605503037,2925134852034.085,-0.010567805373368655,3191745150871.91,-0.003427567411134258,MIXED
2026-04-18 00:00:00+00:00,2581649844625.0,2595913848737.0,2520209398804.0,2529389451001.0,225630166045.80103,2377212121538.66,0.011540180614921569,2514318762889.69,-0.011718416510644314,2918522815069.94,-0.01082659126854546,3189990730095.92,-0.0032361801639333443,MIXED
2026-04-19 00:00:00+00:00,2529397003022.0,2546646284620.0,2465084063139.0,2469892921888.0,225728209295.74936,2380994631628.36,0.010764942404603906,2508439090527.13,-0.011665790113809638,2910866247857.255,-0.011321429697022878,3187535344366.7866,-0.00324042272925662,MIXED
2026-04-20 00:00:00+00:00,2469433750064.0,2548527627812.0,2466386135676.0,2525419557033.0,266576057292.83905,2386540802937.08,0.01042080598702455,2503149923798.64,-0.011150142515176209,2903035425827.485,-0.011917884627788533,3185175820178.5566,-0.003245256464102564,MIXED
2026-04-21 00:00:00+00:00,2525316922191.0,2559361200652.0,2495823914948.0,2540280228020.0,245798749362.62164,2390729519134.2,0.01042066879490089,2497842534673.42,-0.010711122442322418,2895023663669.295,-0.012479626417947975,3182813170250.947,-0.003338618779994973,MIXED
2026-04-22 00:00:00+00:00,2542457637912.0,2629693940274.0,2533311568619.0,2585943745781.0,285906214387.7102,2396220212338.46,0.010379419617172925,2492996740829.77,-0.01061944245824864,2887336412459.785,-0.012921947700296754,3180673255711.803,-0.003468915792691818,MIXED
2026-04-23 00:00:00+00:00,2585731488134.0,2601860197835.0,2543465890500.0,2584147358485.0,270329098962.77457,2399225212753.62,0.009260044997882577,2486713376229.18,-0.01097927083389505,2879505419788.565,-0.013368884793329983,3178493310482.5166,-0.0036042172489503255,MIXED
2026-04-24 00:00:00+00:00,2584987296161.0,2596863963938.0,2554889384522.0,2565110351148.0,245127444724.07376,2402853533281.42,0.009180575782361533,2479890009190.1,-0.011381213697730375,2871235739554.075,-0.01361467856255938,3176186094762.967,-0.0035605094148608574,MIXED
2026-04-25 00:00:00+00:00,2563771421499.0,2577921807833.0,2551253217262.0,2566267289097.0,182574801205.5203,2408067285214.74,0.009019951492623912,2473552676264.82,-0.011824001132503148,2863563078666.78,-0.013596922314323412,3173746731858.1533,-0.0035882126970819828,MIXED
2026-04-26 00:00:00+00:00,2567780928935.0,2607909513740.0,2557665792556.0,2598194417941.0,189261243632.24072,2414376528180.38,0.009891126895335,2467565992611.49,-0.012121077146237447,2855717419335.68,-0.013577175491476301,3171512889823.303,-0.0035504064559191972,MIXED
2026-04-27 00:00:00+00:00,2598200482348.0,2624629729896.0,2529004291738.0,2557917602011.0,265768238264.25735,2420549026019.7,0.010152995770575712,2461238759405.65,-0.012738878035416068,2848069865370.765,-0.01359957465280881,3169341456694.9365,-0.003562704530091887,MIXED
2026-04-28 00:00:00+00:00,2557965694151.0,2562485491742.0,2508131468517.0,2530334284141.0,224336625010.60364,2424818042275.88,0.010667122613673419,2455145081488.71,-0.012694786235613487,2842199840683.785,-0.012955550924963699,3166720590951.9365,-0.003703867958996243,MIXED
2026-04-29 00:00:00+00:00,2530061420560.0,2577432853367.0,2483001659531.0,2511062112875.0,261745091348.92072,2427890676785.28,0.01041975432837483,2449257793342.56,-0.012352247774708447,2836491405561.63,-0.01210082944907942,3163955875377.033,-0.003850599121411502,MIXED
2026-04-30 00:00:00+00:00,2511111815789.0,2537318907057.0,2494302304838.0,2522249781307.0,226446002577.661,2430968095896.96,0.009510037706516039,2444929886727.11,-0.011571530217392323,2829821722859.655,-0.011782997224155545,3161426304192.3535,-0.0038819819937511157,MIXED
2026-05-01 00:00:00+00:00,2521090601251.0,2589874294628.0,2518316565433.0,2566543364545.0,247922307962.14755,2434725596765.34,0.00842829125757616,2440685737262.23,-0.010893429164507196,2823185652937.4,-0.01139180164606346,3159021453872.723,-0.003938636349441471,MIXED
2026-05-02 00:00:00+00:00,2566714996765.0,2598191985233.0,2560530985926.0,2581982836763.0,166494783829.0487,2438483973110.82,0.007409454176853236,2436629150880.05,-0.009998870865962961,2817078095968.625,-0.010881674561064703,3156538134866.1035,-0.00403974201069035,BULL_BUILDING
2026-05-03 00:00:00+00:00,2583807732876.0,2609346376415.0,2565170857758.0,2582503628275.0,170179479907.6426,2442088612768.1,0.007122419163464455,2432563812827.33,-0.009197529234275414,2811437707519.41,-0.010823353349064369,3154150573194.447,-0.003969411697831937,BULL_BUILDING
2026-05-04 00:00:00+00:00,2583551089320.0,2650272421109.0,2570685339213.0,2615769142782.0,322523152487.8562,2445350519141.68,0.007191362660331491,2428926429069.42,-0.00830103075650257,2806391148936.92,-0.010611791936224857,3151771574745.3335,-0.003850970465966941,BULL_BUILDING
2026-05-05 00:00:00+00:00,2614541015978.0,2677283062254.0,2610913084572.0,2649466138428.0,273035058147.29724,2447690980583.24,0.006879104960079596,2426538456734.63,-0.007522272966731025,2801845675803.075,-0.009886151777896646,3149212392614.323,-0.0038634180913321714,BULL_BUILDING
2026-05-06 00:00:00+00:00,2651667948553.0,2719433224325.0,2642576979420.0,2671315632247.0,292801299210.7728,2451030357846.88,0.006696755109981023,2423714616483.85,-0.006953423179100748,2797219386754.465,-0.009197505716961318,3146221823760.567,-0.004051770555867806,BULL_BUILDING
2026-05-07 00:00:00+00:00,2671544416180.0,2683873584608.0,2612223406580.0,2630024271693.0,498434722692.1187,2455167053504.4,0.006841578857004871,2420087098517.18,-0.006788908503739699,2792182009741.8,-0.008837556283034065,3142927271614.06,-0.004311959073676985,BULL_BUILDING
2026-05-08 00:00:00+00:00,2628085361261.0,2658118748910.0,2603756295476.0,2645283744791.0,173739485161.60638,2460497962604.0,0.007538362752133265,2416637543953.26,-0.006547112470426608,2786926858063.33,-0.008718261617721046,3139702114519.737,-0.0045807764529379735,BULL_BUILDING
2026-05-09 00:00:00+00:00,2645273952223.0,2676692830980.0,2638368378943.0,2657506915647.0,110476698260.49255,2465740298666.84,0.008338182753577783,2414741352373.56,-0.005840060252995993,2782126298461.17,-0.008646282427501872,3136334914646.9165,-0.004897772485198071,BULL_BUILDING
2026-05-10 00:00:00+00:00,2659257441597.0,2721213452967.0,2643069599954.0,2706379856464.0,153010026602.7056,2472948670900.06,0.010318986553932374,2413676370423.67,-0.005300590343113032,2777736320110.32,-0.008604812142569251,3133033842460.5234,-0.005137332176052167,BULL_BUILDING
2026-05-11 00:00:00+00:00,2705607918140.0,2716973051023.0,2650548700731.0,2692811632146.0,168661488797.79404,2480466258338.1,0.012009602572641498,2414264064370.69,-0.0038992016836001397,2772888933442.655,-0.008698085472673589,3129758461732.507,-0.005232740394757629,BULL_BUILDING
2026-05-12 00:00:00+00:00,2692702550404.0,2696854911621.0,2626128797599.0,2649273901063.0,156033809013.46613,2485448143658.96,0.0123336170185806,2415128597510.43,-0.002048893616179437,2767625217061.295,-0.008794839517920816,3126109230309.42,-0.005351075558297391,BULL_BUILDING
2026-05-13 00:00:00+00:00,2648853374398.0,2683012187506.0,2597980256492.0,2617951198100.0,166484187282.4126,2489872480175.38,0.011938444175866092,2415096423809.62,-0.000637712571955884,2762090317498.285,-0.008911802078043873,3122133507307.987,-0.005595628684168186,BULL_BUILDING
2026-05-14 00:00:00+00:00,2619802244252.0,2702754057265.0,2603777697033.0,2667466184416.0,191448763107.82437,2494853807245.86,0.011807207999463998,2416405055094.29,0.0006889776079308518,2756276332976.455,-0.009291442124325089,3118375746838.1636,-0.005726163913452709,BULL_BUILDING
2026-05-15 00:00:00+00:00,2665903580243.0,2685879750869.0,2590639289135.0,2606403607815.0,176014532387.69714,2500209998150.74,0.011023814433139156,2417919675351.7,0.0017580256326101829,2750259145352.985,-0.009891930547332728,3114375383374.567,-0.0059553965977281464,BULL_BUILDING
2026-05-16 00:00:00+00:00,2606656003161.0,2611778820438.0,2552275925479.0,2571526631712.0,117856400024.25221,2506257933175.32,0.010397914001257114,2422191169542.69,0.0032834457874708622,2744348409111.53,-0.0102927037527214,3110160440312.6035,-0.006261831914356364,BULL_BUILDING
2026-05-17 00:00:00+00:00,2571618903036.0,2590232818044.0,2521685609700.0,2549256288249.0,87173343292.01465,2511801114227.32,0.010602905007530916,2423949908067.56,0.003652522091876609,2738665502949.4,-0.01046374123684446,3105799358435.2,-0.006496852917775242,BULL_BUILDING
2026-05-18 00:00:00+00:00,2551113900716.0,2565436878619.0,2504715047500.0,2541091650661.0,194540633598.5572,2517425631046.9,0.01106608916356211,2425868849135.12,0.004460453512041385,2733337204504.44,-0.010409910498469066,3101203734576.12,-0.006703676406814907,BULL_BUILDING
2026-05-19 00:00:00+00:00,2541026627597.0,2556216441819.0,2510480858458.0,2530893124957.0,126395368939.66357,2522393962660.98,0.01103878525272095,2427500392683.66,0.004591671237394124,2727742644259.685,-0.010352259813498854,3096904989869.067,-0.0068852372876702095,BULL_BUILDING
2026-05-20 00:00:00+00:00,2530700250132.0,2568727100976.0,2518385114796.0,2555667715602.0,136314429203.46724,2527027911143.48,0.010726264198837487,2429409831622.82,0.004752083532075346,2722184550209.345,-0.010207981742766381,3092724359560.65,-0.00695196344329474,BULL_BUILDING
2026-05-21 00:00:00+00:00,2554755066024.0,2582374970384.0,2529434029971.0,2561776643727.0,145302082167.51025,2531757489604.62,0.0101743543997459,2431833858820.2,0.0039809778017358965,2716592659350.18,-0.010113784995082087,3088555939557.7466,-0.006946426452741239,BULL_BUILDING
2026-05-22 00:00:00+00:00,2563125180988.0,2576418104379.0,2493095507864.0,2500095300445.0,140352119016.81744,2536137622862.3,0.009688867680300639,2434172134172.24,0.004217177125095617,2711597909702.665,-0.009883497352117132,3084142261185.48,-0.006973115372343908,MIXED
2026-05-23 00:00:00+00:00,2498349566128.0,2560406257950.0,2455828331377.0,2536726194636.0,148644483934.89825,2541163872577.64,0.009429570128301368,2437020142416.14,0.004596824467652416,2707629004978.37,-0.009405425530265243,3079617755492.317,-0.006960516280544726,MIXED
2026-05-24 00:00:00+00:00,2536706723994.0,2560480699841.0,2508373914018.0,2540393688257.0,105679914511.32556,2546044026649.12,0.009376038928982533,2439112264086.86,0.004783468393330548,2703226115946.145,-0.008987845083235024,3075329025816.9233,-0.006966944133812714,MIXED
2026-05-25 00:00:00+00:00,2540477031466.0,2573779244461.0,2532714624622.0,2550174978150.0,113812025323.40704,2550266829548.46,0.009196146311840403,2440872311578.66,0.00471821584264509,2699284906254.975,-0.008412230520009722,3071103802213.0366,-0.006990780565612642,MIXED
2026-05-26 00:00:00+00:00,2550268353125.0,2576962116429.0,2499687086798.0,2511077879894.0,174683831799.1779,2553866133838.72,0.008732528421413921,2442710638827.07,0.004472665748698201,2694660463554.0,-0.008073420842352741,3066787118892.7,-0.007048219650560572,MIXED
2026-05-27 00:00:00+00:00,2512223423402.0,2526745124380.0,2460861705754.0,2469547995457.0,158892338823.67813,2554695627266.1,0.007317427980448432,2444040100842.83,0.004053931327229421,2690003186579.705,-0.007963836764178667,3062579929993.1567,-0.006991354278202189,MIXED
2026-05-28 00:00:00+00:00,2467623005860.0,2478082185094.0,2406326724483.0,2445649679156.0,187554175659.60156,2555700398076.34,0.005720420337927523,2445465700905.41,0.003465526748128056,2684798052504.155,-0.00843208298930076,3058620240920.11,-0.006818221038880301,MIXED
2026-05-29 00:00:00+00:00,2445399428144.0,2475844439389.0,2411228903479.0,2447521500000.0,161164790950.49417,2556378293734.3,0.00405895066110884,2447267952396.97,0.003343711738977184,2679400152876.21,-0.008813899410555215,3054840568194.93,-0.006662200190612366,MIXED
2026-05-30 00:00:00+00:00,2446343246038.0,2485768192022.0,2435496458502.0,2468318361553.0,107253175409.22543,2556802427737.66,0.002562711522369421,2449183986615.66,0.0034052068178955786,2674662398948.965,-0.009121863071568814,3050884369751.46,-0.006583767193738765,MIXED
2026-05-31 00:00:00+00:00,2470064249014.0,2491864132454.0,2448728104197.0,2466175577354.0,100173699887.65132,2557060480272.42,0.0012507885168195898,2450757559893.76,0.003294258820010665,2670072025395.485,-0.009124874354702661,3046679991217.9365,-0.006556414545664135,MIXED
2026-06-01 00:00:00+00:00,2466051914718.0,2487053826434.0,2381367521319.0,2414213014612.0,202757176901.33545,2557620012203.04,0.0011447097281289675,2451811199245.38,0.0031796116601645608,2665618349464.055,-0.009064984471878978,3042484877990.2734,-0.006561478381701624,MIXED
2026-06-02 00:00:00+00:00,2412552069614.0,2418056643167.0,2254801966728.0,2276879942498.0,233219601170.02075,2553247248427.76,-0.000959873720106863,2451669443992.16,0.0025368350430976516,2661159444584.45,-0.008804613031381026,3037707844718.8433,-0.006837199310162023,MIXED
2026-06-03 00:00:00+00:00,2278062742972.0,2311793327781.0,2200185488612.0,2215249006999.0,230459321003.33643,2547930552443.62,-0.0033045740184014516,2451783447261.65,0.0018451166576414213,2656217316304.14,-0.008652248730815382,3032315289076.723,-0.007373634929667361,MIXED
2026-06-04 00:00:00+00:00,2212917778627.0,2232042390018.0,2117174613037.0,2184637193548.0,270915727597.7391,2541527538703.76,-0.005974215632850499,2451727576112.47,0.0010385456995922748,2651345464295.035,-0.00871771131305854,3026808428615.11,-0.007891463004975008,MIXED
2026-06-05 00:00:00+00:00,2184558269730.0,2190508808154.0,2021655166589.0,2079094224630.0,315135580033.6811,2532478049992.36,-0.009613550586586528,2449275750672.8,-0.0006046331327135279,2646273699789.13,-0.008912990129107068,3020832612559.7534,-0.008483785212982098,MIXED
2026-06-06 00:00:00+00:00,2078510308478.0,2101264868419.0,2023275389316.0,2074005698497.0,154837999249.68872,2522337268929.94,-0.01379514670074422,2446970802350.76,-0.0019742127355115713,2640951338306.52,-0.009253767015257375,3014657806600.5864,-0.009146165882694013,MIXED
2026-06-07 00:00:00+00:00,2075492145010.0,2183736248445.0,2069066406214.0,2157652331776.0,152626742395.23438,2514902526545.44,-0.0150180214258262,2446057324042.05,-0.0022891013973612706,2636336217110.455,-0.00932797451295575,3008880398296.317,-0.009489867984718736,MIXED
2026-06-08 00:00:00+00:00,2156727323045.0,2188626719286.0,2121624739766.0,2152540990441.0,160355450546.9164,2508555487916.5,-0.015453743230700367,2444775059772.43,-0.0028584855228740436,2632441479392.605,-0.008951013445171241,3002701986223.1436,-0.009765904937476422,MIXED
2026-06-09 00:00:00+00:00,2152905178984.0,2167665558344.0,2080804452059.0,2110429471822.0,165141868054.13916,2500255686212.28,-0.01623899480252322,2443398244574.68,-0.003397331587303487,2628637870851.285,-0.008564554770227883,2996024692952.6436,-0.010170361418132767,MIXED
2026-06-10 00:00:00+00:00,2108999021540.0,2140096467513.0,2071229515079.0,2093328000526.0,133284788341.0335,2491316641662.4,-0.01625341168508221,2441023080398.3,-0.003369432891430435,2624791923009.635,-0.008117745636517792,2989829880076.4766,-0.010262975960460885,MIXED
2026-06-11 00:00:00+00:00,2094332033524.0,2171264493296.0,2091502835969.0,2157849650298.0,139813670604.66138,2482754759752.74,-0.015692790042305504,2439487486045.6,-0.0030581959939900427,2620968148083.215,-0.007566663547886154,2983976838826.63,-0.010177263803135661,MIXED
2026-06-12 00:00:00+00:00,2157875692407.0,2186252426076.0,2130657245996.0,2153081277232.0,131152629082.4519,2474133438127.68,-0.016211001415534665,2436679325440.65,-0.0038339242949151364,2616745787536.29,-0.007430929881787618,2978082975879.76,-0.010235509006604304,MIXED
2026-06-13 00:00:00+00:00,2153013192694.0,2193278554896.0,2146676365066.0,2179186469338.0,85641787974.60211,2466414960491.48,-0.016798722463189475,2434634246886.45,-0.004147953344600941,2612744672061.065,-0.0074823343598448,2972224845625.03,-0.01014990523133752,MIXED
2026-06-14 00:00:00+00:00,2180103379641.0,2225115881299.0,2152526170549.0,2220480895836.0,98051156875.84566,2459499232626.26,-0.016300914266797806,2433783258920.5,-0.003935087403590165,2608529580422.04,-0.007649699736971827,2966712070054.817,-0.009783838887168383,MIXED
2026-06-15 00:00:00+00:00,2219728646351.0,2288221442089.0,2203535884258.0,2246672348355.0,167795729577.74878,2452468791234.54,-0.015593301059450004,2433422659707.46,-0.0031136209861644115,2604385854208.26,-0.007774356749001621,2961729274325.07,-0.009398730656437149,MIXED
2026-06-16 00:00:00+00:00,2246730857589.0,2275550782733.0,2212070739669.0,2230715444288.0,137062409103.77414,2445924748080.08,-0.014834333325909332,2433236887049.89,-0.0025622590939551326,2600231240817.465,-0.007911926469200137,2956387101735.88,-0.009245962211154035,MIXED
2026-06-17 00:00:00+00:00,2232083699172.0,2257041475626.0,2175263453786.0,2196481822165.0,149834595774.28836,2439247698840.56,-0.014100185038330104,2432032870558.22,-0.0019068799221618749,2595956899888.195,-0.007944557605524372,2951167495365.4,-0.009037854462872641,MIXED
2026-06-18 00:00:00+00:00,2195326045975.0,2208340907366.0,2123064881474.0,2148893056486.0,140294252708.24332,2432004317712.78,-0.013951684258290076,2429947497249.03,-0.0019250323301802652,2591517554342.06,-0.008124451633561236,2945039463797.777,-0.009146475532383902,MIXED
2026-06-19 00:00:00+00:00,2149010889785.0,2168570260807.0,2121813451802.0,2159680532142.0,102153157623.9247,2424752932729.48,-0.014127387980388817,2427860514313.22,-0.0024335546666167662,2587816067495.085,-0.007940685466025554,2939089342828.81,-0.009310889150593082,FULL_BEAR_ALIGNMENT
2026-06-20 00:00:00+00:00,2161028869127.0,2190125439766.0,2148682457534.0,2184078835349.0,86808008957.63896,2417103642145.56,-0.014420223904736296,2425914619455.45,-0.0030853827312155024,2583446280185.82,-0.008040119703693338,2933372910606.73,-0.009574259188426915,FULL_BEAR_ALIGNMENT
2026-06-21 00:00:00+00:00,2182820091456.0,2192579671911.0,2149609952467.0,2152239183824.0,82208544230.60692,2408508769086.78,-0.01529727315718521,2423496371098.8,-0.0040031104258410055,2578471506543.53,-0.00836838429304243,2928114372049.88,-0.009563270543765823,FULL_BEAR_ALIGNMENT
2026-06-22 00:00:00+00:00,2153095429571.0,2222388659713.0,2150197966096.0,2172209095290.0,127601997567.70483,2400302878427.08,-0.01596591458587482,2421195745597.59,-0.0044559944447390976,2573848684605.865,-0.008516403058649313,2922607364516.317,-0.009677570281569792,FULL_BEAR_ALIGNMENT
2026-06-23 00:00:00+00:00,2170514372562.0,2179986557925.0,2101242957149.0,2127643727025.0,128556245611.86147,2390540370111.94,-0.017049290290666597,2417945444626.81,-0.004939223022640382,2569445536917.69,-0.008517024083973035,2917030702870.69,-0.00951048747271055,FULL_BEAR_ALIGNMENT
2026-06-24 00:00:00+00:00,2128522514924.0,2144859807634.0,2020445238619.0,2081839522614.0,169320176041.80573,2379187837795.66,-0.01879164442643999,2413439409189.45,-0.005939840875845981,2564801750455.88,-0.00889333570816031,2911148392849.7666,-0.009506669148121594,FULL_BEAR_ALIGNMENT
2026-06-25 00:00:00+00:00,2080893147695.0,2109519737689.0,1989070195804.0,2040251288534.0,170163515116.44705,2366566550921.4,-0.020908119264302805,2408798454384.14,-0.007055551310025998,2559822245667.82,-0.009144387750265381,2905570553158.4966,-0.009477948523934132,FULL_BEAR_ALIGNMENT
2026-06-26 00:00:00+00:00,2041590968164.0,2074316962790.0,1994918939004.0,2054308732540.0,171772911232.2248,2355052240138.34,-0.022194865816788645,2405109646821.37,-0.007586858596818624,2554811533269.37,-0.009175968481372143,2899993000591.38,-0.009603918387522947,FULL_BEAR_ALIGNMENT
2026-06-27 00:00:00+00:00,2053183815506.0,2080357328073.0,2039388742847.0,2047160686147.0,76102186528.00267,2343089778965.46,-0.02383578338210046,2401793870784.73,-0.008013344170184511,2549392683589.81,-0.009501724465127315,2894447609030.0967,-0.00963514833641721,FULL_BEAR_ALIGNMENT
2026-06-28 00:00:00+00:00,2047211679270.0,2063817923012.0,2014932024432.0,2036162201437.0,77953560853.91628,2330662884681.26,-0.025047677997538376,2398201591674.05,-0.008165549390965476,2544032183006.59,-0.009890598397966466,2888867479998.4634,-0.009654757094092581,FULL_BEAR_ALIGNMENT
2026-06-29 00:00:00+00:00,2037378081802.0,2082046728140.0,2015960588292.0,2063032700483.0,144208644727.74173,2317795941561.64,-0.02580371976468243,2395372306230.85,-0.0074860395872411445,2538814635215.205,-0.010132212065145252,2883135834774.8633,-0.009622511220557017,FULL_BEAR_ALIGNMENT
2026-06-30 00:00:00+00:00,2060432734986.0,2062965738988.0,1997997637911.0,2015421177881.0,136501048513.9251,2304248132476.34,-0.02633284004660552,2392357195407.22,-0.006825502128248173,2533721734255.135,-0.010196220248049226,2877147132008.04,-0.009782388907940587,FULL_BEAR_ALIGNMENT
2026-07-01 00:00:00+00:00,2015215379137.0,2092776499488.0,1989567150943.0,2053856261912.0,153395590304.57092,2292339779693.32,-0.026628904181478452,2388893961676.14,-0.00674218124178283,2528774271985.155,-0.010191460679252362,2871481428736.0864,-0.009831600231269277,FULL_BEAR_ALIGNMENT
2026-07-02 00:00:00+00:00,2054697388003.0,2131206617216.0,2041267511519.0,2107832984494.0,162076308425.8204,2282137415421.2,-0.026013669681565488,2386004947798.29,-0.006573804346199474,2524411792741.785,-0.009798761488892804,2865968943472.573,-0.009839067554263448,FULL_BEAR_ALIGNMENT
2026-07-03 00:00:00+00:00,2107791930683.0,2159912880137.0,2097301602075.0,2147081092277.0,118058949649.50723,2271729713578.42,-0.0252860126147757,2383291760412.14,-0.006217088385593983,2520541346898.715,-0.009233702413352751,2860644123588.3433,-0.009769695773699905,FULL_BEAR_ALIGNMENT
2026-07-04 00:00:00+00:00,2146784498531.0,2180824412599.0,2135571158645.0,2163215439456.0,92394447255.15105,2262865950211.24,-0.02369923528013007,2381537974180.99,-0.005775441259746494,2516594424094.91,-0.008752199082234902,2855229255396.7734,-0.00967924543876686,FULL_BEAR_ALIGNMENT
2026-07-05 00:00:00+00:00,2162111100151.0,2189740737071.0,2136087156452.0,2175839141404.0,93294916161.99033,2254952200405.08,-0.02139349984772787,2380605066790.2,-0.004912363688658772,2513063467104.975,-0.008153329101166173,2849726362400.77,-0.00953054131372566,FULL_BEAR_ALIGNMENT
2026-07-06 00:00:00+00:00,2176268480276.0,2207425493972.0,2108860884870.0,2183219365279.0,159533593303.51654,2247631461945.68,-0.019503355542528245,2379716288086.5,-0.0038418086934259854,2509718777808.365,-0.007535466644015831,2844271045154.1465,-0.009476078552915101,FULL_BEAR_ALIGNMENT
2026-07-07 00:00:00+00:00,2185006114713.0,2197575280346.0,2141971961011.0,2160650908881.0,130159390125.53761,2240022647110.08,-0.01845408958572603,2378724139078.49,-0.00305146421700353,2505759828487.72,-0.007388637744322524,2838505956008.14,-0.009582444194652484,FULL_BEAR_ALIGNMENT
2026-07-08 00:00:00+00:00,2160622620591.0,2173314413550.0,2103003339232.0,2128671561307.0,123544517178.80959,2231978215837.08,-0.017498339482791447,2377186089249.03,-0.002561864755515453,2501604932638.44,-0.007512836194325634,2832440873008.777,-0.00985905598917658,FULL_BEAR_ALIGNMENT
2026-07-09 00:00:00+00:00,2128570165114.0,2161673303797.0,2109120162755.0,2148715316283.0,110575431080.94742,2223839167850.7,-0.017246616997748765,2375433539497.09,-0.002563232142456018,2497507441014.78,-0.007584449404077098,2826219876992.1436,-0.010160087267878093,FULL_BEAR_ALIGNMENT
2026-07-10 00:00:00+00:00,2147894371318.0,2196382066453.0,2139008913578.0,2178074229493.0,118168743681.35165,2216165119566.02,-0.017200843916821085,2373961304585.32,-0.002790787223618807,2493564143606.88,-0.007759184657822549,2820090497824.16,-0.0103995474680042,FULL_BEAR_ALIGNMENT
2026-07-11 00:00:00+00:00,2176897685433.0,2194855511191.0,2164534542838.0,2166906868957.0,73918417871.415,2209501350936.26,-0.016964574333023785,2372819486899.28,-0.0028981611050642453,2489754259202.57,-0.007954882747153724,2814059282623.5864,-0.010621970287266636,FULL_BEAR_ALIGNMENT
2026-07-12 00:00:00+00:00,2168159187079.0,2189125891389.0,2158837345596.0,2169948199614.0,82606254398.35228,2202165791035.82,-0.016900211309515356,2371664831806.73,-0.002967686397841396,2485959867225.995,-0.007901779347175064,2808112250698.513,-0.010707641900589926,FULL_BEAR_ALIGNMENT
2026-07-13 00:00:00+00:00,2169603135428.0,2192116023917.0,2110526875526.0,2128900424193.0,132590936592.0904,2193935925754.54,-0.017044203125554547,2369989976201.83,-0.0030271559638281875,2482079907468.06,-0.007804999468795759,2801896825074.7866,-0.010783648910398846,FULL_BEAR_ALIGNMENT
2026-07-14 00:00:00+00:00,2129154087927.0,2213473711318.0,2123240079492.0,2207809688109.0,131076879479.7826,2187088619953.72,-0.016525722016353828,2368677724751.09,-0.0028440344188414013,2478525676279.25,-0.007600283556239207,2795847141112.237,-0.01074677031577298,MIXED
2026-07-15 00:00:00+00:00,2205909780728.0,2231533110094.0,2186461264887.0,2203984856965.0,121874195809.39014,2180946759495.14,-0.015891577644619126,2367406446666.93,-0.0027611477515361305,2474827053417.31,-0.007514180149569838,2789725423754.0,-0.010767411220876877,MIXED
2026-07-16 00:00:00+00:00,2203941188174.0,2214235909449.0,2165623164933.0,2170552835408.0,115914066963.98576,2174966856294.16,-0.01562999480741034,2364831241780.13,-0.0033665625064419613,2470942487852.995,-0.007555673930486506,2783720085453.823,-0.010781292831001599,FULL_BEAR_ALIGNMENT
2026-07-17 00:00:00+00:00,2171677632726.0,2187540381024.0,2128844563370.0,2169911853096.0,110332825661.40244,2169452099772.96,-0.014855235421431412,2362576248924.65,-0.0038321531610165938,2467171245003.25,-0.007557894425588962,2777672499903.82,-0.01083993376230652,MIXED
2026-07-18 00:00:00+00:00,2170313156451.0,2196304244190.0,2164961459176.0,2192355376605.0,63727026183.02767,2164348777305.06,-0.013485876274761499,2360363535519.68,-0.004061806496573173,2463342353237.3,-0.007549134165416249,2771772223299.19,-0.010751502876910068,MIXED
2026-07-19 00:00:00+00:00,2192398188230.0,2200805821129.0,2176924603331.0,2192155222224.0,69657936184.85303,2158825514518.48,-0.01292270700756426,2357813971128.07,-0.004586421153667808,2459629902634.985,-0.007623795801313338,2766284771035.2866,-0.010573671801381024,MIXED
2026-07-20 00:00:00+00:00,2192285820965.0,2226232317302.0,2163130895237.0,2209659932087.0,127949811507.11272,2153695201613.14,-0.012495288004329086,2355377840942.78,-0.00508092125079973,2455809947164.53,-0.007684216247159981,2760923639226.777,-0.010324236314434798,MIXED
2026-07-21 00:00:00+00:00,2208478140789.0,2259223251787.0,2200490799329.0,2239580129319.0,126228735124.31593,2150202543907.28,-0.011386064258962936,2353911278055.16,-0.0046176503134953695,2451829606118.915,-0.007735057302239112,2755555273785.817,-0.010117688130778624,MIXED
2026-07-22 00:00:00+00:00,2239736129401.0,2250965730613.0,2210262980158.0,2229122798297.0,117696666678.09102,2149247401023.26,-0.009313272577815557,2351247324725.51,-0.004795157068177791,2447689642795.33,-0.007896331577054494,2750726646799.5034,-0.009700874781043978,MIXED
2026-07-23 00:00:00+00:00,2229675212616.0,2238235224383.0,2182734503243.0,2195868190416.0,109461752168.13354,2148859784691.6,-0.0071564217264216134,2348395168567.61,-0.005070560857243223,2443221293791.94,-0.008168194493516912,2745597581151.44,-0.009443287557227453,MIXED
2026-07-24 00:00:00+00:00,2195572312968.0,2218128931370.0,2155468045084.0,2170298497126.0,112801638319.59927,2148573010763.16,-0.004749111813979523,2345050274733.46,-0.005413360235754006,2438212695923.645,-0.00870749159798212,2740383942248.83,-0.009363037767352922,MIXED
2026-07-25 00:00:00+00:00,2169199016077.0,2183185775632.0,2157884545463.0,2178064474582.0,67994916207.72838,2150552415762.2,-0.0014592528453357678,2341515232877.28,-0.005885513493644523,2433201070184.935,-0.009206281213128387,2734911110565.36,-0.009421676243353883,MIXED
2026-07-26 00:00:00+00:00,2178097259705.0,2222146013186.0,2174622144513.0,2214746580622.0,71845730653.50307,2153367233404.7,0.0014718099494335224,2337852251167.32,-0.006822273650478716,2428803693333.705,-0.009391318518931824,2729373985078.4966,-0.009501275099210837,MIXED
2026-07-27 00:00:00+00:00,2215820565886.0,2227659391284.0,2155858551821.0,2161688992614.0,122903174585.08565,2153447966621.46,0.0019544355834513194,2334175246583.45,-0.007260860209188147,2424247004736.57,-0.009577455265933232,2723740292241.11,-0.009810627526291027,MIXED
2026-07-28 00:00:00+00:00,2161442960643.0,2177428624302.0,2131142309083.0,2169414925176.0,114153083251.83685,2153785445316.16,0.002292220581189275,2331170466616.33,-0.007334669301753749,2419804778571.73,-0.009584279279044372,2717634320776.947,-0.010184762896959576,MIXED
2026-07-29 00:00:00+00:00,2167766455246.0,2189666545155.0,2141750206922.0,2166176005893.0,123027994109.75174,2154900375997.58,0.0029449151612366276,2327578031104.93,-0.007450690425183204,2415363977451.785,-0.009371093223351612,2711216294253.3,-0.01064363556720982,MIXED
2026-07-30 00:00:00+00:00,2166949505241.0,2203681882883.0,2154127252958.0,2189930253464.0,105496222944.33882,2156832421056.34,0.002920182390399706,2324074531359.37,-0.00744846810006794,2410958533016.395,-0.009141265570317025,2704707286232.6533,-0.011043804756953435,MIXED
2026-07-31 00:00:00+00:00,2189872469417.0,2208775698046.0,2127266165334.0,2140154256350.0,121005797042.64664,2156478513177.38,0.0014448440212218028,2319616636465.06,-0.0078001570429245826,2406306688647.415,-0.009262586658624228,2698096487128.21,-0.01145958674819969,FULL_BEAR_ALIGNMENT
2026-08-01 00:00:00+00:00,2140095130710.0,2151771117472.0,2116167177633.0,2134177626275.0,62056744001.60754,2156100440158.24,0.001231733284432046,2315116939142.96,-0.008164899987002316,2400915157686.07,-0.009624368723530896,2691375926240.03,-0.011882324498144636,FULL_BEAR_ALIGNMENT
2026-08-02 00:00:00+00:00,2134173056904.0,2170990633514.0,2131834761656.0,2161119092785.0,70318145030.3807,2155739092627.18,0.0009070761042000441,2311077026559.33,-0.00861946406097247,2395483517874.715,-0.010050918533754838,2684516168555.8267,-0.012186390187938101,MIXED
2026-08-03 00:00:00+00:00,2161391963127.0,2175344690740.0,2121413117628.0,2156558255006.0,103038271190.78456,2154460639810.58,-0.0002040633487737642,2306979936218.42,-0.008849582961879099,2390266306241.62,-0.010390844379753905,2678035364517.3267,-0.012238392711899637,MIXED
2026-08-04 00:00:00+00:00,2156702070327.0,2184625613809.0,2147653522794.0,2169809094778.0,97992502298.359,2152923374739.04,-0.0018124015009870487,2302696082986.79,-0.009198693107348666,2385131037799.14,-0.010712542278751513,2671376973886.05,-0.012323075593525301,MIXED
2026-08-05 00:00:00+00:00,2169603681683.0,2201148622063.0,2159503957353.0,2185979740084.0,105136396088.75694,2152028660654.96,-0.00206348103875309,2298976704367.52,-0.008897992785995013,2380107731886.585,-0.010887621633781208,2665038811703.0166,-0.012252221365285254,MIXED
2026-08-06 00:00:00+00:00,2185356104034.0,2196440096429.0,2164838444717.0,2173110304890.0,88805309625.76215,2151561230309.46,-0.002105286824414798,2295404464575.01,-0.008514677697122108,2375274773031.86,-0.010679421374856668,2659934715314.1934,-0.011682207089427687,MIXED
2026-08-07 00:00:00+00:00,2174588178344.0,2204844540556.0,2164878685289.0,2187275421690.0,99376337832.84578,2152328877613.54,-0.0015819238168955918,2292166597663.16,-0.00818251779531698,2370712195502.86,-0.01034084442118488,2655049802928.8066,-0.010976415777324888,MIXED
2026-08-08 00:00:00+00:00,2187130284556.0,2204674035334.0,2183686843750.0,2194312077312.0,57767831454.52482,2153021508516.94,-0.0006679775285969303,2288887220623.21,-0.007842597723180633,2366908553675.16,-0.009772029378260716,2649510222114.1733,-0.010651518191692966,MIXED
2026-08-09 00:00:00+00:00,2194373708658.0,2212960709217.0,2184820135279.0,2191338552559.0,61880146891.80309,2153166702861.14,0.00011302219343001241,2285135172503.35,-0.0076262389175830725,2362910454882.79,-0.009316294393977631,2643835492792.717,-0.010309844459454376,MIXED
2026-08-10 00:00:00+00:00,2190280548175.0,2208022778464.0,2158280694832.0,2165197142277.0,99995981871.16956,2153425862030.2,0.0006492484978404267,2280967315558.49,-0.007833654327517148,2358798233219.27,-0.008953165599115187,2638374502498.58,-0.010005223596498913,MIXED
2026-08-11 00:00:00+00:00,2165322385991.0,2185586498389.0,2141335576530.0,2161438087211.0,94411872230.74326,2153210441868.62,0.0007665185335781199,2276756660147.85,-0.008123973232147641,2354660236487.59,-0.008678800776365403,2633210691728.89,-0.010046871989543016,MIXED
2026-08-12 00:00:00+00:00,2162445750422.0,2189351744867.0,2148889505699.0,2156692502495.0,95562905011.88332,2153791417378.02,0.0006795150033491737,2272165893744.98,-0.008725676370369695,2350546161407.2,-0.008506318959304204,2628316063872.94,-0.01006901604119681,MIXED
2026-08-13 00:00:00+00:00,2156710898207.0,2175453899065.0,2138603150483.0,2159079391643.0,83467145150.83899,2155336214758.6,0.0010750966641548398,2267262026277.13,-0.009447907328606675,2346900241505.88,-0.00845335242809142,2623651125961.0933,-0.00975995334429991,MIXED
2026-08-14 00:00:00+00:00,2159218258842.0,2165481649875.0,2130096883420.0,2147309106421.0,84925010072.84279,2157477371116.34,0.0020020132437827964,2262021961018.87,-0.01011459267819137,2342868288751.36,-0.008481982924919751,2618820244842.6,-0.009461726351094879,FULL_BEAR_ALIGNMENT
2026-08-15 00:00:00+00:00,2147368989321.0,2155200404429.0,2140963826598.0,2147928037043.0,49350212654.64938,2159349757206.4,0.002750916704703732,2257200998672.37,-0.010419402647293463,2338644048594.775,-0.00854425967454997,2613855006051.99,-0.009293410174851746,FULL_BEAR_ALIGNMENT
2026-08-16 00:00:00+00:00,2147909734112.0,2158411468266.0,2134429709128.0,2141660481957.0,47857123222.51118,2161239753122.6,0.003728995131108359,2252164766044.03,-0.010801283481135515,2334401154998.645,-0.008603823674860567,2608672827390.23,-0.009318610324549947,FULL_BEAR_ALIGNMENT
2026-08-17 00:00:00+00:00,2140791640195.0,2187030233940.0,2134982266792.0,2181619024310.0,91216695988.953,2164148889580.06,0.004808948591061402,2247405887130.66,-0.010897094566237997,2331073619752.11,-0.008284262600242953,2603886161351.0,-0.009294887649829109,MIXED
2026-08-18 00:00:00+00:00,2181635594690.0,2196697506985.0,2163123246077.0,2185826636567.0,84209832456.88863,2166604768301.74,0.005228211480871936,2242200354931.69,-0.011053716356989152,2327938362677.68,-0.008079541896520048,2599224331717.4434,-0.009310229550699822,MIXED
2026-08-19 00:00:00+00:00,2187545377763.0,2377726636192.0,2159422814524.0,2347173538282.0,207369000496.79123,2173239815509.76,0.007305960472375084,2238743973993.05,-0.010290787369427346,2326504019181.87,-0.006984715977444544,2594840613626.12,-0.009156654132220221,MIXED
2026-08-20 00:00:00+00:00,2346440028308.0,2472840992258.0,2328640411590.0,2451831769635.0,239828124482.10565,2181199325664.22,0.010118587035241378,2236769552678.77,-0.009051673291664009,2325949075094.6,-0.005428347895782948,2590673328933.7866,-0.008868769332855075,MIXED
2026-08-21 00:00:00+00:00,2453962690336.0,2655686111868.0,2451156561850.0,2622482725521.0,326534402439.7835,2191492320484.76,0.013997784058177976,2236814867952.98,-0.006815619497507863,2325955645881.3,-0.0036178482431182823,2586998500983.183,-0.008308564485156378,MIXED
2026-08-22 00:00:00+00:00,2622637599001.0,2678354896419.0,2550548541953.0,2588259574109.0,265601256261.0003,2200315890121.4,0.016711881846705134,2236022801849.91,-0.0050649886368693275,2326213928472.1,-0.0020847438016678987,2582858489267.6064,-0.008075495924323994,MIXED
2026-08-23 00:00:00+00:00,2588261262116.0,2633263401563.0,2537814680790.0,2616453056243.0,168347966361.8381,2209380642457.14,0.01974327518393193,2236123296334.19,-0.002710310246866965,2327021485842.945,-0.00039385786558399083,2578880529013.3867,-0.00782687452399089,MIXED
2026-08-24 00:00:00+00:00,2616818632388.0,2679504324778.0,2575832527424.0,2641666701324.0,244287607922.8503,2218697193655.54,0.02091687158562272,2236824697030.31,-0.0008573007834015156,2329507933286.5,0.0012911708210527895,2575173838417.79,-0.007579184287873075,MIXED
2026-08-25 00:00:00+00:00,2641703661698.0,2708944767462.0,2592667891810.0,2615073115978.0,204399444107.14084,2227334268669.52,0.021151181582751866,2237482865307.6,0.00031890304836079686,2330716386687.58,0.002049619935374558,2571604623735.467,-0.00736052090603323,MIXED
2026-08-26 00:00:00+00:00,2616730710388.0,2652548026958.0,2587085409166.0,2642538135706.0,143412750478.15027,2236972013206.02,0.02075284147525558,2238497330158.05,0.0007521687329490323,2332183089646.585,0.0026773699560060926,2568390579722.31,-0.0071928612458805885,MIXED
2026-08-27 00:00:00+00:00,2642705589086.0,2702271404061.0,2622436427484.0,2677297150139.0,178730872757.7272,2247944524982.66,0.02164627137180397,2239961370409.87,0.0017614169930206813,2333730881546.765,0.0032314109130979762,2565148886309.7466,-0.006856590491289949,BULL_BUILDING
2026-08-28 00:00:00+00:00,2676395971091.0,2709009833358.0,2572603731551.0,2603758020123.0,185479444025.31567,2257045379059.46,0.021573800225437756,2240442273455.08,0.001931457504141365,2334926052538.95,0.0033968602112592894,2561603791291.257,-0.006699316826723867,BULL_BUILDING
2026-08-29 00:00:00+00:00,2605328610750.0,2623771068125.0,2589173038782.0,2618756805702.0,75886060029.33426,2265859030583.64,0.02125654508553998,2241012075074.83,0.001872018871250436,2336422966947.515,0.0029684525054436417,2558065797925.0635,-0.006643450720685284,BULL_BUILDING
2026-08-30 00:00:00+00:00,2617501988387.0,2661537975190.0,2569199394512.0,2591763143095.0,94971067435.99222,2274356156066.4,0.021111284488505744,2241928753501.33,0.0019870043532685955,2338050443836.785,0.0031466965226207844,2555041524302.22,-0.006440764369597063,BULL_BUILDING
2026-08-31 00:00:00+00:00,2591108811343.0,2644722212205.0,2577924384898.0,2621824471843.0,155809762597.1878,2283393681510.98,0.020752011214672628,2242779736273.4,0.001913071799396704,2339899939344.77,0.003308852436347376,2552679248743.38,-0.006117189146764734,BULL_BUILDING
2026-09-01 00:00:00+00:00,2622194906430.0,2643545001649.0,2553643514589.0,2585286738131.0,148962232019.12527,2292521407789.74,0.019830063558807787,2243228666772.14,0.0014586396021964987,2341170465429.5,0.0031878499537205673,2549893632888.1436,-0.005947122018148954,BULL_BUILDING
2026-09-02 00:00:00+00:00,2588776914300.0,2603107976690.0,2547388381208.0,2584093986043.0,133655621186.31206,2300047093748.42,0.0190522153820758,2243567856851.07,0.0013950742819941464,2342220084214.865,0.0031238812329767995,2547379223120.34,-0.005552993097244996,BULL_BUILDING
2026-09-03 00:00:00+00:00,2585131747418.0,2733177853717.0,2571228759437.0,2703289133293.0,190137300445.20465,2310033179274.98,0.019495541467979827,2245489969385.06,0.0019981571540976795,2344100304106.065,0.003285936351062446,2544936965497.6865,-0.0051323278853993015,BULL_BUILDING
2026-09-04 00:00:00+00:00,2703433546114.0,2720501004736.0,2626384426773.0,2659047586687.0,187142205909.94205,2319803074300.56,0.019982322519249918,2247384965297.36,0.002433713287056216,2345712533070.095,0.0032771274261886862,2542463779485.59,-0.0049227164008871505,BULL_BUILDING
2026-09-05 00:00:00+00:00,2660613985283.0,2698836556009.0,2652736740416.0,2681783657884.0,105033602161.10388,2330040510396.32,0.020428728196564272,2249746305084.64,0.0031062206861276476,2347606002995.025,0.00329333042010882,2539780803364.317,-0.005052904858850793,BULL_BUILDING
2026-09-06 00:00:00+00:00,2680414974444.0,2715687384236.0,2660186059876.0,2703613442476.0,121823508956.7688,2340265671713.74,0.02082609294803972,2252307224509.4,0.004047094204766566,2349787588453.185,0.003680690129543418,2537035843420.6064,-0.005042480714371522,BULL_BUILDING
2026-09-07 00:00:00+00:00,2703621536658.0,2714443418670.0,2647452090979.0,2666973279743.0,136720237810.52695,2349762032864.12,0.021614748346165058,2254293773691.3,0.0047807410003120054,2351738880153.48,0.004064005770749501,2534539523863.0767,-0.005040356434066973,BULL_BUILDING
2026-09-08 00:00:00+00:00,2668715368260.0,2692278803361.0,2624389481257.0,2658094080396.0,161163547335.42477,2358730715830.3,0.021080881864477652,2256212958721.72,0.004775345017282273,2353485259307.74,0.004003649154959765,2532119003170.8965,-0.005036652184539858,BULL_BUILDING
2026-09-09 00:00:00+00:00,2658133124733.0,2699908282308.0,2622070764583.0,2642936100360.0,157272522540.93796,2366797835251.12,0.020258082020487622,2258500189579.2,0.004945847931473457,2355155694412.29,0.004025711253644371,2529912296169.1035,-0.004936740266571649,BULL_BUILDING
2026-09-10 00:00:00+00:00,2642736100227.0,2652661730027.0,2578463517754.0,2586338274354.0,153229558155.1947,2373942144772.26,0.018841575577787983,2261594772897.76,0.005266579518917736,2356632108444.96,0.00384481273195747,2527971220688.8867,-0.0046498432698548475,BULL_BUILDING
2026-09-11 00:00:00+00:00,2585586551010.0,2705284776133.0,2571459814934.0,2617049215397.0,204003466266.83804,2382365765271.88,0.01798945054272849,2265612774981.74,0.0059075202208431765,2358698111121.695,0.0037920545296501462,2526015802530.007,-0.004343667796092965,BULL_BUILDING
2026-09-12 00:00:00+00:00,2618385250087.0,2635914024848.0,2611001261228.0,2622386788093.0,74014007108.32861,2391407531091.22,0.017723283313220595,2269990270927.19,0.006962933322655518,2360858923519.83,0.0038779999953715283,2524227066505.7534,-0.004068769597092459,BULL_BUILDING
2026-09-13 00:00:00+00:00,2621299111816.0,2629003801244.0,2586191806549.0,2596569022896.0,81804792375.68895,2399777622057.5,0.017402116295734515,2275165018909.85,0.008399942972966201,2362220384791.325,0.0037115700848513455,2522570806162.703,-0.003770832648953837,BULL_BUILDING
2026-09-14 00:00:00+00:00,2596705979966.0,2695357477567.0,2583114102178.0,2641494426359.0,154765152192.6111,2408312578972.24,0.017540468857457414,2280839906188.47,0.0098913946132686,2363905354269.615,0.0037151088898641493,2520914194267.17,-0.0035566853110121643,BULL_BUILDING
2026-09-15 00:00:00+00:00,2641080680819.0,2648553833540.0,2529701860662.0,2553338682598.0,188535321955.04276,2416145572771.92,0.01777778287166676,2284796769696.69,0.010259130891606016,2365427046869.37,0.0037319946515594893,2519156401305.8667,-0.0034869144517467587,BULL_BUILDING
2026-09-16 00:00:00+00:00,2554634580594.0,2591116601293.0,2530862548663.0,2578492998976.0,158772571579.51712,2424327134247.92,0.017613319326409638,2289056289782.04,0.010347538228587583,2366915674777.235,0.0034839404062745327,2517979749522.4165,-0.003181315413601782,BULL_BUILDING
2026-09-17 00:00:00+00:00,2578937844908.0,2623429666589.0,2570808389755.0,2599678489060.0,132682575672.45914,2432997183911.26,0.017391286210870938,2293948779954.42,0.010554454498804544,2368673512264.55,0.0033100617181600622,2517074840552.33,-0.0028334320823697468,BULL_BUILDING
2026-09-18 00:00:00+00:00,2598801843775.0,2762195786707.0,2591739549007.0,2740482746537.0,216491744724.70465,2444008233772.72,0.018431129329932627,2300420327414.53,0.011100429329201189,2370721703906.415,0.003598867899804681,2516668057811.2666,-0.00233997330699931,BULL_BUILDING
2026-09-19 00:00:00+00:00,2742010210806.0,2787791487366.0,2732814486427.0,2754458321369.0,130089966839.51279,2456294315073.1,0.019923383916109483,2306386414125.24,0.011200482711415383,2372936950085.42,0.0038206249668550907,2516107570097.223,-0.0019066988399991658,BULL_BUILDING
2026-09-20 00:00:00+00:00,2754667852536.0,2772461285711.0,2707607720112.0,2759832792520.0,128322568081.71078,2468807418398.0,0.02179580825739058,2312453929278.12,0.012104866370719503,2374566627359.385,0.0038638183756758426,2515315168116.9,-0.0015248093317967726,BULL_BUILDING
2026-09-21 00:00:00+00:00,2760349475506.0,2943186783403.0,2748400694136.0,2912411308229.0,277941051491.9105,2483833262706.88,0.024545420301711918,2319786177667.03,0.013424697340193248,2377210212276.74,0.004349346962043477,2515091840596.3867,-0.001146915072123833,BULL_BUILDING
2026-09-22 00:00:00+00:00,2913122199536.0,2933192369981.0,2860348416093.0,2909626020031.0,211551631761.6528,2498894618007.38,0.02708487890240141,2326677628908.98,0.01426747154973973,2380230443914.74,0.004879073283148072,2514578929917.6865,-0.0009915917454785816,BULL_BUILDING
2026-09-23 00:00:00+00:00,2909559488533.0,2950187461021.0,2809510304035.0,2841860878966.0,236583851168.43216,2512335653691.14,0.02795711527245781,2332629514215.09,0.014001435484079616,2383026086961.275,0.005190142324417613,2513800407543.87,-0.0011394630525451976,BULL_BUILDING
2026-09-24 00:00:00+00:00,2840675715786.0,2873884904869.0,2792216059680.0,2852729268750.0,186128801644.3496,2525670644264.46,0.028244306378771622,2338849652459.71,0.014075368349228734,2386043269754.8,0.0055232481709672765,2513104044698.2134,-0.0011937189946508164,BULL_BUILDING
2026-09-25 00:00:00+00:00,2853247778904.0,2900098689931.0,2818567171744.0,2860057114639.0,187873141494.1815,2539409580459.44,0.028597678998896425,2345485405384.45,0.014284166135427157,2388759137971.335,0.005976884560082052,2512466401720.28,-0.0011325683686600474,BULL_BUILDING
2026-09-26 00:00:00+00:00,2860445055689.0,2879309705933.0,2838300206681.0,2868018865825.0,91429669659.01288,2553024449342.14,0.027856614883986053,2352676663477.84,0.014178240273802878,2391312080363.435,0.0059321081551255705,2511903924053.987,-0.001267514963447236,BULL_BUILDING
